order_id,customer_name,city,region,category,product,sales,discount_percent,profit,quantity,payment_mode,order_date
1,George Harris,Trichy,East,Sports,Cricket Bat,42204.19,23.7,7579.02,8,UPI,2024-10-16
2,Christopher Shannon,Chennai,East,Groceries,Oil,36664.41,10.21,6428.3,2,Card,2024-09-05
3,Amanda Baker,Madurai,South,Furniture,Sofa,43582.84,26.96,6726.7,3,Net Banking,2024-04-14
4,Shannon Baker,Madurai,West,Electronics,Laptop,21081.72,14.6,1172.83,6,Net Banking,2025-09-06
5,Beverly Williams,Madurai,West,Electronics,Laptop,7115.72,26.85,885.38,9,UPI,2024-11-19
6,Kim Murphy,Coimbatore,East,Furniture,Sofa,3738.49,24.5,223.98,10,Net Banking,2024-10-07
7,Shawn Lopez,Chennai,East,Groceries,Oil,29252.89,22.52,1501.13,5,Net Banking,2025-01-05
8,Martin Nguyen,Coimbatore,South,Clothing,Jacket,14554.82,11.72,1241.02,6,Net Banking,2024-03-17
9,Kimberly Rogers,Salem,North,Groceries,Rice,13782.3,29.89,1167.07,3,Cash,2024-07-20
10,David Wright,Trichy,South,Electronics,Mobile,3121.9,5.71,396.13,3,Card,2025-12-12
11,Richard Bowers,Coimbatore,East,Sports,Cricket Bat,44258.38,0.65,8554.54,8,Card,2025-01-13
12,Sharon Ayers,Coimbatore,South,Furniture,Sofa,1953.24,4.33,313.08,7,Cash,2024-07-07
13,Cassandra Evans,Tirunelveli,South,Furniture,Sofa,768.56,21.26,119.39,8,Cash,2024-10-31
14,Brett House,Chennai,South,Furniture,Cupboard,46111.85,19.83,9909.95,10,Net Banking,2025-03-19
15,Jonathan Levy,Salem,East,Electronics,Headphones,2970.8,3.5,410.39,3,Card,2024-10-17
16,Kristen Payne,Chennai,South,Groceries,Milk,49614.68,19.1,8467.86,6,UPI,2025-05-14
17,Alisha Edwards,Chennai,North,Groceries,Rice,17123.27,1.98,4146.72,2,Card,2025-10-10
18,William Cox,Madurai,East,Sports,Football,28581.78,8.5,2509.76,2,Card,2025-09-27
19,Michael Jones,Trichy,East,Electronics,Headphones,29579.59,25.09,2192.77,5,Net Banking,2025-07-21
20,Brittany Nguyen MD,Coimbatore,West,Furniture,Table,29217.71,8.57,5309.55,1,Card,2025-08-05
21,Jacob Hoffman,Tirunelveli,West,Furniture,Table,25874.14,19.94,2616.89,7,Card,2024-11-17
22,Christine Griffith,Madurai,East,Electronics,Mobile,17602.61,26.18,4332.09,7,Card,2024-10-14
23,Tristan Wood,Coimbatore,West,Sports,Shoes,14261.16,10.97,2290.97,3,Cash,2024-10-12
24,James Mckenzie,Chennai,West,Electronics,Headphones,44059.3,21.35,8289.86,2,Net Banking,2025-10-08
25,Sierra Miranda,Salem,South,Electronics,Mobile,3944.62,29.67,216.69,10,Card,2025-09-07
26,Ashley Whitney,Salem,South,Clothing,T-Shirt,5422.88,5.41,1274.59,6,Net Banking,2024-06-16
27,David Copeland,Trichy,West,Electronics,Laptop,14818.87,29.16,3042.44,5,Net Banking,2025-03-25
28,Patricia Bryant,Madurai,East,Groceries,Rice,36602.65,28.5,6539.4,3,UPI,2025-02-12
29,Carlos Haynes,Trichy,South,Furniture,Table,20000.57,12,4523.63,10,UPI,2025-02-02
30,Shaun Mccall,Chennai,South,Furniture,Cupboard,10079.73,1.9,2343.41,5,Card,2025-02-16
31,Robert Brown,Trichy,East,Groceries,Oil,27063.28,16.92,2651.55,7,Net Banking,2024-10-17
32,Brandon Robinson,Madurai,East,Groceries,Milk,46831.78,4.26,8123.67,2,Card,2025-02-24
33,Jacob Simpson,Coimbatore,North,Sports,Shoes,7366.7,22.4,486.33,7,Net Banking,2024-05-02
34,Luis Hall,Coimbatore,East,Furniture,Chair,36592.53,27.11,2311.06,3,Net Banking,2025-09-06
35,Rebekah Hayes,Trichy,North,Clothing,Kurti,35416.46,15.12,4083.6,10,UPI,2024-12-02
36,Robert Myers,Madurai,North,Clothing,Jeans,32008.7,28.7,7810.24,2,Card,2024-10-21
37,Cindy Reynolds,Salem,West,Electronics,Smart Watch,9944.12,9.85,2009.37,6,UPI,2024-01-17
38,James Higgins,Tirunelveli,East,Electronics,Headphones,44538.86,2.55,7170.32,2,Card,2025-02-04
39,Jamie Ortega,Coimbatore,North,Groceries,Snacks,46818.89,29.18,8422.32,10,Net Banking,2024-05-19
40,Cynthia Webster,Tirunelveli,North,Clothing,Kurti,34706.91,27.69,7490.46,10,Cash,2024-06-16
41,Jonathan Lane,Madurai,South,Electronics,Headphones,9794.33,7.81,1936.43,7,Cash,2024-01-06
42,Amanda Gross,Trichy,South,Sports,Shoes,8719.95,0.13,1496.5,10,UPI,2024-02-09
43,Tammy Chan,Chennai,South,Clothing,T-Shirt,39446.39,24.54,4027.5,5,Card,2025-12-31
44,Donna Dean,Madurai,South,Sports,Shoes,3261.75,13.67,258.79,7,Card,2025-10-19
45,Joel Lewis,Coimbatore,West,Clothing,T-Shirt,10243.25,7.94,1660.98,4,Card,2025-05-10
46,Chad Young,Madurai,West,Electronics,Laptop,19231.36,21.92,3939.1,10,Cash,2025-07-15
47,Nicole Moody,Trichy,South,Clothing,Jeans,27658.81,13.51,6484.6,3,Card,2025-09-24
48,Sarah Carrillo,Chennai,North,Electronics,Smart Watch,34506.53,3.2,7656.7,6,Net Banking,2025-03-02
49,Frederick Hill,Trichy,South,Groceries,Milk,46469.55,29.74,5918.31,4,Card,2025-09-25
50,Sabrina Yang,Coimbatore,East,Groceries,Rice,40534.64,26.52,7791.72,9,Card,2025-04-13
51,Isaac Pacheco,Tirunelveli,South,Sports,Gym Bag,9843.99,22.01,1128.28,2,Cash,2024-06-30
52,Jamie Harris,Chennai,South,Furniture,Chair,44725.26,15.46,3042.35,10,Net Banking,2025-07-17
53,Michael Parsons,Trichy,West,Clothing,Jeans,18991.68,12.97,4629.63,10,Card,2025-05-30
54,Tyler Clark,Madurai,South,Sports,Cricket Bat,45844.38,25.37,8942.38,9,Net Banking,2024-04-04
55,Perry Patrick,Coimbatore,North,Clothing,Kurti,28058.35,15.85,6195.67,6,Card,2025-09-11
56,Patrick Horton,Chennai,South,Electronics,Mobile,22501.5,5.01,5345.59,8,UPI,2024-09-15
57,Jesse Gilbert,Salem,East,Groceries,Rice,24598.22,21.38,3585.71,9,Cash,2024-06-09
58,Rebecca Gilbert,Tirunelveli,North,Groceries,Milk,45375.25,24.65,4129.86,5,Net Banking,2025-07-10
59,Joseph Kelly,Trichy,North,Electronics,Smart Watch,11071.25,17.99,2648.34,2,Cash,2024-02-11
60,Joseph Martinez,Tirunelveli,North,Sports,Football,43531.84,29.42,4152.98,7,UPI,2025-04-28
61,Laura Young,Trichy,South,Furniture,Table,37824.22,18.74,4023.46,6,Net Banking,2025-04-10
62,Mark Parks,Coimbatore,East,Groceries,Milk,24848.82,13.64,2736.11,7,Cash,2024-12-15
63,Cristina Reyes,Salem,North,Clothing,Jacket,2246.37,27.34,263.38,8,Card,2025-10-07
64,Samantha Woods,Coimbatore,North,Electronics,Headphones,49650.88,2.07,10617.12,10,Net Banking,2024-07-31
65,Dylan Horn,Trichy,West,Electronics,Headphones,16784.83,11.48,991.94,5,Net Banking,2025-07-09
66,Jacqueline Henry,Tirunelveli,North,Sports,Gym Bag,47049.35,4.05,4755.14,1,Net Banking,2024-10-09
67,Alicia Marquez,Madurai,South,Furniture,Sofa,12525.04,1.8,1513.53,9,Net Banking,2025-05-07
68,Elizabeth Smith,Tirunelveli,North,Groceries,Snacks,34220.55,11.93,5256.93,7,Cash,2024-02-22
69,Gregory Hughes,Chennai,North,Sports,Gym Bag,831.96,17.7,130.96,9,Cash,2024-07-09
70,Brian Maldonado,Salem,South,Electronics,Mobile,4044.36,3.88,777.71,9,Cash,2025-04-06
71,Katherine Baldwin,Coimbatore,North,Clothing,Jeans,27492.43,20.54,4401.82,8,UPI,2024-09-30
72,Deborah Freeman,Tirunelveli,North,Electronics,Smart Watch,32985.62,21.09,7794.75,10,Net Banking,2025-02-17
73,Brittney Williams,Madurai,South,Sports,Cricket Bat,3533.36,5.07,629.5,7,Cash,2025-05-14
74,Jennifer Holmes,Madurai,West,Electronics,Laptop,30471.3,21.9,7190.11,3,Card,2024-08-12
75,Sean Johnson,Salem,North,Clothing,T-Shirt,4292.73,5.24,511.37,6,Card,2024-07-09
76,Adam Sanchez,Tirunelveli,East,Groceries,Milk,45019.84,2.07,6088.71,2,Cash,2025-11-02
77,Gerald Clark,Coimbatore,West,Clothing,Jacket,3398.13,2.2,204.45,1,Cash,2025-07-12
78,Joseph Franklin Jr.,Tirunelveli,North,Sports,Cricket Bat,24711.15,25.1,2079.67,5,Net Banking,2024-08-11
79,Faith Watts,Trichy,West,Groceries,Oil,46613.77,1.07,9186.32,1,Card,2024-06-13
80,Mary Williams,Coimbatore,East,Groceries,Milk,22562.06,5.23,1518.02,4,Cash,2025-05-12
81,Stacy Campbell,Tirunelveli,East,Groceries,Rice,47351.15,10.41,6216.15,9,UPI,2025-01-15
82,Bruce Ross,Madurai,North,Sports,Football,39577.49,16.49,7365,8,Card,2024-07-24
83,Lauren Mcclain,Salem,South,Clothing,Kurti,35428.68,25.84,7073.19,7,Card,2025-08-03
84,Catherine Chandler,Salem,North,Clothing,Jeans,23098.4,11.9,1881.33,7,Card,2025-05-30
85,Steven Bailey,Tirunelveli,South,Groceries,Oil,24934.24,26.42,1337.5,1,Net Banking,2025-10-14
86,Gabriel Harris,Chennai,East,Furniture,Table,42849.35,9.59,3129.39,5,Net Banking,2025-11-27
87,Sandra Anderson,Coimbatore,North,Furniture,Chair,13160.85,11.65,2171.94,4,Card,2025-03-11
88,Andrew Rodriguez,Trichy,West,Sports,Shoes,25230.58,8.2,4760.55,7,Card,2025-12-22
89,Luis Leblanc,Salem,East,Furniture,Cupboard,44804.06,10.77,9250.54,2,Card,2025-11-09
90,Daniel Lopez,Coimbatore,South,Electronics,Headphones,26894.41,28.44,2698.95,4,Cash,2025-10-04
91,Cindy Calderon,Salem,South,Electronics,Smart Watch,29860.41,21.05,4328.81,6,Net Banking,2025-02-14
92,Jose Johnson,Salem,East,Groceries,Snacks,44634.37,29.44,4361.9,3,UPI,2025-08-25
93,Derek Lewis,Chennai,West,Furniture,Sofa,5342.65,15.35,775.6,9,Card,2024-08-10
94,Alan Hopkins,Trichy,West,Furniture,Chair,15573.15,13.72,1793.92,6,UPI,2024-06-01
95,Casey Cannon,Trichy,North,Clothing,Jacket,4211.52,10.2,546.34,2,Card,2025-02-15
96,Susan Mitchell,Madurai,West,Groceries,Oil,40821.3,25.48,3026.65,4,Net Banking,2024-05-06
97,Nathan Mcdaniel,Chennai,West,Electronics,Headphones,4604.78,19.63,316.04,4,Net Banking,2025-12-23
98,Priscilla Robinson,Salem,West,Electronics,Laptop,25742.31,10.26,5890.76,3,UPI,2024-05-21
99,Christopher Thomas,Salem,East,Clothing,Kurti,1803.98,8.44,211.37,8,UPI,2024-08-04
100,Monica Hudson,Trichy,North,Sports,Cricket Bat,19969.58,8.77,3505.38,7,Net Banking,2024-08-17
101,David Sawyer,Coimbatore,North,Clothing,Jeans,15357.91,0.96,3726.32,3,UPI,2025-10-30
102,Ann Carter,Salem,North,Electronics,Laptop,1574.79,6.56,260.73,7,Cash,2024-11-28
103,Ryan Ramirez MD,Madurai,South,Clothing,T-Shirt,32153.64,7.12,5459.88,4,Net Banking,2024-03-14
104,Michael Jackson,Salem,North,Furniture,Table,46153.72,17.88,10214.37,8,UPI,2025-11-28
105,Susan Wright,Madurai,East,Groceries,Rice,21540.37,18.76,2408.31,9,Cash,2024-10-20
106,Kelly Jones,Salem,South,Clothing,Jeans,42854.84,21.07,9775.07,9,Card,2025-01-03
107,Laura Davis,Chennai,North,Electronics,Laptop,20395.67,6.98,4539.86,5,UPI,2025-07-30
108,Jesse Cordova,Coimbatore,West,Sports,Gym Bag,37810.07,7.32,6350.17,10,Cash,2024-12-17
109,Jennifer Ingram,Chennai,East,Furniture,Chair,22775.39,8.08,4523.35,1,UPI,2024-05-27
110,Michael Flores,Madurai,South,Furniture,Chair,40681.37,16.97,5189.28,9,Card,2025-08-18
111,Caitlin Nelson,Chennai,West,Furniture,Table,6113.56,26.9,1513.42,3,Net Banking,2024-09-04
112,Wendy Hall,Salem,North,Clothing,T-Shirt,42728.51,27.23,2670.85,8,Net Banking,2024-01-31
113,Elizabeth Dudley,Tirunelveli,North,Electronics,Headphones,42030.21,26.64,2149.93,3,Cash,2024-07-14
114,James Goodwin,Madurai,West,Clothing,T-Shirt,48801.5,28.13,4805.16,10,Cash,2024-08-22
115,Thomas Higgins,Trichy,West,Furniture,Chair,34686.92,18.63,3536.78,7,Cash,2024-03-03
116,Brad Moses,Salem,North,Sports,Shoes,44383.79,26.59,2717.81,7,Cash,2025-10-29
117,Catherine Young,Trichy,West,Sports,Football,22339.89,2.58,5227.67,1,Card,2025-03-03
118,Hannah Ward,Madurai,East,Clothing,T-Shirt,319.02,26.37,68.09,6,Cash,2024-08-08
119,James Holloway,Madurai,West,Electronics,Smart Watch,40066.25,27.76,8054.39,5,Net Banking,2025-05-08
120,Tara Wilkinson,Salem,West,Sports,Gym Bag,32134.82,28.32,8007.64,2,Cash,2025-12-22
121,John Parks,Chennai,East,Clothing,Kurti,45131.18,28.91,11186.79,5,Net Banking,2024-04-10
122,Paula Frazier,Tirunelveli,East,Furniture,Cupboard,41205.66,20.68,5672.95,1,Card,2025-01-12
123,Danielle Williams,Chennai,East,Furniture,Chair,36197.99,19.03,8215.5,5,Cash,2024-04-16
124,Maurice Dunn,Madurai,West,Clothing,T-Shirt,35524.72,5.96,4269.22,8,UPI,2025-12-15
125,James Byrd,Chennai,West,Clothing,Jeans,39044.67,18.24,8977.02,1,Net Banking,2024-08-19
126,Samuel Brown,Madurai,North,Sports,Gym Bag,8633.59,24.05,1681.81,7,Cash,2024-03-07
127,Alejandro Farley,Tirunelveli,North,Clothing,Jeans,10280.13,28.61,2206.93,9,Net Banking,2025-04-14
128,Megan Padilla,Madurai,East,Electronics,Smart Watch,26801.11,0.74,2417.31,7,Net Banking,2025-02-13
129,Kevin Gregory,Madurai,North,Electronics,Mobile,13047.35,2.82,2492.98,3,Net Banking,2025-12-14
130,Summer Fisher,Madurai,South,Electronics,Mobile,6383.39,9.36,434.06,7,Cash,2025-07-04
131,Susan Roberson,Tirunelveli,South,Groceries,Rice,36103.2,7.68,6267.16,4,Card,2025-10-03
132,Zachary Holmes,Salem,West,Electronics,Headphones,43814.06,18.86,4262,4,Cash,2025-01-07
133,Frank Murphy,Trichy,North,Furniture,Cupboard,30614.42,9.07,7039.18,8,Cash,2025-05-29
134,Dawn Wilson,Chennai,East,Furniture,Cupboard,47030.37,6.05,9998.36,7,Net Banking,2024-01-01
135,Katherine Chase,Madurai,South,Furniture,Chair,48775.34,14.06,5360.65,2,UPI,2025-07-20
136,Monica Garcia,Trichy,West,Clothing,Kurti,2461.59,27.82,487.33,8,UPI,2024-11-15
137,Deborah Pennington,Coimbatore,South,Groceries,Rice,6823.33,1.01,1059.46,3,Cash,2024-02-21
138,Raven Jones,Madurai,East,Groceries,Snacks,40542.53,11.19,7901.99,7,UPI,2024-07-12
139,Ryan Thompson,Trichy,East,Clothing,Kurti,26339.39,3.73,5523.25,4,Card,2025-01-10
140,Gregory Park,Tirunelveli,South,Sports,Shoes,14135.16,22.27,2765.65,3,UPI,2024-08-24
141,Sarah Fuller,Madurai,North,Electronics,Laptop,33405.03,8.1,5619.81,3,Card,2024-03-26
142,John Woods,Madurai,West,Sports,Football,8020.38,24.71,1961.41,6,Net Banking,2025-11-29
143,Lynn Nguyen,Tirunelveli,North,Clothing,T-Shirt,20647.94,20.14,4497.65,10,Cash,2024-12-13
144,Holly Kline DDS,Salem,South,Electronics,Laptop,20561.72,20.2,1707.82,5,Net Banking,2024-08-06
145,Katherine Nelson,Madurai,South,Sports,Gym Bag,30237.76,29.86,2483.53,7,Cash,2024-10-18
146,Jason Peck,Chennai,East,Electronics,Headphones,10206.3,10.83,1186.34,8,Cash,2025-07-31
147,Dylan Collins,Chennai,West,Electronics,Mobile,47171.15,23.16,9744.49,1,UPI,2025-12-15
148,Jeffrey Wilson,Salem,East,Furniture,Chair,32603.68,8.43,3019.39,2,UPI,2024-08-25
149,Tim Salas,Madurai,East,Sports,Shoes,31511.25,17.77,5937.98,7,Cash,2024-07-19
150,Jeffrey Hudson,Trichy,South,Electronics,Mobile,40412.46,2.61,8465.16,3,UPI,2025-09-04
151,Christopher Rodriguez,Madurai,South,Groceries,Milk,32086.04,6.23,7157.76,7,Cash,2024-03-05
152,Paul Clarke,Tirunelveli,South,Furniture,Sofa,42616.81,1.65,8647.12,6,Cash,2024-06-29
153,Tyrone Fritz,Tirunelveli,East,Electronics,Mobile,16703.75,2.69,1941.39,3,UPI,2025-01-29
154,Ms. Julie Henry,Tirunelveli,East,Furniture,Sofa,31702.56,6.15,5040.27,9,Cash,2024-01-04
155,Amanda Edwards,Madurai,North,Furniture,Chair,511.22,7.54,68.46,8,Cash,2025-10-05
156,Gary Carter,Salem,East,Clothing,Jeans,45810.13,15.7,8370.27,7,Net Banking,2025-07-21
157,William Perkins,Coimbatore,North,Furniture,Sofa,35957.86,24.25,8592.44,3,UPI,2025-05-28
158,Dawn English,Coimbatore,North,Sports,Football,28984,6.99,2679.42,7,Net Banking,2025-12-01
159,Jason Davis,Coimbatore,West,Groceries,Snacks,512.85,9.44,82.44,10,Card,2025-07-31
160,Stephanie Johnson,Trichy,West,Sports,Cricket Bat,24533.5,11.62,2240.64,6,Cash,2024-11-13
161,Wendy Mitchell,Madurai,South,Electronics,Headphones,3293.15,23.63,267.48,4,Cash,2025-06-12
162,Shawn Jones,Chennai,West,Furniture,Sofa,22726.51,13,5064.37,9,Cash,2024-06-07
163,John Thomas,Coimbatore,North,Groceries,Rice,46313.64,3.92,11138.02,9,UPI,2025-07-14
164,Cynthia Nguyen MD,Trichy,South,Electronics,Mobile,24926.94,10.72,1850.56,4,Cash,2024-02-17
165,Elizabeth Carter,Madurai,West,Sports,Football,1140.21,15.7,186.88,6,UPI,2024-08-16
166,Michelle Carter,Trichy,West,Sports,Cricket Bat,47934.28,0.23,4139.48,4,UPI,2024-04-28
167,Lisa Fitzgerald,Trichy,East,Clothing,Jeans,24276.57,17.06,4936.11,2,UPI,2025-11-01
168,Lydia Curry,Chennai,East,Electronics,Smart Watch,31915.74,28.88,3403.46,9,UPI,2025-07-28
169,Alyssa West,Chennai,South,Electronics,Smart Watch,10494.29,12.92,1178.89,5,Cash,2024-05-07
170,Michelle Williams,Salem,East,Electronics,Laptop,8105.85,0.1,1495.95,10,Cash,2024-10-29
171,Joseph Salazar,Chennai,South,Groceries,Oil,32330.87,28.45,7350.37,8,Net Banking,2025-04-16
172,Barbara Shepard,Salem,East,Groceries,Oil,3488.85,6.92,319.78,2,UPI,2024-02-07
173,Hannah Alvarez,Chennai,North,Furniture,Table,44912.55,1.79,4080.11,2,UPI,2025-03-18
174,William Wilson,Madurai,South,Sports,Shoes,2146.46,25.29,403.73,9,Card,2025-05-20
175,Chad Martinez,Madurai,West,Clothing,Kurti,10078.26,14.95,1141.84,4,UPI,2024-02-02
176,Jordan Thomas,Madurai,North,Furniture,Cupboard,8989.01,19.63,1824.69,10,Net Banking,2024-05-03
177,Keith Curry,Coimbatore,North,Clothing,Kurti,3914.12,26.94,583.17,7,Card,2025-08-24
178,James Williams,Coimbatore,South,Sports,Football,7103.02,14.21,742.43,9,UPI,2024-07-12
179,Leslie Hopkins,Madurai,West,Clothing,Jeans,35658.52,9.74,1857.61,6,Card,2024-03-14
180,Samantha Soto,Chennai,West,Sports,Shoes,16221.07,18.04,2266.99,7,Cash,2025-11-07
181,Brandon Jones,Madurai,West,Sports,Gym Bag,34221.57,13.79,7048.39,6,UPI,2024-03-13
182,Anthony Maxwell,Coimbatore,South,Electronics,Laptop,12178.86,19.45,2718.39,6,UPI,2025-04-25
183,Robert Buchanan,Chennai,East,Electronics,Headphones,9678.32,16.8,532.22,7,Card,2025-06-08
184,Michael Martin,Tirunelveli,North,Sports,Football,36090.98,22.53,4002.24,9,Card,2025-07-15
185,Michael Fuentes,Chennai,North,Clothing,Kurti,4675.02,20.57,956.83,3,Cash,2025-10-01
186,Michael Gomez,Coimbatore,North,Clothing,T-Shirt,2864.32,29.56,529.85,4,Cash,2024-02-14
187,Mr. Justin Peterson,Tirunelveli,South,Electronics,Headphones,21540.46,2.35,3839.33,1,UPI,2024-12-07
188,Abigail Benjamin,Trichy,North,Furniture,Chair,2585.82,25.4,264.15,9,Cash,2024-05-22
189,William Green,Tirunelveli,West,Clothing,T-Shirt,30802.65,27.12,7021,1,Net Banking,2024-09-29
190,Jason Hoover,Salem,North,Clothing,Jacket,38433.37,15.84,2595.62,7,Cash,2025-04-03
191,Peter Johnson,Salem,South,Furniture,Cupboard,40259.7,22.93,9678.52,1,Net Banking,2024-08-15
192,Seth Baker,Coimbatore,East,Furniture,Cupboard,9737.24,9.24,1951.25,4,Card,2024-08-29
193,Alexis York,Trichy,South,Electronics,Headphones,34575.98,0.93,4686.48,9,Net Banking,2024-06-21
194,William Kirby,Chennai,East,Sports,Football,24930.53,19.33,2499.73,3,Net Banking,2024-02-13
195,Marcus Duffy,Chennai,West,Sports,Gym Bag,13681.23,6.68,1678.15,8,Cash,2025-09-17
196,Erin Delgado,Tirunelveli,West,Electronics,Smart Watch,37073.99,17.77,9174.64,8,Card,2025-02-15
197,Joseph Baker,Chennai,South,Furniture,Chair,14717.6,19.37,1558.46,8,Cash,2024-05-27
198,Deborah Tran,Salem,South,Groceries,Rice,661.25,2.13,115.09,2,UPI,2024-04-18
199,Megan Martinez,Salem,North,Clothing,Jeans,41013.11,17,8995.5,4,UPI,2024-01-31
200,Laura Allen,Tirunelveli,South,Clothing,Kurti,44213.62,27.8,6602.46,6,Cash,2025-01-24
201,Carl Smith,Coimbatore,West,Electronics,Headphones,16882.38,6.99,2109.78,8,Card,2025-02-25
202,Ryan Pierce,Madurai,East,Electronics,Mobile,37212.05,29.53,7178.27,1,UPI,2024-06-04
203,Rebecca Mayer,Salem,West,Furniture,Chair,11963,0.77,2272.57,8,Net Banking,2024-03-21
204,Deborah Hernandez,Trichy,West,Electronics,Mobile,6887.05,20.14,1379.64,8,Cash,2025-11-20
205,Debra Anderson,Trichy,East,Electronics,Smart Watch,17084.05,5.72,1162.81,9,Net Banking,2025-11-02
206,Crystal King,Chennai,North,Groceries,Rice,12101.41,22.54,1701.51,2,UPI,2025-09-10
207,David Davis,Salem,West,Furniture,Chair,20212.75,25.04,1977.89,5,UPI,2024-02-16
208,Melanie Deleon,Coimbatore,North,Electronics,Headphones,19483.41,9.69,3224.95,10,Cash,2024-11-22
209,Shannon Berry,Coimbatore,West,Sports,Shoes,30723.95,6.09,5617.69,7,Cash,2024-09-30
210,Nicole Wright,Coimbatore,North,Electronics,Laptop,5779.56,21.7,466.56,3,Card,2024-01-24
211,Ryan Patterson,Chennai,East,Furniture,Chair,19679.8,4.5,2095.14,9,Card,2024-07-17
212,Johnny Gonzalez,Madurai,North,Clothing,Jacket,34474.19,17.97,7396.24,10,UPI,2024-06-13
213,Kelly Nixon,Trichy,West,Sports,Cricket Bat,7763.53,5.95,1366.18,8,Card,2024-09-04
214,Eddie Anderson,Madurai,West,Sports,Gym Bag,15672.76,9.61,3272.48,5,Card,2024-02-03
215,Samantha Wilson,Madurai,West,Sports,Shoes,48766.86,11.25,4111.68,6,Net Banking,2024-01-10
216,Dr. Tabitha Rodriguez,Madurai,East,Groceries,Snacks,21347.68,26.15,1879.45,3,Card,2025-01-13
217,Martin Craig,Trichy,North,Electronics,Laptop,4654.88,5.28,695.72,6,Card,2024-07-13
218,Sarah Atkins PhD,Tirunelveli,West,Groceries,Oil,22182.12,17.55,1610.32,9,Card,2024-09-18
219,Derrick Gibson,Trichy,North,Sports,Gym Bag,45355.13,1.23,8316.85,8,Net Banking,2025-09-12
220,Melinda Ward,Tirunelveli,West,Sports,Shoes,31876.32,4.78,5108.73,5,Cash,2025-06-10
221,John Ray,Coimbatore,West,Groceries,Oil,9177.46,28.32,2258.72,1,UPI,2024-06-06
222,Thomas Smith,Trichy,West,Electronics,Laptop,3520.52,24.69,333.02,1,Net Banking,2024-03-15
223,Allison Vasquez,Salem,North,Electronics,Mobile,3117.24,20.19,161.47,5,Cash,2025-08-31
224,Diana Lara,Coimbatore,West,Groceries,Oil,20796.79,21.47,1536.58,2,Cash,2025-05-18
225,David Butler,Chennai,North,Clothing,Jacket,8189.29,1.48,827.01,9,Card,2024-07-17
226,Jennifer Price,Chennai,West,Clothing,Kurti,45850.08,19.72,11435.84,6,UPI,2024-04-22
227,Christopher Garcia,Trichy,South,Sports,Gym Bag,5284.83,10.88,1102.15,1,Net Banking,2024-04-23
228,Kevin Smith,Coimbatore,East,Furniture,Cupboard,46614.23,1.45,9572.85,10,Net Banking,2025-08-16
229,Jill Hale,Chennai,North,Sports,Shoes,31492.38,4.74,5994.75,10,Cash,2024-11-30
230,Alexis Blackburn,Tirunelveli,East,Electronics,Smart Watch,8294.67,26.46,626.58,1,UPI,2024-02-05
231,Andrew Smith,Madurai,West,Furniture,Table,38388.42,22.7,3866.76,10,Cash,2025-07-05
232,Kyle Smith,Chennai,South,Clothing,Kurti,14792.3,13.83,2166.43,10,Cash,2024-07-26
233,Kimberly Morales,Chennai,South,Sports,Cricket Bat,42397.88,29.39,8451.44,5,UPI,2024-11-25
234,Jonathan Jones,Salem,East,Furniture,Chair,3189.29,22.57,585.93,2,Cash,2024-06-16
235,Jacob Garrett,Salem,West,Sports,Cricket Bat,33873.2,27.73,3872.5,9,UPI,2024-07-05
236,Sandra Gray,Coimbatore,North,Clothing,T-Shirt,2440.47,1.88,358.97,4,Card,2024-05-23
237,Marcus Burns,Tirunelveli,West,Groceries,Oil,35943.11,6.43,6775.44,1,Card,2024-06-19
238,Matthew Bridges,Tirunelveli,North,Clothing,T-Shirt,211.19,23.55,40.94,8,Net Banking,2025-01-16
239,Daniel Knapp,Tirunelveli,East,Furniture,Table,29777.22,19.14,3558.08,7,Card,2025-05-24
240,Dominique Martinez,Madurai,West,Groceries,Rice,4341.59,28.51,232.51,1,UPI,2024-06-19
241,Susan Robles,Coimbatore,West,Furniture,Chair,44571.94,1.31,9984.27,4,Net Banking,2025-07-18
242,Eric Ramirez,Madurai,North,Clothing,Jacket,22879.01,11.08,5712.64,2,UPI,2025-10-21
243,Jeremy Walters,Tirunelveli,West,Groceries,Snacks,21053.84,0.68,3300.35,6,Card,2025-08-07
244,Taylor Goodwin,Tirunelveli,South,Groceries,Rice,28429.45,16.69,4571.12,9,UPI,2025-08-10
245,Allison Hall,Salem,West,Groceries,Rice,44119.42,8.89,6931.69,1,UPI,2024-07-05
246,Jose Carter,Tirunelveli,North,Furniture,Table,26492.55,9.99,3808.2,10,UPI,2024-08-15
247,Ann Jones,Madurai,West,Sports,Football,24788.33,24.08,4355.79,9,UPI,2025-06-09
248,Leah Johnson,Chennai,East,Electronics,Laptop,24190.79,15.47,3422.55,6,Cash,2025-12-21
249,Amber Jackson,Trichy,West,Groceries,Milk,37037.58,20.88,5739.78,8,Cash,2024-06-26
250,Victoria Williams,Trichy,East,Sports,Shoes,2883.93,28.31,356.78,8,Card,2024-06-21
251,Amber Mitchell,Chennai,South,Sports,Football,13207.19,18.73,2685.8,4,Cash,2025-07-11
252,Mark Beck,Chennai,West,Furniture,Table,39063.39,3,3781.2,5,Card,2024-01-30
253,Nichole Lopez,Tirunelveli,West,Groceries,Milk,41113.42,3.54,8274.02,8,Net Banking,2024-05-05
254,Caleb Stafford,Tirunelveli,North,Sports,Cricket Bat,29826.76,12.67,1995.54,4,Net Banking,2025-06-28
255,Christopher Miller,Coimbatore,West,Clothing,Kurti,7906.77,23.17,1384.81,2,Cash,2024-05-20
256,Ashley Hampton,Salem,North,Groceries,Snacks,30738.34,2.09,7630.65,2,Card,2025-07-12
257,Valerie Norton,Coimbatore,South,Sports,Cricket Bat,42732.95,7.13,8071.14,2,UPI,2025-12-25
258,Stephanie Garcia,Salem,West,Furniture,Table,27168.36,4.5,4267.68,2,Net Banking,2024-12-04
259,William Hahn,Madurai,East,Electronics,Mobile,12858.01,6.72,1480.51,9,Card,2024-01-09
260,Michael Barnes,Trichy,North,Groceries,Snacks,33069.86,3.79,4648.84,7,Net Banking,2024-02-07
261,Alan Jones MD,Salem,West,Electronics,Smart Watch,43933.34,8.14,2999.6,10,UPI,2024-11-26
262,Kurt Bryant,Madurai,West,Clothing,T-Shirt,19536.59,7.97,1705.5,7,Cash,2024-12-13
263,Debra Oconnell,Tirunelveli,West,Clothing,Kurti,383.04,22.81,74.2,10,Card,2025-05-02
264,Jacqueline Clark,Madurai,South,Clothing,Kurti,25219.12,27.33,3623.08,6,UPI,2024-08-23
265,Jacqueline Stewart,Coimbatore,North,Furniture,Sofa,5405.01,19.28,925.09,3,Card,2024-01-30
266,Amanda Miller,Madurai,South,Groceries,Snacks,11507.63,7.09,1094.17,3,Net Banking,2025-12-29
267,Dr. Michelle Smith,Tirunelveli,South,Groceries,Snacks,43168.18,9.67,5752.06,9,Card,2025-06-07
268,Frank Freeman,Trichy,South,Sports,Cricket Bat,3806.1,3.11,469.29,8,UPI,2025-11-29
269,Craig Cisneros,Chennai,South,Electronics,Smart Watch,10444.61,12.97,2520.6,1,Net Banking,2024-11-27
270,Brandon Garcia,Trichy,West,Sports,Cricket Bat,2766.71,4.59,378.06,5,UPI,2024-02-03
271,Timothy Leonard,Madurai,North,Groceries,Rice,47187.56,23.66,10946.45,8,Cash,2025-05-12
272,Curtis Olson,Salem,South,Electronics,Headphones,32816.66,25.91,2954.57,7,Cash,2025-10-22
273,Ashley Coleman,Coimbatore,North,Furniture,Sofa,37964.02,4.72,4700.68,9,Card,2025-10-25
274,James Morgan,Coimbatore,West,Furniture,Sofa,41988.76,17.28,2994.3,1,Card,2024-11-29
275,David Lewis,Madurai,East,Furniture,Sofa,48434.67,20.56,5169.47,10,Net Banking,2024-05-07
276,Samuel Porter,Chennai,West,Groceries,Rice,20221.3,20.88,1341.02,1,Cash,2025-07-09
277,Robert Jones,Chennai,West,Sports,Football,49265.8,1.5,3894.85,5,UPI,2024-06-04
278,Kyle Parker,Chennai,West,Clothing,Jeans,26701.17,10.65,5397.77,9,UPI,2024-06-28
279,Troy Weiss,Salem,North,Sports,Cricket Bat,9812.63,5.56,1216.7,10,Card,2025-09-14
280,Melissa Swanson,Chennai,North,Clothing,Jacket,25784.32,10.28,2145.1,2,UPI,2025-11-21
281,Dawn Anderson,Trichy,South,Furniture,Chair,37004.46,23.77,7873.59,6,Cash,2024-05-24
282,Sara Coleman,Salem,West,Clothing,Jeans,49863.61,24.27,9082.9,4,UPI,2025-06-16
283,William Lam,Chennai,North,Sports,Cricket Bat,16113.37,8.89,3644.18,6,Net Banking,2024-12-12
284,Cody Jackson,Chennai,South,Electronics,Laptop,30661.21,2.23,1576.34,9,Net Banking,2024-11-12
285,Eric Hernandez,Tirunelveli,South,Electronics,Smart Watch,42233.39,9.76,4128.04,4,Net Banking,2024-10-01
286,James Thomas,Trichy,East,Sports,Football,38314.29,14.98,6975.97,1,Net Banking,2025-07-21
287,Dylan Burton,Coimbatore,West,Groceries,Rice,7843.72,10.09,1542.66,10,Cash,2024-11-19
288,Dr. Barbara Hayes,Coimbatore,East,Clothing,Jacket,46033.42,15.83,9981.34,10,Net Banking,2025-12-13
289,Mary West,Madurai,East,Groceries,Rice,7948.69,27.36,1010.31,5,Cash,2024-11-03
290,Jeffrey Kim,Salem,North,Groceries,Snacks,44046.23,10.07,5341.04,9,Net Banking,2025-04-12
291,Dr. Carol Williams MD,Chennai,East,Furniture,Table,35184.54,13.09,6638.76,4,Cash,2025-03-13
292,Angela Price,Chennai,North,Electronics,Laptop,14378.45,14.34,3010.02,7,Cash,2025-11-14
293,Sarah Lopez,Salem,West,Sports,Cricket Bat,35969.4,1.24,7524.18,1,Cash,2024-06-15
294,Amanda Hart,Madurai,North,Groceries,Oil,23900.22,26.72,4247.61,7,UPI,2025-10-09
295,Christopher Chen,Coimbatore,North,Clothing,Kurti,42836.36,18.55,5711.38,8,Cash,2025-08-23
296,Tiffany Yates,Chennai,East,Groceries,Oil,33369.92,16.82,5842.14,8,Card,2025-06-24
297,Marc Davis,Salem,East,Electronics,Mobile,11596.1,12.25,1540.91,6,Cash,2024-02-04
298,Bradley Hull,Tirunelveli,West,Clothing,T-Shirt,7659.16,11.97,1011.27,2,UPI,2025-09-22
299,Tiffany Franklin,Salem,West,Electronics,Mobile,11980.79,16.21,1380.9,8,Card,2024-06-02
300,Valerie Taylor,Chennai,West,Sports,Cricket Bat,23606.25,28.21,4185.36,1,UPI,2024-09-28
301,Benjamin Mitchell,Chennai,West,Furniture,Cupboard,44693.61,8.33,2444.66,2,Card,2024-01-31
302,Deanna Hunter,Tirunelveli,East,Furniture,Chair,16072.58,25.17,2402.36,9,UPI,2024-08-17
303,Melissa Williams,Tirunelveli,West,Clothing,Jeans,25914.58,13.16,1683.21,10,Card,2025-06-12
304,Sabrina Bishop,Madurai,West,Electronics,Smart Watch,22940,24.18,1335.21,2,Card,2024-12-26
305,Gregory Stewart,Coimbatore,South,Clothing,T-Shirt,41119.14,0.25,6953.12,7,Cash,2025-03-27
306,Manuel Daniels,Coimbatore,West,Clothing,T-Shirt,14460.54,18.85,3256.63,9,UPI,2024-12-12
307,Melanie Gonzalez,Salem,South,Electronics,Mobile,4004.65,5.33,219.27,2,UPI,2025-05-01
308,Jeremy Castillo,Salem,East,Clothing,Jacket,13978.25,0.41,1807.89,8,Cash,2024-07-06
309,Scott Long,Trichy,North,Sports,Football,7970.45,8.55,490.22,10,Cash,2024-06-11
310,Sharon Moreno,Trichy,South,Clothing,Jeans,27066,18.65,6487.29,1,Net Banking,2024-09-20
311,Daniel Davis,Coimbatore,East,Groceries,Milk,9869.36,28.87,1407.41,7,Cash,2025-02-15
312,Diana Mendez,Salem,North,Clothing,Kurti,16226.37,9.23,1247.89,7,Cash,2025-04-17
313,Douglas Flores,Tirunelveli,North,Clothing,Jeans,28542.24,12.34,5395.19,8,Card,2025-02-12
314,Clifford Huber,Salem,North,Electronics,Smart Watch,5174.84,16.07,1278.68,7,UPI,2024-09-11
315,David Morgan,Coimbatore,North,Electronics,Headphones,16821.12,21.72,2894.53,3,Card,2025-10-03
316,Craig Cox,Madurai,East,Groceries,Oil,7713.93,15.94,755.28,9,Net Banking,2025-04-14
317,Dennis Carter,Madurai,North,Groceries,Snacks,10093.82,20.72,2026.96,4,Cash,2024-01-18
318,Wayne Mitchell,Tirunelveli,South,Furniture,Sofa,32740.97,24.67,5518.37,5,Cash,2025-08-21
319,Jerome Hale,Trichy,North,Clothing,Jeans,14664.4,15.44,2195.16,9,Net Banking,2025-10-31
320,Cindy Smith,Tirunelveli,South,Clothing,T-Shirt,31048.09,22.05,4235.05,10,Cash,2025-06-12
321,Joseph Ingram,Trichy,East,Electronics,Laptop,11545.2,22.42,742.67,2,Net Banking,2024-06-27
322,Dr. Leslie Jensen,Tirunelveli,East,Furniture,Sofa,48333.15,8.44,11898.84,7,Cash,2024-05-14
323,Joshua Baird,Salem,West,Sports,Football,12171.12,10.31,2925.41,2,Cash,2025-07-06
324,Katie Andrews,Tirunelveli,North,Furniture,Sofa,21128.3,2.1,4453.54,6,Net Banking,2025-06-26
325,Katie Daniels,Tirunelveli,South,Electronics,Smart Watch,16845.44,9.42,3955.57,7,Card,2024-09-07
326,Steven Peters,Salem,West,Furniture,Cupboard,2804.11,6.43,140.49,1,UPI,2025-12-20
327,Jason Mclean,Salem,West,Electronics,Mobile,28721.44,8.06,6873.39,3,Cash,2025-02-18
328,Jacob Fuller,Madurai,South,Groceries,Milk,10347.17,28.14,1121.24,4,Net Banking,2024-03-23
329,Timothy Hernandez,Tirunelveli,West,Clothing,Kurti,45113.6,16.39,11182.4,5,Card,2024-02-19
330,Brendan Brown,Tirunelveli,East,Furniture,Sofa,32937.02,1.56,4288.3,2,Net Banking,2024-06-22
331,Alyssa Nguyen,Chennai,East,Furniture,Table,9100.7,0.69,1354.29,1,Net Banking,2025-11-07
332,Brian Thompson,Chennai,North,Sports,Shoes,40189.06,8.13,8835.96,1,Cash,2024-04-29
333,Michael Diaz,Coimbatore,West,Electronics,Mobile,20708.23,25.63,1195.91,1,Cash,2024-01-03
334,Brenda Gonzales,Coimbatore,West,Sports,Cricket Bat,35510.52,26.63,4045.65,8,Net Banking,2025-03-14
335,Laurie Figueroa,Coimbatore,South,Clothing,T-Shirt,41680.66,16.01,6706.79,3,UPI,2024-10-02
336,Ronald Patterson,Chennai,South,Sports,Shoes,12238.35,6.59,1826.77,5,Net Banking,2025-09-11
337,Daniel White,Chennai,North,Sports,Football,23389.91,17.84,3301.39,1,Cash,2025-03-13
338,Kaitlyn Howell,Trichy,South,Furniture,Sofa,35842.95,9.24,3786.24,8,Cash,2025-12-28
339,Brendan Jones,Tirunelveli,West,Furniture,Sofa,16179.82,24.85,1827.15,5,Card,2024-04-03
340,Ricky Ruiz,Coimbatore,East,Groceries,Rice,28308.18,1.86,2947.96,4,Card,2025-09-30
341,Julie Rodriguez,Chennai,West,Sports,Gym Bag,47293.34,7.41,7254.79,7,Cash,2025-03-11
342,Jessica Simmons,Coimbatore,East,Furniture,Sofa,32642.26,20.56,6692.99,4,Cash,2024-02-22
343,Michelle Matthews,Madurai,North,Electronics,Headphones,41956.44,20.48,6507.94,7,Net Banking,2024-03-09
344,Jennifer Blair,Trichy,West,Sports,Shoes,331.2,8.87,53.94,8,UPI,2025-09-20
345,Joseph Oconnor,Salem,East,Groceries,Milk,18459.9,17.74,1263.7,1,Cash,2024-09-13
346,Stacy Brown DDS,Salem,North,Electronics,Mobile,28730.56,5.29,2679.52,1,Net Banking,2025-03-05
347,Joshua Zuniga,Tirunelveli,East,Sports,Shoes,47539.08,4.32,9153.48,4,Cash,2025-09-19
348,Shannon Cox DVM,Trichy,South,Sports,Shoes,19163.57,29.24,1041.48,3,Net Banking,2024-05-07
349,Patrick Gentry,Trichy,West,Furniture,Cupboard,12019.98,22.97,1441.01,6,Cash,2025-07-03
350,Susan Williams,Tirunelveli,North,Sports,Shoes,30623.3,18.7,3366.15,6,Card,2025-12-14
351,Stacy Newman,Chennai,West,Groceries,Snacks,2578.23,0.3,365.52,10,UPI,2024-04-16
352,James Scott,Chennai,West,Electronics,Laptop,11277.88,19.02,2006.17,4,Cash,2024-11-06
353,Alan Parker,Madurai,South,Electronics,Smart Watch,36365.71,22.2,5359.52,3,UPI,2025-09-12
354,Jamie Maldonado,Coimbatore,South,Furniture,Cupboard,8700.03,7.2,476.26,7,Net Banking,2024-04-30
355,Natalie Navarro,Trichy,South,Groceries,Snacks,39824.09,8.12,6151.7,2,Cash,2025-09-02
356,Steven Scott,Coimbatore,West,Clothing,Jacket,22163.76,4.68,5090.78,8,Net Banking,2024-12-14
357,Cynthia Cox,Madurai,South,Furniture,Table,40141.94,3.37,3553.62,2,Cash,2025-05-20
358,Sarah Johnson,Salem,East,Electronics,Smart Watch,22220.01,26.79,3342.38,1,UPI,2025-12-05
359,Anthony Herrera,Coimbatore,South,Groceries,Oil,18012.66,27.25,2839.48,1,Cash,2024-12-26
360,Levi Blake,Chennai,North,Groceries,Milk,47673.02,26.81,5853.08,7,Net Banking,2024-08-05
361,Richard Wright,Madurai,South,Groceries,Milk,13482.14,1.59,693.16,6,Card,2024-09-16
362,David Barnes,Tirunelveli,South,Furniture,Sofa,44029.8,23.51,6342.47,10,Card,2024-02-10
363,Teresa Church,Chennai,South,Furniture,Sofa,6414.93,5.73,949.81,10,Net Banking,2024-01-12
364,Kyle Bailey,Coimbatore,South,Furniture,Sofa,21112.31,12.58,4592.4,2,UPI,2025-04-11
365,Kimberly Boone,Salem,West,Furniture,Chair,14471.68,1.87,744.62,4,UPI,2025-07-15
366,Thomas Caldwell,Tirunelveli,East,Furniture,Cupboard,22314.04,13.28,2725.43,2,Card,2024-08-11
367,William Hamilton,Trichy,South,Sports,Gym Bag,17926.63,12.73,2904.52,9,UPI,2025-08-31
368,Kara Lucero,Salem,North,Groceries,Rice,44527.31,18.06,9043.06,2,Card,2024-12-27
369,Anthony Bauer,Tirunelveli,West,Furniture,Table,6979.08,28.91,1257.41,9,Card,2025-12-01
370,Lindsey Martinez,Madurai,West,Groceries,Snacks,23400.83,21.16,3277.66,10,Cash,2024-09-01
371,Jeffrey Johnson,Madurai,North,Clothing,Kurti,38852.76,6.56,2275.05,3,Card,2025-12-14
372,Austin Thompson,Salem,East,Clothing,Jeans,16431.08,26.68,1608.36,4,UPI,2024-04-21
373,Stacy Richardson,Trichy,North,Groceries,Snacks,32511.38,16.96,1859.6,10,Net Banking,2025-03-17
374,Harold Mcmahon,Tirunelveli,West,Groceries,Rice,9562.71,16.58,1498.24,7,Net Banking,2024-04-06
375,Michelle Alexander,Coimbatore,North,Furniture,Cupboard,31769.03,4.77,2818.95,6,UPI,2025-01-15
376,Gregory Howell,Salem,South,Electronics,Smart Watch,23951.23,6.66,4906.08,10,UPI,2024-01-14
377,Christopher Jenkins,Madurai,North,Furniture,Chair,46653.9,23.65,8234.38,7,Card,2024-07-15
378,Tracy Mitchell,Trichy,South,Electronics,Headphones,13389.18,24.85,3249.57,4,Card,2025-09-05
379,Miranda Peterson,Madurai,North,Clothing,T-Shirt,19313.26,5.49,2513.56,1,Cash,2024-12-05
380,Tracy Lambert,Tirunelveli,South,Groceries,Milk,14328.39,26.7,2770.65,4,Net Banking,2025-08-12
381,Alexander Hughes,Coimbatore,South,Clothing,Jacket,5978.21,5.26,989.34,9,Net Banking,2025-03-01
382,Melissa Richardson,Coimbatore,North,Furniture,Table,5488.93,20.15,569.29,2,Net Banking,2025-09-04
383,Brooke Acevedo,Madurai,North,Sports,Gym Bag,35220.23,19.1,8713.87,7,Net Banking,2024-01-13
384,Devin Johnson,Trichy,South,Groceries,Milk,20528.42,1.69,3613.42,7,UPI,2024-01-15
385,Ernest Stewart,Chennai,West,Furniture,Sofa,48611.45,27.86,2970.41,1,Card,2024-09-24
386,Danielle Garcia,Trichy,South,Groceries,Oil,49435.49,26.5,6184.48,7,Cash,2024-10-23
387,Donald Price,Tirunelveli,West,Furniture,Chair,23469.25,21.3,2936.42,1,UPI,2025-03-11
388,Cynthia Hughes,Trichy,North,Sports,Gym Bag,19140.62,21.02,2682.92,4,Cash,2025-01-11
389,Nicole Fritz,Madurai,East,Sports,Shoes,23200.28,12.76,1557.76,3,Net Banking,2024-09-19
390,Katherine Pena,Coimbatore,West,Electronics,Smart Watch,32583.34,12.28,5684.87,4,Cash,2024-03-01
391,April Blair,Tirunelveli,West,Electronics,Headphones,20487.89,22.88,1097.05,1,Net Banking,2024-01-11
392,Ashley Mendoza,Chennai,East,Groceries,Snacks,25020.63,8.2,5971.68,5,Net Banking,2024-10-08
393,John White,Tirunelveli,West,Electronics,Laptop,45911.69,10.83,3765.25,8,Card,2025-05-01
394,Jacob Smith,Trichy,West,Clothing,Jacket,48688.62,27.3,8819.29,7,Cash,2025-02-21
395,Stacy Nunez,Tirunelveli,West,Clothing,Jeans,19700.5,26.89,1064.24,2,Net Banking,2025-02-24
396,Dawn Campos,Madurai,South,Furniture,Cupboard,17996.76,0.45,2074.74,10,Card,2025-07-06
397,Mark Wilcox,Madurai,East,Furniture,Table,35640.92,14.44,2865.41,10,Cash,2024-06-14
398,Jennifer Stokes,Tirunelveli,West,Clothing,Kurti,48426.48,16.04,10509.24,9,Cash,2024-10-09
399,Sean Pena,Coimbatore,South,Clothing,Jeans,45319.95,22.57,10657.75,2,Net Banking,2025-03-07
400,Adam Duke,Coimbatore,South,Clothing,Kurti,37085.72,3.54,4027.3,8,UPI,2024-11-12
401,Cindy Duncan,Tirunelveli,North,Sports,Shoes,48657.79,27.35,2655.13,6,UPI,2024-08-31
402,Isaiah Carroll,Coimbatore,South,Groceries,Snacks,20485.07,21.27,4161.23,4,Card,2024-09-15
403,Christopher Austin,Tirunelveli,East,Furniture,Table,9382.52,4.94,1257.57,8,Net Banking,2024-11-08
404,Ronald Owens,Madurai,West,Clothing,Jacket,15345.89,4.97,3829.1,3,Card,2025-10-03
405,Donna Miller,Coimbatore,West,Electronics,Laptop,17791.45,9.74,2805.68,9,Net Banking,2024-11-08
406,Brandi Williams,Trichy,West,Groceries,Snacks,16816.23,20.27,960.32,8,Cash,2024-11-30
407,Dr. Joel Jones,Chennai,North,Furniture,Table,46775.21,17.13,4971.51,7,Net Banking,2024-12-15
408,Susan Wilson,Tirunelveli,West,Electronics,Smart Watch,38809.3,20.36,3862.93,2,Card,2025-01-17
409,Erin Johnson,Coimbatore,South,Groceries,Oil,26192.35,29.35,5119.54,2,Card,2024-08-16
410,Adam Gomez IV,Madurai,East,Electronics,Smart Watch,21214.81,27.1,4680.33,9,Cash,2025-09-13
411,Robert Caldwell,Salem,South,Groceries,Rice,36607.14,21.89,3881.25,9,Net Banking,2025-10-07
412,Amy Lara,Madurai,South,Sports,Shoes,31098.52,29.69,5931.57,9,Card,2025-12-25
413,Andrew Hampton,Trichy,South,Furniture,Chair,41832.78,24.75,2431.37,9,UPI,2025-02-16
414,Ashley Powell,Madurai,North,Clothing,Jeans,40880.18,8.36,9276.93,2,Cash,2025-10-23
415,Jennifer Meyers,Salem,East,Clothing,Jeans,18614.47,21.29,4025.56,9,Net Banking,2025-09-25
416,Debra Taylor,Chennai,North,Sports,Shoes,13324.26,21.81,983.37,6,Net Banking,2025-10-02
417,Meghan Johnson,Salem,West,Furniture,Cupboard,44552.31,28.04,5810.14,5,UPI,2024-09-12
418,Charles Morales,Chennai,West,Groceries,Oil,27601.49,29.52,6265.13,7,UPI,2025-08-26
419,Makayla Price,Madurai,West,Furniture,Cupboard,26899.24,0.83,4993.7,5,Cash,2024-03-19
420,Gregory Sullivan,Trichy,East,Electronics,Mobile,42047.11,6.01,3312.93,10,Card,2025-12-31
421,Emily Manning,Chennai,West,Electronics,Mobile,36194.05,22.75,7965.24,7,Cash,2025-10-10
422,Elizabeth Gates,Chennai,South,Sports,Cricket Bat,2196.58,5.74,226.04,4,Cash,2025-01-28
423,Peter Lamb,Coimbatore,North,Clothing,Jacket,28114.55,27.78,4417.71,6,Net Banking,2025-11-30
424,Crystal Warren,Trichy,North,Clothing,Jacket,43131.55,7.97,10362.68,4,Net Banking,2025-12-03
425,Jesse Reid,Chennai,East,Clothing,T-Shirt,41090.71,16.44,2217.64,2,Card,2025-01-15
426,Susan Hernandez,Trichy,East,Clothing,Jacket,45697.88,26.24,8701.04,5,UPI,2025-02-09
427,Johnny Ponce,Madurai,South,Clothing,Kurti,2699.12,18.84,490.24,6,Net Banking,2024-04-16
428,Susan Doyle,Tirunelveli,East,Groceries,Oil,27434.46,25.73,3966.77,2,Cash,2025-08-12
429,Joshua Carlson,Chennai,South,Clothing,Jacket,32201.76,9.31,4228.05,1,UPI,2025-01-26
430,Justin Turner,Chennai,North,Groceries,Rice,14355.56,22.65,1527.23,6,Card,2024-09-02
431,Angela Medina,Salem,West,Electronics,Laptop,41249.67,6.45,7748.84,8,UPI,2025-07-10
432,Kelly Hopkins,Salem,South,Sports,Cricket Bat,40873.03,26.33,10110.96,7,Cash,2025-11-27
433,Jennifer Wang,Madurai,South,Sports,Cricket Bat,20639.38,0.48,5057.4,3,Cash,2024-06-02
434,Frank Hahn Jr.,Madurai,West,Sports,Shoes,41377.52,12.82,9996.52,1,Net Banking,2025-10-18
435,Paul Rose,Chennai,West,Clothing,T-Shirt,18358.98,28.83,2717.32,10,Card,2024-04-24
436,Joshua Walker,Madurai,North,Electronics,Smart Watch,20331.42,15.59,1377.09,5,Net Banking,2025-08-21
437,Joann George,Tirunelveli,West,Furniture,Cupboard,12695.74,27.33,2938.42,8,UPI,2025-06-01
438,Karen Watts,Coimbatore,North,Groceries,Rice,48157.19,8.86,11187.7,3,Net Banking,2025-05-14
439,Alexander Merritt,Chennai,East,Furniture,Sofa,2239.19,13.35,510.44,10,Net Banking,2025-01-08
440,Brian Hurley,Tirunelveli,North,Electronics,Headphones,1985.31,13.46,470.53,9,Cash,2025-01-31
441,Linda Morgan,Chennai,South,Sports,Shoes,48275.6,27.83,6433.66,10,Net Banking,2024-07-26
442,Megan Carter,Chennai,South,Electronics,Headphones,10419.43,3.51,1300.57,2,Cash,2025-06-22
443,Stephen Butler,Tirunelveli,North,Electronics,Smart Watch,18972.88,13.06,1296.71,5,UPI,2024-05-26
444,Jason Rodriguez,Coimbatore,East,Sports,Football,36205.95,2.09,8514.54,9,UPI,2024-09-11
445,Deborah Lewis,Chennai,East,Sports,Gym Bag,23219.2,19.16,2998.32,1,Cash,2024-11-22
446,Morgan Moore,Chennai,East,Sports,Football,42382.71,25.22,6499.21,7,Net Banking,2025-08-20
447,Walter Robinson,Tirunelveli,North,Furniture,Table,18211.55,3.58,2513.62,6,Card,2024-10-08
448,Scott Smith,Tirunelveli,North,Electronics,Smart Watch,43227.01,22.35,9643.18,9,Card,2025-04-17
449,Amanda Malone,Coimbatore,East,Sports,Cricket Bat,46064.32,11.73,10400.16,10,Cash,2025-02-23
450,Lauren Rojas,Trichy,South,Sports,Shoes,4377.62,2.65,546.83,10,Net Banking,2024-05-29
451,Nicholas Liu,Madurai,East,Furniture,Sofa,2258.84,21.15,531.08,2,Net Banking,2025-12-11
452,Jeffrey Marsh,Chennai,South,Groceries,Snacks,48708.93,4.7,3426.31,2,UPI,2025-03-07
453,Renee Hughes,Madurai,South,Clothing,Kurti,31672.7,15.6,3351.83,8,Card,2024-12-04
454,Jonathan Keller,Trichy,West,Clothing,Kurti,9794.3,18.88,818.81,3,Cash,2024-01-12
455,Veronica Yates,Salem,South,Groceries,Oil,45566.14,10.96,5050.56,10,Card,2024-07-01
456,Jennifer Collins,Trichy,South,Clothing,T-Shirt,11167.88,7.57,663.99,2,UPI,2025-05-21
457,Matthew Short,Trichy,West,Electronics,Smart Watch,47913.65,12.37,11744.3,3,Cash,2025-02-19
458,Victor Cooper,Chennai,East,Furniture,Cupboard,36671.41,18.12,5226.61,2,UPI,2025-08-06
459,Derrick Howard,Salem,West,Furniture,Chair,4146.99,14.37,533.78,5,Net Banking,2024-11-12
460,Nicholas Griffith,Tirunelveli,East,Electronics,Mobile,21319.52,21.4,2476.2,2,Net Banking,2025-07-26
461,Barbara Richardson,Chennai,West,Electronics,Mobile,47396.91,22.08,4300.29,3,Card,2025-12-05
462,Alexandra Taylor,Coimbatore,North,Electronics,Laptop,17564.85,1.83,3689.49,4,Net Banking,2025-09-06
463,Shannon Cook,Tirunelveli,North,Electronics,Headphones,964.72,22.24,226.77,1,Cash,2024-06-30
464,Howard Myers,Tirunelveli,West,Groceries,Rice,24222.87,13.98,5406.91,3,Cash,2025-07-27
465,William Johnson,Trichy,East,Electronics,Mobile,48531.32,13.33,9396.56,9,Net Banking,2024-01-09
466,Paul Jennings,Madurai,East,Furniture,Chair,39316.38,13.65,3226.55,2,Net Banking,2025-05-15
467,Zachary Davis MD,Chennai,East,Groceries,Snacks,5283.93,20.46,369.64,5,Cash,2024-04-30
468,Megan Walker,Madurai,North,Sports,Shoes,33746.95,12.58,4231.26,6,Card,2024-08-17
469,Cody Lee,Tirunelveli,West,Furniture,Sofa,11652.42,17.48,2102.22,10,Net Banking,2025-12-18
470,Anthony Decker,Trichy,West,Furniture,Chair,39261.5,24.39,5930.69,10,Cash,2024-07-27
471,Mark Weaver,Salem,South,Electronics,Smart Watch,44830.94,29.13,7712.34,10,Cash,2024-07-09
472,Tanya Thomas,Salem,North,Clothing,Kurti,3582.54,17.49,858.83,6,Cash,2024-10-13
473,John Horn,Tirunelveli,West,Clothing,Jacket,3787.29,19.8,849.36,9,Net Banking,2024-02-19
474,Natalie Mendez,Tirunelveli,East,Electronics,Laptop,40838.95,8.91,4199.11,10,Net Banking,2024-01-20
475,Chelsea Sandoval,Coimbatore,West,Electronics,Headphones,47110.97,12.58,7099.79,1,Net Banking,2024-02-07
476,Elizabeth Johnson,Trichy,North,Electronics,Mobile,29019.52,2.32,6793.75,2,UPI,2024-09-22
477,Willie Hayes,Trichy,East,Groceries,Oil,47096.59,13.48,8503.54,5,Card,2025-05-03
478,Nathan Hancock,Trichy,West,Electronics,Mobile,12696.61,23.54,1565.58,3,Net Banking,2025-04-12
479,Leslie Hughes,Tirunelveli,East,Electronics,Smart Watch,22502.18,25.58,1453.78,8,Net Banking,2025-03-02
480,Betty Moore,Coimbatore,South,Electronics,Smart Watch,1861.99,1.74,205.55,2,Card,2024-04-29
481,Katie Davis,Chennai,South,Groceries,Rice,11039.67,21.19,1082.51,7,Cash,2025-06-06
482,Cassie Fischer,Tirunelveli,South,Sports,Gym Bag,30976.97,13.4,2203.18,7,Card,2025-10-04
483,Melissa Bradley,Madurai,North,Sports,Gym Bag,32848.48,15.7,4057.44,2,Net Banking,2024-03-08
484,Samantha Jones,Salem,North,Sports,Gym Bag,45236.77,4.44,6167.25,8,Cash,2025-04-07
485,Connor Mason,Coimbatore,East,Groceries,Oil,2490.13,2.98,296.79,4,Cash,2025-02-13
486,William Martinez,Madurai,South,Electronics,Headphones,24223.07,14.8,6015.41,2,Card,2025-04-09
487,Chad Lester,Tirunelveli,West,Furniture,Sofa,11099.69,11.15,649.96,2,Net Banking,2024-07-29
488,Tyler Foley,Madurai,West,Furniture,Cupboard,5751.61,23.3,558.41,4,Card,2025-04-14
489,Barbara Mcpherson,Trichy,North,Sports,Cricket Bat,13702.25,0.5,1312.53,6,Cash,2024-01-18
490,Craig Smith,Tirunelveli,North,Groceries,Oil,37088.05,15.97,8281.28,1,Cash,2024-07-17
491,Ryan Romero,Trichy,South,Groceries,Snacks,12607.02,4.42,2442.09,5,Card,2025-11-04
492,Matthew Edwards,Tirunelveli,East,Clothing,Jeans,40439.25,17.87,3992.33,4,Card,2024-12-29
493,Miguel Lopez,Madurai,South,Sports,Cricket Bat,43601.37,18.93,5212.54,3,Net Banking,2024-07-03
494,Amanda Glover,Salem,West,Groceries,Milk,9087.43,17.55,570.07,7,Cash,2024-08-09
495,Tracey Ochoa,Coimbatore,West,Furniture,Sofa,15607.79,14.15,3029.25,5,Cash,2024-05-24
496,Tonya Bennett,Salem,North,Furniture,Sofa,27909.67,10.82,1955.56,5,Card,2025-05-03
497,Jeffery Bryant,Salem,West,Furniture,Cupboard,17616.02,25.93,2435.12,3,Cash,2024-06-07
498,Ruth Sandoval,Chennai,North,Sports,Football,41721.77,15.84,2579.83,2,UPI,2024-10-07
499,Mathew Richardson,Chennai,North,Groceries,Rice,15798.94,21.27,2641.9,9,Card,2024-09-16
500,Heather Berry,Tirunelveli,South,Electronics,Headphones,33550.19,23.78,3806.13,1,UPI,2024-07-08
501,Kimberly Johnson,Trichy,South,Sports,Cricket Bat,27879.52,27.14,2165.91,6,Net Banking,2024-04-19
502,Kathleen Carter,Salem,North,Electronics,Laptop,43310.14,3.48,7638.18,9,UPI,2024-06-28
503,Shawn Harvey,Coimbatore,West,Furniture,Table,29152.63,15.76,6106.6,9,Card,2024-05-18
504,Dustin Vaughn,Chennai,West,Electronics,Headphones,3991.56,19.53,382.97,5,UPI,2025-04-09
505,Cheryl Smith,Salem,North,Sports,Shoes,3536.5,10.71,293.46,5,UPI,2024-03-04
506,Kevin Watson,Trichy,West,Furniture,Sofa,47496.58,23.59,7372.93,2,Net Banking,2025-01-15
507,Jason Mccall,Chennai,West,Clothing,Jeans,5695.71,8.67,832.86,5,Cash,2024-02-26
508,Logan Munoz,Trichy,North,Furniture,Chair,23241.85,14.95,3254.05,6,Net Banking,2025-12-12
509,Glenda Mcclure,Trichy,South,Sports,Football,14648.11,25.53,1228.41,6,Net Banking,2025-09-04
510,Stacey Robbins,Tirunelveli,North,Sports,Football,956.99,28.58,182.19,5,Cash,2024-01-06
511,Rachel Cowan,Trichy,South,Furniture,Table,28405.25,2.12,1856.78,8,UPI,2025-06-11
512,Nicole Tanner,Salem,North,Electronics,Headphones,2191.27,14.49,286.42,7,Card,2024-12-12
513,Adam Holt,Chennai,North,Groceries,Milk,24246.57,9.98,2746.43,9,UPI,2024-06-20
514,Jose Church,Chennai,East,Furniture,Table,17236.64,3.25,4287.43,2,Cash,2025-07-14
515,Lindsey Johnson,Salem,West,Furniture,Cupboard,11058.59,8.33,1855.23,2,Net Banking,2024-01-11
516,Kayla Holden,Coimbatore,East,Sports,Shoes,27292.9,28.81,5177.53,7,UPI,2025-07-23
517,Joseph Wilson,Coimbatore,East,Electronics,Headphones,23853.37,4.71,1292.97,9,Card,2024-10-15
518,Angela Ward,Madurai,East,Electronics,Smart Watch,49008.55,11.93,8067.08,8,Net Banking,2025-12-08
519,Michelle Wallace,Chennai,South,Sports,Cricket Bat,26408.27,0.41,1704.09,5,Card,2024-11-16
520,Alexander Olsen,Madurai,East,Furniture,Table,1685.3,18.11,378.12,5,Net Banking,2024-08-17
521,Christopher Morris,Madurai,North,Electronics,Smart Watch,10142.1,22.29,709.25,5,Cash,2025-09-30
522,Danielle White,Chennai,South,Sports,Cricket Bat,16320.64,22.31,3128.32,3,UPI,2024-06-12
523,Laura Sanford,Chennai,South,Furniture,Table,579.77,18.04,135.32,1,Card,2024-10-31
524,Gina White,Trichy,East,Electronics,Laptop,771.66,2.69,149.51,10,Card,2025-01-17
525,Jessica Avery,Tirunelveli,West,Furniture,Chair,1768.11,21.38,387.16,7,Card,2025-04-08
526,Kelly Munoz,Salem,East,Clothing,T-Shirt,12920.93,17.16,1656.56,7,Net Banking,2025-06-15
527,Kristina Jones MD,Madurai,South,Sports,Gym Bag,39994.95,15.85,2801.77,6,Net Banking,2024-08-19
528,Juan Gonzalez,Trichy,South,Furniture,Table,1044.96,15.75,207.34,1,Cash,2025-06-14
529,Melanie Beasley,Trichy,East,Electronics,Laptop,965.97,27.46,239.94,2,Card,2025-07-26
530,Nathan Bentley,Salem,West,Groceries,Oil,18600.62,21.79,1105.6,3,UPI,2025-11-17
531,Derek Decker,Salem,North,Clothing,Jacket,40447.66,27.63,5292.24,5,UPI,2025-04-27
532,Jesse Jackson,Coimbatore,South,Furniture,Cupboard,19581.06,4.53,3712.62,8,UPI,2024-10-27
533,Laura Cardenas,Madurai,North,Clothing,Jacket,38293.79,1.45,4473.46,9,Net Banking,2024-06-15
534,David Henson,Madurai,North,Sports,Cricket Bat,6072.55,20.26,640.55,4,Cash,2024-03-28
535,Marie Schaefer,Trichy,South,Clothing,Jeans,25882,13.67,4198.66,5,Net Banking,2024-08-30
536,Frank Fletcher,Coimbatore,West,Sports,Football,21731.51,1.8,2543.02,8,Card,2025-12-18
537,Corey Bowman,Chennai,West,Electronics,Laptop,12257.55,26.89,1039.21,7,Cash,2024-06-23
538,Christina Johnson,Coimbatore,North,Sports,Cricket Bat,41921.9,15.85,9824.29,4,Net Banking,2024-10-25
539,Jessica Ruiz,Chennai,North,Groceries,Oil,45185.16,23.53,7706.23,7,UPI,2024-01-14
540,Timothy Jimenez,Trichy,South,Clothing,T-Shirt,18390.61,14.33,4253.81,9,Net Banking,2025-07-17
541,Tara Williams,Chennai,South,Groceries,Snacks,12536.08,24.15,1395.05,3,Net Banking,2024-12-31
542,Robin Marshall,Coimbatore,East,Clothing,Jacket,11776.7,3.51,1414.17,3,Net Banking,2025-11-21
543,George Lee,Tirunelveli,East,Sports,Football,37971.79,29.72,3363.04,3,Cash,2024-05-03
544,Robyn Wise,Tirunelveli,East,Clothing,T-Shirt,27908.58,28.01,4636,9,Card,2024-07-05
545,Teresa Anderson,Coimbatore,South,Furniture,Sofa,39865.57,1.85,5506.33,3,UPI,2025-03-28
546,Joshua Keller,Coimbatore,East,Sports,Gym Bag,29624.64,18.8,2116.41,7,Net Banking,2025-06-30
547,Erin Mata,Chennai,South,Clothing,Kurti,37185.66,18.61,8059.94,5,UPI,2024-09-11
548,Shannon Lee,Trichy,West,Electronics,Laptop,24804.33,4.27,5779.94,2,Card,2024-09-02
549,Hector Perez,Salem,North,Groceries,Snacks,2105.64,20.54,244.97,7,UPI,2025-08-14
550,Victor Davis,Trichy,North,Groceries,Milk,17236.83,10.89,1801.85,5,UPI,2025-02-13
551,Sherri Campbell,Tirunelveli,East,Furniture,Table,23319.25,23.7,4365.15,3,Net Banking,2025-11-20
552,Carrie Dixon,Chennai,North,Clothing,Jacket,30557.39,12.54,3653.6,4,Net Banking,2025-09-25
553,Timothy Valdez,Salem,East,Clothing,Jacket,32195.15,10.55,1845.6,3,UPI,2025-09-24
554,Adrienne Williams,Salem,South,Clothing,Kurti,31088.27,10.29,7106.19,6,Net Banking,2025-06-07
555,Samuel Lewis,Salem,West,Groceries,Milk,31515.76,1.32,4102.33,6,Cash,2025-01-16
556,Jeffrey Schmidt,Chennai,South,Groceries,Snacks,22010.98,24.28,4605.16,6,UPI,2025-05-06
557,Jeremy Moore,Tirunelveli,East,Sports,Cricket Bat,23305.24,17,1885.87,10,UPI,2025-01-15
558,Nicole Beard,Coimbatore,East,Furniture,Cupboard,519.05,4.24,127.37,3,Net Banking,2025-04-09
559,Emily Walker,Madurai,West,Groceries,Oil,41941.33,8.64,7468.36,2,Net Banking,2024-05-27
560,Bradley Reyes,Chennai,North,Furniture,Sofa,10563.58,23.93,1214.11,8,Net Banking,2024-10-29
561,Jessica Ramos,Chennai,East,Clothing,T-Shirt,32344.71,15,3303.02,7,Cash,2024-03-14
562,Christopher Lee,Salem,South,Furniture,Sofa,45740.74,18.89,6973.3,2,Cash,2025-02-08
563,Ashley Park,Tirunelveli,West,Electronics,Mobile,35881.99,0.56,1824.56,2,Cash,2024-07-03
564,Charles Jones,Trichy,East,Clothing,T-Shirt,12990.4,17.5,2982.01,10,UPI,2024-08-09
565,Dr. Christopher Rose MD,Coimbatore,North,Electronics,Smart Watch,5292.57,7.05,978.24,1,Net Banking,2025-07-31
566,Cassie Ritter,Tirunelveli,East,Electronics,Smart Watch,32582.07,4.14,7703.61,10,Cash,2024-01-18
567,Carlos Allen,Coimbatore,North,Clothing,Jacket,49353.72,20.68,9402.11,5,Card,2024-07-10
568,Amanda Patterson,Trichy,South,Electronics,Mobile,8338.27,28.36,1700.79,9,Net Banking,2025-02-16
569,Arthur Lee,Chennai,South,Electronics,Smart Watch,47307.96,12.39,2409.48,8,Cash,2024-12-19
570,Mark Cain,Madurai,East,Sports,Shoes,31513.12,29.62,4970.1,4,Cash,2025-11-03
571,Heather Rios DVM,Chennai,West,Clothing,T-Shirt,9803.66,8.85,1392.43,9,UPI,2024-04-18
572,Amber Reyes,Tirunelveli,East,Groceries,Rice,48893.88,27.21,8242.53,3,Net Banking,2025-06-05
573,Spencer Wilson,Madurai,South,Clothing,Jeans,13470.99,16.04,2099.84,5,Cash,2024-09-12
574,Rose Manning,Trichy,North,Sports,Football,2607.22,11.74,162.09,7,Net Banking,2024-11-24
575,Kara Williams,Coimbatore,South,Electronics,Headphones,15302.7,21.51,844.23,2,Net Banking,2024-03-27
576,Martin Martin,Tirunelveli,South,Groceries,Milk,8964.69,15.15,940.33,9,UPI,2024-05-22
577,Kyle Sanders,Madurai,North,Electronics,Smart Watch,46169.33,11.9,10222.2,3,Cash,2025-10-16
578,Charles Alvarado,Tirunelveli,North,Furniture,Chair,25967.61,18.69,4677.88,1,Net Banking,2025-10-06
579,Stephanie Page,Madurai,North,Groceries,Oil,16178.3,18.21,3208.82,2,UPI,2025-01-23
580,Michael Cummings,Trichy,South,Sports,Shoes,7699.39,10.46,1737.87,4,Cash,2024-09-14
581,Gloria Duran,Madurai,North,Electronics,Mobile,41550.9,23.04,10039.54,8,Cash,2025-09-02
582,John Gonzalez,Madurai,East,Groceries,Snacks,18254.31,11.49,3133.53,3,Cash,2024-09-09
583,Julie Cook,Coimbatore,South,Clothing,Jacket,18924.97,3.09,3162.5,8,Card,2025-08-15
584,Haley Thompson,Tirunelveli,West,Clothing,Jeans,8176.92,18.43,988.88,3,UPI,2025-02-23
585,Michael Garcia,Trichy,East,Furniture,Sofa,34294.65,10.67,3396.12,9,Net Banking,2024-03-07
586,John Young,Madurai,South,Furniture,Sofa,22579.66,20.46,3667.11,2,UPI,2025-03-23
587,Dennis King,Chennai,North,Electronics,Laptop,32429.88,1.24,4350.09,6,Net Banking,2025-09-25
588,Susan Porter,Coimbatore,West,Clothing,Jacket,23534,26.85,5771.93,10,Net Banking,2024-11-25
589,Thomas West,Trichy,West,Sports,Gym Bag,1045.95,24.63,155.34,9,Cash,2025-06-12
590,Latoya Guerra,Tirunelveli,South,Clothing,Jacket,11840.99,24.34,2103.68,1,Card,2024-07-19
591,Brian Martinez,Trichy,West,Furniture,Sofa,11804.88,16.13,1049.63,9,UPI,2024-06-24
592,Amy Douglas,Chennai,North,Groceries,Milk,2674.29,21.9,486.85,6,Card,2025-08-27
593,Debbie Lucas,Trichy,South,Groceries,Oil,36623.56,10.37,7454.29,5,UPI,2025-05-22
594,Brooke Cowan,Tirunelveli,South,Sports,Shoes,1536.75,1.66,230.26,3,Card,2025-01-06
595,Sierra Galloway,Chennai,South,Clothing,Kurti,37169.22,11.57,5244.08,3,Card,2025-08-17
596,Gregory Roberts,Madurai,East,Groceries,Snacks,46776.97,2.76,8337.97,3,Cash,2024-01-19
597,Jessica Jones,Trichy,West,Sports,Gym Bag,15483.62,17.92,2036.02,2,Net Banking,2025-12-04
598,Susan Rose,Madurai,North,Furniture,Table,41908.71,20.7,5486.17,3,Cash,2024-06-19
599,Jennifer Rivera,Madurai,West,Electronics,Headphones,10904.51,14.06,1068,4,Net Banking,2024-05-07
600,Derek Jones,Madurai,South,Clothing,Jacket,19624.84,28.52,3315.79,4,UPI,2024-03-22
601,Audrey Hill,Tirunelveli,North,Sports,Football,9298.99,1.41,1733.2,6,Card,2025-07-07
602,Alisha Robles,Salem,East,Sports,Cricket Bat,27622.46,8.73,6876.28,6,Net Banking,2024-07-25
603,Donna Moore,Chennai,North,Furniture,Sofa,9474.31,18.7,1873.51,1,Net Banking,2024-06-05
604,Chris Mcdonald,Chennai,South,Furniture,Cupboard,5799.34,26,676.1,10,Cash,2024-06-30
605,Terry Wood,Salem,East,Furniture,Table,39397.12,11.41,8494.66,3,Card,2024-06-06
606,Matthew Gomez,Salem,South,Electronics,Laptop,9884.22,4.62,1202.81,1,Card,2025-10-23
607,Robert Henry,Madurai,East,Groceries,Milk,24145.99,18.33,3171.13,2,Cash,2025-09-20
608,Jennifer Abbott,Tirunelveli,South,Electronics,Headphones,12528.15,1.88,1773.09,6,Card,2025-12-09
609,Megan Boyd,Tirunelveli,West,Furniture,Table,47307.13,3.03,5552.92,2,UPI,2024-01-05
610,Daniel King,Salem,West,Groceries,Milk,9822.57,23.51,1343.67,2,Card,2025-12-17
611,Emily Baker,Madurai,East,Electronics,Headphones,817.99,29.89,177.78,6,UPI,2024-01-29
612,Robert Reynolds,Madurai,North,Groceries,Oil,38513.95,28.66,3151.85,5,Net Banking,2025-12-30
613,Susan Scott,Madurai,South,Groceries,Milk,43197.89,0.83,10170.27,4,Card,2024-03-23
614,Elizabeth Warner,Coimbatore,East,Furniture,Table,36097.51,26.85,4481.59,1,Net Banking,2025-06-06
615,Jacob Shaw,Trichy,East,Groceries,Milk,19355,22.83,1891.09,3,Net Banking,2024-02-09
616,Jorge Boyd,Coimbatore,East,Sports,Gym Bag,10910.92,0.76,2158.86,9,Net Banking,2025-11-13
617,Claudia Lane,Salem,South,Electronics,Laptop,16638.24,19.23,3747.66,9,Cash,2025-05-18
618,Daniel Arnold,Tirunelveli,East,Clothing,Jeans,49652.44,1.21,3732.4,8,Net Banking,2025-07-11
619,Jacob Benson,Madurai,East,Furniture,Cupboard,26816.66,29.99,3917.41,3,UPI,2024-06-07
620,Pedro Lee,Tirunelveli,West,Clothing,Jacket,33506.7,13.81,7164.62,9,Cash,2025-02-27
621,Richard Beck,Coimbatore,North,Groceries,Milk,15146.07,5.49,1536.56,2,Net Banking,2024-06-12
622,Stephanie Hoffman,Tirunelveli,North,Groceries,Milk,46689.54,16.22,11161.14,5,UPI,2024-10-09
623,Laura Shelton,Chennai,South,Electronics,Laptop,15110.86,1.55,1670.22,3,Card,2024-01-17
624,Jordan White,Madurai,North,Clothing,Jeans,26676.51,6.19,2432.92,3,UPI,2024-01-11
625,Troy Maxwell,Tirunelveli,South,Groceries,Milk,20089.48,28.94,4348.19,5,Card,2025-07-24
626,Christopher Humphrey,Madurai,East,Furniture,Table,39348.1,11.14,6963.76,2,Cash,2024-06-08
627,Robin Rosales,Coimbatore,East,Clothing,Jacket,11279.64,3.77,1932.07,7,UPI,2024-08-11
628,Kyle Mcmillan,Chennai,South,Groceries,Rice,49423.86,9.98,5775.37,4,Net Banking,2024-07-22
629,Zachary Brown,Trichy,West,Clothing,Jacket,17808.11,2.99,4392.89,8,Cash,2024-04-02
630,Robert Alvarado,Tirunelveli,East,Sports,Shoes,19091.88,5.84,1363.66,1,Cash,2025-01-23
631,Victor Hall,Madurai,North,Furniture,Cupboard,27825.86,18.88,2469.99,6,Cash,2025-08-07
632,Keith Wilson,Trichy,South,Groceries,Snacks,10677.58,6.62,860.54,6,UPI,2024-07-08
633,Renee Schultz,Chennai,North,Clothing,T-Shirt,17978.31,19.74,2131.88,6,Net Banking,2025-11-02
634,Logan Nichols,Trichy,South,Electronics,Headphones,21811.04,25.56,1203.77,8,Net Banking,2024-07-22
635,Denise Taylor,Tirunelveli,West,Sports,Football,23988.27,11.7,1563.62,9,UPI,2025-09-21
636,Kevin Lopez,Trichy,South,Groceries,Oil,29236.62,1.66,4415.21,7,Net Banking,2025-08-10
637,Bonnie Morris,Salem,East,Groceries,Oil,16636.92,20.48,3332.77,9,Net Banking,2025-08-15
638,Carol Davidson,Madurai,East,Groceries,Oil,20538.73,20.81,2395.51,10,UPI,2025-07-17
639,Jesse Rice,Salem,East,Sports,Football,19949.61,2.78,3393.44,8,Card,2025-12-25
640,Zachary Hudson,Madurai,North,Sports,Shoes,337.14,19.83,71.65,10,Cash,2025-10-13
641,Kyle Smith,Trichy,South,Groceries,Snacks,31511.03,29.34,2478.66,1,UPI,2024-02-09
642,Dana Mayer,Trichy,East,Electronics,Headphones,44409.51,11.66,5370.5,6,Cash,2025-03-31
643,Maria Watson,Salem,East,Clothing,Kurti,5123.2,24.84,699.79,7,Net Banking,2025-12-30
644,Kristy Turner,Salem,South,Groceries,Snacks,42206.98,23.47,3308.87,8,Cash,2025-09-17
645,Kelsey King,Salem,West,Sports,Gym Bag,8528.54,3.56,637.67,6,UPI,2025-09-22
646,Emily Wagner,Tirunelveli,East,Electronics,Headphones,42954.02,20.93,10173.72,5,Net Banking,2025-05-11
647,Ricky Fuentes,Coimbatore,North,Sports,Shoes,4027.63,4.22,610.52,7,UPI,2024-03-15
648,Dale Carey,Salem,South,Furniture,Table,42732.28,5.78,8842.82,1,Card,2024-09-09
649,John Stanley,Trichy,West,Clothing,T-Shirt,23463.56,25.72,1511.46,1,Cash,2025-06-11
650,Matthew Hall,Chennai,West,Clothing,T-Shirt,32080.96,7.35,5099.04,3,Net Banking,2024-06-29
651,Jonathon Bond,Salem,South,Furniture,Table,1249.07,9.81,90.68,10,Net Banking,2025-10-02
652,Ryan Davis,Madurai,North,Sports,Gym Bag,26603.6,0.86,2148.82,3,Card,2025-11-25
653,Susan Ballard,Chennai,South,Clothing,Kurti,2506.5,17.35,397.26,1,Card,2025-12-14
654,Christopher Gillespie,Tirunelveli,East,Clothing,Jacket,33570.45,24.4,4961.55,2,Card,2025-11-07
655,Mikayla Gardner,Trichy,North,Sports,Cricket Bat,39216.4,3.93,8797.22,3,Net Banking,2025-07-24
656,Charlene Sanchez,Tirunelveli,North,Clothing,T-Shirt,15854.36,1.01,1981.76,5,Net Banking,2025-12-22
657,Matthew Anderson,Coimbatore,East,Groceries,Milk,16541.69,9.31,3169.75,5,UPI,2024-03-16
658,Robert Schultz,Trichy,East,Groceries,Oil,18174.71,11.42,1769.8,4,Net Banking,2024-12-02
659,Angela Cohen,Coimbatore,South,Clothing,Jacket,24061.91,15.11,2588.17,1,Cash,2025-08-28
660,Nicole Hess,Salem,East,Clothing,T-Shirt,16261.5,12.92,3950.71,3,Card,2024-10-28
661,Christopher Rivera,Salem,North,Electronics,Headphones,30135.19,4.11,6828.26,8,Cash,2025-10-09
662,Theresa Wright,Tirunelveli,West,Furniture,Chair,34829.39,27.49,8070.45,8,Net Banking,2024-03-08
663,Martha James,Trichy,West,Furniture,Table,8463.46,27.29,490.46,9,Net Banking,2025-07-24
664,Tracy Vega,Coimbatore,West,Furniture,Sofa,28161.79,15.75,5200.31,8,Card,2025-03-27
665,James Curtis,Chennai,West,Electronics,Laptop,25793.49,10.09,5742.02,5,UPI,2025-03-01
666,Alan Diaz,Chennai,West,Sports,Football,7931.97,11.36,736.43,1,Cash,2025-10-13
667,Erin Henderson,Salem,South,Furniture,Cupboard,25524.07,2.18,5464.75,1,UPI,2024-05-09
668,Joshua Weaver,Coimbatore,South,Clothing,Kurti,45042.84,16.4,2306.85,2,Net Banking,2025-12-17
669,Eric Monroe,Trichy,South,Sports,Cricket Bat,19912.78,7.86,3549.09,3,UPI,2024-03-28
670,Heather Murray MD,Chennai,North,Groceries,Snacks,1221.41,11.32,217.51,7,Cash,2024-11-07
671,Robert Ortiz,Trichy,South,Electronics,Laptop,4098.61,15.85,238.94,2,Card,2025-03-31
672,Andrew Nelson,Chennai,West,Sports,Cricket Bat,27878.46,15.63,1846.99,8,Card,2024-01-29
673,Amber Robertson,Coimbatore,East,Clothing,Jeans,16461.16,17,1338.42,7,Card,2024-09-26
674,Andrea Russo,Salem,East,Sports,Cricket Bat,36696.77,10.8,2550.02,8,Card,2024-01-12
675,Tracey Gardner,Trichy,West,Sports,Shoes,48192.39,8.68,5697.11,2,Net Banking,2025-03-21
676,Christopher Diaz,Chennai,North,Clothing,Jacket,33893.31,18.2,5086.06,5,Net Banking,2024-07-21
677,Sara Diaz PhD,Tirunelveli,East,Electronics,Laptop,9529.53,18.8,1269.16,2,Net Banking,2025-02-02
678,Sierra Bartlett,Tirunelveli,East,Furniture,Table,9266.76,20.97,1228.15,3,Card,2025-09-20
679,Jason Trujillo,Salem,North,Clothing,Jacket,19949.97,0.98,4795.62,3,UPI,2025-01-24
680,Claudia Hubbard,Salem,South,Groceries,Snacks,4148.31,5.38,318.56,9,Net Banking,2024-09-01
681,Cassandra Owens,Chennai,West,Groceries,Rice,13769,5.91,2729.73,10,Net Banking,2025-01-19
682,Stacy Bishop,Chennai,North,Electronics,Headphones,5576.17,8.08,1208.59,8,Net Banking,2025-08-10
683,Madeline Hamilton,Coimbatore,East,Groceries,Oil,28398.7,4.96,4643.22,6,Card,2025-03-30
684,Crystal Kim,Trichy,East,Groceries,Milk,32073.86,2.57,3012.16,7,Net Banking,2024-08-23
685,Sarah Clark,Salem,West,Furniture,Cupboard,36903.17,3.14,2802.31,1,Net Banking,2024-10-14
686,Natalie Brock,Coimbatore,West,Furniture,Sofa,28051.49,14.55,2457.74,2,Card,2024-12-14
687,Kathy Rowe,Coimbatore,North,Groceries,Snacks,19579.28,26.15,1675.73,4,Card,2024-11-29
688,Jennifer Edwards,Coimbatore,North,Sports,Football,44134.67,17.8,5038.28,3,UPI,2025-11-14
689,Rachel Knapp,Chennai,East,Groceries,Rice,7775.15,20.27,1114.69,5,Net Banking,2025-06-26
690,Janice Horton,Salem,North,Sports,Football,11406.96,0.11,968.7,4,Card,2024-09-19
691,Peggy Brock,Madurai,North,Furniture,Table,35775.05,17.45,5897.4,8,Cash,2025-09-01
692,Harold Williams II,Coimbatore,South,Electronics,Headphones,41842.4,18.1,6191.62,8,Net Banking,2025-05-06
693,Nicole Herrera,Madurai,West,Furniture,Chair,36535.31,10.93,6939.08,9,UPI,2024-01-16
694,Jeff Davis,Coimbatore,West,Sports,Football,33177.2,17.34,2926.92,9,UPI,2024-06-21
695,Tammy Gay,Tirunelveli,East,Clothing,Jacket,48475.52,5.85,6647.16,7,Net Banking,2024-01-25
696,Nancy Smith,Trichy,South,Furniture,Cupboard,46022.53,27.3,6656.45,3,UPI,2025-03-17
697,Sarah Green,Salem,East,Groceries,Rice,2476.68,23.34,227,3,Cash,2025-08-10
698,Kelly Robinson,Madurai,South,Electronics,Laptop,48270.18,23.09,7120.69,9,Cash,2025-01-31
699,Thomas Schmitt,Tirunelveli,South,Groceries,Snacks,2748.74,28.98,431.88,8,Card,2024-09-24
700,Elizabeth Evans,Tirunelveli,North,Clothing,Jacket,25948.2,25.52,2452.54,8,UPI,2024-11-16
701,Thomas Green,Chennai,South,Furniture,Sofa,17690.93,23.04,3584.35,9,Net Banking,2025-06-11
702,Thomas Ward,Salem,West,Furniture,Table,35282.06,21.84,4487.64,8,UPI,2024-04-24
703,Walter Brown,Coimbatore,West,Clothing,Kurti,10442.22,23.28,625.77,7,Net Banking,2025-03-28
704,Lisa Avila,Tirunelveli,East,Groceries,Oil,19336.26,18.67,4341.76,8,Net Banking,2024-03-06
705,Joseph Peterson,Chennai,West,Sports,Shoes,21188.37,29.12,5020.24,7,Cash,2024-02-06
706,Emily Ashley,Madurai,West,Furniture,Table,23903.44,2.15,4862.47,7,Card,2025-05-18
707,James Webb,Trichy,North,Sports,Gym Bag,35145.64,17.74,3646.36,6,UPI,2025-08-28
708,Joseph Archer,Madurai,West,Sports,Cricket Bat,28975.73,15.82,3339.74,4,Net Banking,2024-07-16
709,Angela Austin,Madurai,East,Clothing,T-Shirt,27211.81,5.18,4975.4,2,Cash,2024-12-07
710,Allen Mitchell,Salem,North,Furniture,Cupboard,31807.25,6.05,5461.63,5,Net Banking,2024-02-16
711,Misty Stewart,Salem,South,Furniture,Table,36117.62,29.2,7486.23,2,UPI,2025-07-13
712,Donna Miller,Tirunelveli,North,Furniture,Cupboard,19891.22,7.86,3104,9,Cash,2025-10-30
713,Stephanie Craig,Coimbatore,East,Furniture,Cupboard,29986.86,28.24,2920.41,8,Cash,2025-05-13
714,Derek Dodson,Trichy,West,Electronics,Mobile,46101.42,15.61,4943.18,6,Net Banking,2024-09-28
715,Jerry Hahn,Madurai,East,Electronics,Mobile,41888.67,16.96,5457.93,8,UPI,2024-01-07
716,Kathryn Perez DVM,Madurai,West,Sports,Cricket Bat,41015.62,23.8,3898.05,4,Card,2025-11-06
717,Patricia Hoffman,Coimbatore,North,Groceries,Snacks,39300.57,8.93,9656.66,6,UPI,2025-12-31
718,Melissa Wells,Chennai,West,Furniture,Sofa,40060.95,9.59,8132.07,5,Card,2025-01-08
719,Dustin Swanson,Trichy,South,Sports,Football,6680.31,12.44,1492.86,10,Card,2024-02-25
720,Judy Wilcox,Trichy,West,Electronics,Mobile,18655.58,19,2286.17,1,Cash,2025-01-11
721,Mary Reyes,Coimbatore,North,Electronics,Mobile,4661.83,9.09,579.53,5,Net Banking,2025-07-17
722,Raymond Hardy,Trichy,East,Groceries,Milk,23492.36,29.88,5149.01,8,Card,2024-02-09
723,Doris Maynard,Coimbatore,North,Furniture,Chair,45804.22,11,3280.47,7,Net Banking,2025-08-07
724,Bryan Moon,Salem,East,Groceries,Snacks,42790.67,1.83,3129.19,10,Card,2025-09-29
725,Andrew King,Coimbatore,East,Sports,Cricket Bat,46319.98,16.56,8011.87,7,UPI,2025-01-02
726,Ryan Wong,Coimbatore,East,Clothing,T-Shirt,11178.9,26.28,2252.71,2,Card,2025-02-10
727,Michael Perkins,Chennai,East,Groceries,Rice,39441.71,15.01,5164.54,5,Net Banking,2025-04-16
728,John Davis,Madurai,South,Clothing,Kurti,35633.96,1.55,7469.33,8,Cash,2024-07-31
729,Sarah Daniels,Salem,North,Furniture,Sofa,29527.71,8.09,6534.74,10,Net Banking,2024-03-18
730,Clifford Cervantes,Tirunelveli,West,Furniture,Cupboard,12545.51,20.14,2004.55,2,Cash,2024-11-22
731,Brittany Mason,Madurai,North,Clothing,Jacket,27035.31,27.24,3599.17,7,Net Banking,2025-11-30
732,Christopher Chan,Chennai,North,Furniture,Chair,29094.2,1.33,6247.31,10,Card,2024-12-15
733,Mrs. Jessica Pierce PhD,Trichy,West,Groceries,Milk,17005.73,15.98,3185.67,2,Card,2025-04-09
734,Clayton Small,Chennai,West,Groceries,Oil,48993.08,28.25,11359.63,5,Card,2025-10-22
735,Casey Williams,Madurai,East,Clothing,Jeans,34030.67,6.78,2581.62,9,Cash,2024-05-11
736,Kelly Brown,Coimbatore,South,Furniture,Cupboard,31682.89,18.41,5614.63,10,UPI,2024-11-21
737,Gregory Mcdaniel,Coimbatore,North,Clothing,T-Shirt,5258.61,8.48,1051.24,1,Cash,2025-09-30
738,Amanda Hernandez,Tirunelveli,North,Sports,Cricket Bat,833.99,13.1,141.32,5,Net Banking,2025-08-02
739,Becky Foley,Coimbatore,East,Clothing,Jeans,38875.46,2.92,5774.93,5,UPI,2024-12-16
740,Kristin Welch,Salem,South,Electronics,Smart Watch,7353.75,27.9,1504.16,8,Card,2025-06-28
741,Jennifer Parker,Tirunelveli,North,Sports,Football,5666.07,0.89,347.45,2,Card,2024-11-03
742,Monica Johnson,Chennai,South,Electronics,Mobile,43158.61,14.57,5117.91,6,Cash,2024-08-30
743,Dawn Powers,Coimbatore,South,Furniture,Cupboard,39984.27,9.34,7164.24,5,UPI,2025-05-08
744,Darryl Gonzalez,Tirunelveli,South,Groceries,Rice,42549.25,14.89,3452.78,6,UPI,2025-08-09
745,Mary Walters,Coimbatore,North,Groceries,Oil,26710.56,25.97,1830.82,1,Card,2025-02-03
746,Cameron Mendoza,Tirunelveli,South,Electronics,Headphones,23995.14,29.48,5733.81,3,UPI,2025-09-12
747,Shawn Woodard,Chennai,East,Groceries,Oil,11499.43,14.1,1184.94,9,Net Banking,2024-08-25
748,Kevin Hill,Salem,West,Furniture,Table,42320.84,26.54,6595.74,4,UPI,2025-01-18
749,Jennifer Contreras,Chennai,West,Electronics,Smart Watch,9748.05,12.39,758.44,7,UPI,2025-02-25
750,Angela Davis,Trichy,West,Clothing,T-Shirt,26018.6,3.17,4482.76,8,UPI,2025-06-08
751,Theresa Lewis,Chennai,West,Sports,Football,16307.25,16.99,3546.33,4,Card,2025-01-03
752,Amanda Lawrence,Chennai,South,Furniture,Sofa,21890.31,20.07,4845.71,5,UPI,2024-08-02
753,Alison Bryant,Trichy,North,Sports,Cricket Bat,49149.82,0.67,2931.68,3,Net Banking,2025-10-15
754,Jessica Martin,Madurai,East,Sports,Gym Bag,20161.51,4.39,2217.2,2,Card,2025-02-19
755,Michael Murphy,Trichy,South,Furniture,Chair,47431.94,2.56,3107.44,8,Net Banking,2025-02-09
756,Nathaniel Neal,Salem,West,Furniture,Cupboard,34394.3,5.11,6814.54,6,Cash,2025-09-10
757,Gregory Boyd,Madurai,North,Sports,Gym Bag,16061.68,25.77,1505.18,9,Cash,2025-08-18
758,Christian Price,Coimbatore,East,Sports,Gym Bag,13595.94,11.11,3233.02,6,Cash,2024-06-08
759,Miss Sarah Medina DDS,Trichy,West,Groceries,Rice,30729.14,10.32,5466.88,1,Net Banking,2024-03-22
760,Gabrielle Wilson,Trichy,South,Electronics,Laptop,43848.91,23.35,8677.89,9,Card,2025-10-02
761,Miguel Hill,Chennai,East,Groceries,Milk,6919.15,12.18,811.95,9,UPI,2025-06-12
762,Ashley Mccormick,Madurai,East,Clothing,T-Shirt,40791.54,14,10119.04,1,Card,2025-02-04
763,Shane Graves,Coimbatore,North,Furniture,Sofa,38653.02,14.22,9234.75,7,Card,2025-02-10
764,Ryan Mann,Tirunelveli,West,Groceries,Oil,29583.33,14.99,1998.07,3,Cash,2024-04-27
765,John Lamb,Madurai,East,Sports,Gym Bag,48490.11,23.8,5885.73,7,UPI,2024-02-13
766,Ashley Christensen,Trichy,East,Groceries,Milk,36062.67,8.37,5362.82,9,UPI,2025-07-19
767,Cynthia Medina,Salem,North,Sports,Football,41116.57,13.32,9829.48,2,UPI,2024-11-23
768,Melanie Wilkins,Salem,North,Furniture,Cupboard,2869.56,12.98,207.2,1,Net Banking,2025-07-15
769,Kelly Brooks,Coimbatore,West,Electronics,Laptop,22592.5,1.12,4212.93,2,Net Banking,2025-07-29
770,Jeffrey Smith,Salem,South,Electronics,Headphones,7632.14,15.43,675.7,2,Card,2024-09-16
771,Kent Smith,Madurai,South,Clothing,Jeans,28149.54,27.01,4755.44,6,Card,2025-04-20
772,Lindsey Wilkins,Trichy,West,Electronics,Headphones,15736.5,5.24,2602.67,9,Cash,2025-05-07
773,Monica Wiley DVM,Chennai,North,Electronics,Mobile,38931.26,15.76,4651.18,7,Net Banking,2025-02-06
774,Kimberly Cooper,Madurai,South,Clothing,Jacket,32542.69,4.18,4438.83,10,Card,2024-05-06
775,Jason Newton,Madurai,West,Groceries,Snacks,45833.83,0.93,9828.88,4,UPI,2024-01-01
776,Tyler Cox,Trichy,North,Clothing,Kurti,29950.85,4.97,1573.1,2,UPI,2024-02-10
777,Katherine Coleman,Salem,West,Electronics,Mobile,29131.43,16.52,2147.86,1,Net Banking,2024-12-25
778,Robert Payne,Trichy,South,Electronics,Smart Watch,32597.3,14.27,7819.12,7,Net Banking,2024-01-08
779,Jimmy Dean,Chennai,South,Sports,Football,20994.03,18.14,1511.77,4,Card,2025-06-11
780,Christopher Williams,Trichy,North,Furniture,Cupboard,46582.84,24,4335.12,4,Net Banking,2025-01-26
781,David Nolan,Salem,North,Clothing,T-Shirt,43357.49,7.72,7910.08,2,Card,2025-08-29
782,Joseph Montoya,Trichy,West,Groceries,Snacks,33731.37,29.48,5036.08,9,Card,2025-03-04
783,Jeffrey King,Salem,South,Electronics,Headphones,49493.26,8.2,7871.98,9,Net Banking,2025-11-02
784,John Daugherty,Trichy,South,Clothing,T-Shirt,1618.14,22.19,377.37,1,UPI,2024-03-09
785,Jordan Tran,Coimbatore,West,Sports,Gym Bag,42018.64,18.64,10088.13,2,Card,2024-12-08
786,Olivia Stewart,Madurai,West,Electronics,Smart Watch,42070.63,9.66,2783.38,6,Cash,2025-11-27
787,Sherry Johnson,Chennai,West,Furniture,Table,5164.35,0.41,752.7,3,Cash,2024-05-12
788,Tammy Baker,Madurai,North,Sports,Shoes,23879.08,20.9,2330.66,4,Card,2024-11-03
789,Brian Hill,Tirunelveli,East,Sports,Shoes,45098.64,0.03,2536.98,7,UPI,2025-11-18
790,Debbie Fitzgerald,Coimbatore,West,Sports,Cricket Bat,15344.38,22.44,3769.18,2,UPI,2025-01-15
791,Mary Ramos,Tirunelveli,East,Electronics,Headphones,19779.96,12.25,4007.18,2,Cash,2024-05-12
792,Ryan Mckee,Madurai,West,Furniture,Chair,10386.89,12.18,1458.16,5,Card,2025-01-19
793,Mike Murphy,Tirunelveli,East,Clothing,Kurti,49593.63,18.57,12379.64,2,Card,2025-11-25
794,Jay Howard,Trichy,West,Groceries,Milk,652.54,6.93,116.8,6,Card,2025-12-26
795,James Valenzuela,Chennai,East,Sports,Shoes,36435.4,25.92,4894.95,4,UPI,2025-07-24
796,Jacqueline Wang,Coimbatore,West,Furniture,Chair,47558.25,14.44,3447.34,7,UPI,2024-01-10
797,Joann Montgomery,Madurai,South,Clothing,Jacket,355.19,2,20.75,6,Cash,2025-08-08
798,Steven Martinez,Chennai,East,Groceries,Oil,39628.95,17.36,6788.52,8,Cash,2025-05-20
799,John Robinson,Tirunelveli,North,Clothing,Jacket,12136.91,10.88,620.08,2,Card,2025-02-25
800,Susan Mcintyre,Tirunelveli,North,Groceries,Snacks,47588.84,10.51,4027.63,6,UPI,2025-09-08
801,Bryan Kaiser,Tirunelveli,West,Groceries,Snacks,6138.69,15.95,369.35,1,Cash,2025-01-06
802,Douglas Lowe,Madurai,South,Furniture,Table,800.08,4.01,72.37,9,UPI,2024-10-17
803,William Marshall,Coimbatore,North,Furniture,Sofa,39354.57,21.6,9238.67,1,Card,2025-09-25
804,Sherry Lyons,Tirunelveli,West,Groceries,Oil,44735.9,22.44,4097.35,7,Cash,2024-09-25
805,Jonathan Cameron,Madurai,West,Furniture,Sofa,11751.19,9.64,2362.84,5,Cash,2025-05-18
806,Gregory Barton,Chennai,South,Electronics,Mobile,260.09,4.89,55.32,3,Card,2024-05-13
807,Melanie Jones,Trichy,North,Electronics,Headphones,46173.01,6.95,8997.04,10,Net Banking,2025-03-17
808,Michael Cisneros,Chennai,West,Furniture,Sofa,16687.09,0.62,1323.34,10,Net Banking,2024-03-05
809,Dan Murray,Madurai,South,Sports,Cricket Bat,24672.69,19.23,2349.51,5,UPI,2025-04-02
810,Dr. Devin Walker,Salem,North,Groceries,Milk,23302.42,17.93,1261.65,4,Cash,2024-01-23
811,Joseph Lewis,Chennai,East,Groceries,Rice,39993.92,13.2,7429.79,7,Card,2024-05-21
812,Julie Robbins,Chennai,West,Electronics,Laptop,37342.97,7.98,6074.9,2,Cash,2025-06-01
813,Zachary Martinez,Trichy,North,Electronics,Mobile,21807.39,15.25,2519.96,9,Net Banking,2025-05-26
814,Nicole Jimenez,Trichy,North,Clothing,Jeans,4227.78,24.61,978.34,6,Net Banking,2025-03-26
815,Daniel Duarte,Chennai,North,Sports,Gym Bag,39995.61,27.02,5512.95,2,UPI,2025-06-10
816,Joseph Tyler,Salem,North,Clothing,T-Shirt,49548.57,29.04,7635.42,4,Card,2024-02-24
817,Linda Chen,Coimbatore,South,Furniture,Table,42182.92,27.56,2459.05,10,UPI,2024-01-31
818,Joshua Wilson,Chennai,West,Electronics,Headphones,41781.82,19.66,8441.76,1,Card,2024-04-26
819,Chris Espinoza,Coimbatore,East,Furniture,Sofa,31820.26,2.3,6023.54,6,Net Banking,2025-05-31
820,Sabrina Kane,Madurai,North,Clothing,Kurti,2216.66,15.86,165.33,8,UPI,2024-05-15
821,Luis Obrien,Madurai,East,Electronics,Headphones,32823.71,23,5012.93,6,UPI,2025-09-18
822,Stephanie Stewart,Salem,East,Sports,Shoes,35436.38,27.4,3297.8,9,Card,2025-04-04
823,William Cortez,Coimbatore,North,Sports,Cricket Bat,39584.36,12.03,6415.38,7,Card,2024-12-14
824,Kellie Garcia,Tirunelveli,East,Clothing,Jacket,5757.28,5.18,835.35,4,Cash,2024-11-19
825,Robert Daniel,Tirunelveli,West,Groceries,Rice,27713.91,11.27,2001.55,10,Card,2024-06-04
826,Dana Garrett,Trichy,South,Furniture,Table,37131.45,9.59,8059.22,10,UPI,2024-12-11
827,Susan Davidson,Salem,West,Sports,Shoes,36978.4,11.89,7967.4,6,Net Banking,2024-09-19
828,John Keith,Coimbatore,West,Clothing,Kurti,11430.83,23.43,2072.51,6,Card,2025-05-02
829,Terri Haley,Madurai,North,Electronics,Smart Watch,36188.88,20.91,5990.59,10,UPI,2024-10-04
830,John Roth,Chennai,East,Groceries,Snacks,37896.14,19.87,5145.9,9,Net Banking,2024-09-24
831,Allen Moore,Tirunelveli,South,Electronics,Laptop,21133.05,11.28,2875.87,4,UPI,2024-02-02
832,Shawn Gonzalez,Coimbatore,South,Sports,Football,45434.96,26.12,5882.77,9,Card,2025-04-07
833,Leslie Moore,Coimbatore,North,Clothing,Jacket,44202.79,24.02,4463.83,7,Net Banking,2025-09-09
834,Alexis Arias,Tirunelveli,North,Furniture,Cupboard,37940.87,3.2,7440.18,3,Card,2025-01-09
835,Melissa Jacobs,Tirunelveli,North,Electronics,Mobile,1255.24,8.94,214.56,6,Net Banking,2025-11-03
836,Ashley Hudson,Tirunelveli,North,Furniture,Chair,47031.97,21.85,8698.75,8,Cash,2025-11-01
837,Amanda Pearson,Chennai,North,Furniture,Chair,16198.75,0.5,3906.09,5,UPI,2025-11-30
838,Glenn Choi,Trichy,East,Clothing,Kurti,2637.72,6.68,627.68,6,UPI,2024-07-18
839,Sheila Thompson,Madurai,North,Furniture,Cupboard,37695.02,2.01,8374.72,6,Cash,2024-11-16
840,Elizabeth Johnston,Madurai,South,Sports,Cricket Bat,33448.08,23.44,6211.64,2,Net Banking,2024-12-13
841,Matthew Harris,Trichy,North,Clothing,Jacket,2150.39,0.47,184.01,7,Card,2025-07-31
842,Becky Frye,Madurai,South,Furniture,Chair,35489,29.82,4344.2,5,Net Banking,2024-12-26
843,Barry Dickson,Coimbatore,North,Sports,Gym Bag,36094.48,10.43,5768.84,2,Net Banking,2025-11-10
844,Brittney Stevens,Salem,North,Groceries,Rice,36226.28,1.22,4995.25,2,Card,2024-09-29
845,Melissa Miller,Salem,North,Electronics,Headphones,9343.86,15.88,1504.91,3,UPI,2024-11-30
846,Mackenzie Baker,Coimbatore,West,Clothing,Kurti,45159.59,17.1,9421.05,10,UPI,2025-09-19
847,Garrett Hays,Salem,West,Furniture,Chair,48890.55,12.6,5979.53,8,UPI,2025-08-24
848,Linda Rush,Tirunelveli,North,Groceries,Rice,20070.77,20.99,4997.91,2,Net Banking,2025-07-06
849,Matthew Ayers,Trichy,North,Groceries,Oil,33311.56,14.64,4685.12,4,UPI,2025-09-15
850,Anthony Rodriguez,Salem,North,Clothing,Kurti,5061.15,11.61,1138.96,4,Cash,2025-01-13
851,Victoria Spencer,Coimbatore,South,Groceries,Snacks,43022.16,22.51,8793.71,1,Cash,2025-12-30
852,Ms. Kristin Gutierrez DVM,Chennai,South,Electronics,Laptop,37078.61,14.39,2488.8,1,Net Banking,2024-12-07
853,Brandon Sanchez,Salem,North,Groceries,Oil,8036.05,14.16,1098.38,8,UPI,2025-06-18
854,Evelyn Morrison,Trichy,West,Sports,Gym Bag,43486.74,22.48,3471.47,8,UPI,2024-07-26
855,Heather Short,Salem,West,Electronics,Mobile,39929.71,7.09,2393.52,5,Net Banking,2025-02-28
856,Betty Stevens,Madurai,West,Furniture,Table,30120.72,16.04,2832.8,5,UPI,2025-02-16
857,Kara Rojas,Salem,West,Electronics,Laptop,1561.93,3.98,148.96,8,Cash,2025-05-30
858,David Miller,Tirunelveli,East,Electronics,Mobile,5214.49,1.11,913.21,9,Card,2024-11-30
859,Christopher Stevens,Tirunelveli,West,Clothing,T-Shirt,30151.56,2.14,6350.3,8,Cash,2024-01-06
860,Karla Dunn,Coimbatore,East,Clothing,Jeans,279.53,12.59,43.14,4,UPI,2024-06-09
861,Brian Campbell,Chennai,East,Sports,Shoes,11547.54,17.43,1193.28,5,Net Banking,2025-05-24
862,Elizabeth Contreras,Trichy,East,Groceries,Rice,13480.31,28.6,2058.84,7,UPI,2024-05-31
863,Jeffrey Cruz,Madurai,East,Furniture,Chair,24640.61,14.85,1889.64,4,Net Banking,2024-08-24
864,Craig Norton,Tirunelveli,North,Electronics,Mobile,13015.05,0.66,1705.33,5,Cash,2024-01-01
865,Patrick Rogers,Salem,West,Clothing,Kurti,15786.38,18,2493.74,2,Card,2024-11-29
866,Maria Jones,Salem,South,Electronics,Smart Watch,2099.21,25.41,471.94,6,UPI,2024-12-04
867,Michelle Madden,Coimbatore,North,Clothing,Jeans,26773.7,21.98,3784.56,9,Cash,2025-06-10
868,Timothy Raymond,Madurai,West,Clothing,T-Shirt,46722.12,7.53,4428.18,9,UPI,2024-07-07
869,Carla Castro,Madurai,West,Furniture,Chair,940.92,13.76,138.5,1,Net Banking,2024-05-06
870,Linda Wagner,Tirunelveli,South,Sports,Cricket Bat,29397.35,24.96,2426.23,4,Net Banking,2024-02-07
871,Donna Perry,Chennai,North,Clothing,Kurti,20571.98,17.26,4536.23,5,Net Banking,2024-01-20
872,Sarah Peters,Chennai,East,Clothing,Jacket,37443.95,8.69,3973.5,1,UPI,2025-03-10
873,Anthony White,Trichy,West,Furniture,Sofa,28361.15,26.4,3502.27,3,UPI,2025-04-08
874,Kristin Gutierrez,Salem,North,Electronics,Smart Watch,38141.07,1.56,3315.26,3,Cash,2024-04-11
875,Emily Wells,Trichy,North,Furniture,Chair,25632.5,5.23,1527.13,10,Cash,2025-05-31
876,David Harrison,Trichy,East,Clothing,T-Shirt,32848.7,24.63,3522.73,6,Net Banking,2024-07-02
877,Jacob Hill,Salem,West,Clothing,Jeans,35744.66,24.38,3276.93,9,Cash,2025-01-27
878,Kyle Krueger,Chennai,West,Groceries,Rice,3290.51,27.29,721.37,7,UPI,2024-12-04
879,Molly Dodson,Coimbatore,West,Electronics,Headphones,24213.58,19.68,1685.02,9,UPI,2025-08-02
880,Pamela Alexander,Madurai,East,Sports,Football,42072.97,22.39,7032.8,7,Card,2024-11-15
881,Brittany Fowler,Salem,North,Sports,Football,10509.64,8.41,1330.66,3,Cash,2025-01-31
882,Katherine Chase,Trichy,West,Furniture,Cupboard,36516.6,8.68,5722.68,3,Card,2024-04-17
883,Hannah Howard,Trichy,East,Electronics,Mobile,15556.8,27.35,1637.29,2,Net Banking,2025-02-27
884,Brett Smith,Trichy,South,Groceries,Snacks,4164.55,9.83,701.63,5,Card,2024-01-06
885,Kelly Lopez,Tirunelveli,South,Clothing,Kurti,10156.56,21.38,1116.19,1,Card,2024-04-27
886,Joshua Orr III,Tirunelveli,South,Groceries,Oil,36653.02,4.4,8000.84,10,Cash,2025-03-28
887,Sheila Morris,Madurai,North,Electronics,Headphones,12920.26,19.42,1232.08,7,UPI,2024-01-18
888,Julie Young,Madurai,West,Clothing,Jeans,25116.88,10.94,5876.47,1,Cash,2025-12-23
889,Pamela Pacheco,Tirunelveli,South,Clothing,Kurti,25149.48,26.81,2696.54,2,Net Banking,2024-08-25
890,Penny Anderson,Chennai,North,Electronics,Mobile,49582.36,23.73,11561.42,4,Net Banking,2024-12-04
891,Alexandra Knox,Trichy,South,Electronics,Mobile,9021.65,15.51,878.57,10,Net Banking,2024-05-27
892,Christina Hoffman,Tirunelveli,East,Sports,Football,24553.11,7.08,3489.99,2,UPI,2024-04-16
893,David Stewart,Chennai,West,Electronics,Laptop,4446.79,17.11,1030.47,2,Card,2024-02-10
894,Erica York,Trichy,East,Electronics,Smart Watch,24744.82,21.76,5103.09,8,Cash,2025-08-19
895,Edward Wheeler,Coimbatore,West,Furniture,Chair,3711.31,9.33,704.38,5,UPI,2024-11-08
896,Michael Shaw,Trichy,East,Clothing,T-Shirt,22108.87,12.29,2398.28,2,Net Banking,2025-06-09
897,Anthony Herring,Chennai,East,Clothing,Jeans,33458.79,19.75,7512.35,9,Card,2024-06-13
898,Brenda Phillips,Tirunelveli,East,Sports,Gym Bag,13112.32,23.7,2228.83,3,Cash,2025-10-28
899,Cody James,Chennai,South,Clothing,Jacket,37983.29,27.77,8901.07,3,Cash,2025-05-13
900,Jason Camacho,Salem,North,Groceries,Rice,1494.75,29.4,176.47,8,Card,2025-09-28
901,Melissa Smith,Tirunelveli,East,Sports,Shoes,17449.21,19,2670.26,10,Net Banking,2024-05-20
902,David Willis,Coimbatore,East,Furniture,Table,19640.15,2.54,2619.01,7,Cash,2025-09-25
903,Anthony Miles,Chennai,West,Sports,Football,48801.11,21.7,2837.5,8,Cash,2024-09-22
904,Miranda Barton,Trichy,East,Furniture,Table,48916.64,25.58,9038.42,7,UPI,2025-06-17
905,Jennifer Flores,Coimbatore,West,Furniture,Chair,20843.76,19.83,2453.85,10,Cash,2025-03-21
906,Joan Hammond MD,Trichy,East,Groceries,Snacks,17898.24,5.4,3383.53,9,UPI,2024-07-15
907,Jennifer Hurley,Tirunelveli,South,Sports,Football,3286.84,25.36,536.73,4,Cash,2024-06-05
908,Alexandra Garcia,Tirunelveli,West,Sports,Football,34714.42,11.73,6163.64,5,Cash,2025-01-17
909,Ms. Elizabeth Olson,Chennai,South,Clothing,T-Shirt,45958.11,17.09,3783.1,1,Net Banking,2024-12-13
910,Joshua Proctor,Chennai,East,Clothing,Kurti,41720.7,23.58,3509.77,3,Net Banking,2025-05-10
911,David Page,Chennai,South,Clothing,Jeans,15307.38,4.82,3770.44,7,Net Banking,2025-03-01
912,Jeremy Harris,Chennai,West,Groceries,Oil,39253.69,25.25,7586.63,1,Card,2024-11-02
913,Christopher Watson,Coimbatore,East,Groceries,Snacks,32196.69,15.4,7144.1,3,UPI,2024-08-10
914,Linda Tucker,Salem,East,Furniture,Sofa,33574.59,24.97,7656.51,7,Card,2024-11-21
915,Patricia Collins,Madurai,North,Furniture,Cupboard,38232.05,13.69,9079.32,6,Net Banking,2024-01-23
916,Jennifer Wright,Salem,North,Clothing,Jeans,5201.9,22.54,1104.99,8,Card,2025-04-20
917,Kristin Bauer,Tirunelveli,West,Electronics,Laptop,5818.13,9.19,357.1,2,Net Banking,2024-06-17
918,Jay Black,Trichy,South,Clothing,Jeans,14455.97,2.16,2486.9,2,UPI,2024-03-05
919,Rodney Becker,Madurai,North,Furniture,Sofa,33415.15,14.45,2361.39,7,UPI,2025-11-13
920,Erica Scott,Chennai,West,Furniture,Cupboard,23642.06,17.1,3862.59,6,Net Banking,2024-10-13
921,Sara Hanson,Trichy,South,Furniture,Chair,22408.61,6.3,4081.56,8,Card,2025-09-01
922,Thomas Robinson,Coimbatore,South,Clothing,Jacket,21073.61,22.55,2250.44,6,UPI,2025-08-09
923,Willie Sharp,Trichy,North,Electronics,Headphones,946.12,9.64,87.86,4,Card,2025-05-07
924,Christopher Rhodes,Tirunelveli,East,Furniture,Table,11168.11,1.66,1965.67,10,UPI,2024-12-29
925,Richard Wright,Salem,West,Electronics,Headphones,49101.33,2.19,8225.33,7,UPI,2024-06-07
926,Lisa Martinez,Coimbatore,North,Electronics,Laptop,3220.59,23.25,231.36,7,UPI,2024-04-22
927,Mrs. Lori Mcconnell,Chennai,South,Furniture,Table,47432.51,4.82,9619.08,7,Cash,2025-02-04
928,Jonathan Nguyen,Trichy,South,Clothing,T-Shirt,30017.18,26.6,3582.4,8,UPI,2024-01-30
929,Michelle Brown,Madurai,North,Clothing,Kurti,44301.6,10.06,10966.29,2,Cash,2024-03-29
930,Kyle Rogers,Trichy,North,Electronics,Headphones,45899.75,29.12,6310.11,3,UPI,2024-12-29
931,Tommy Wilson,Trichy,South,Furniture,Chair,35606.23,18.5,8726.27,5,Net Banking,2024-09-26
932,Anna Stuart,Tirunelveli,South,Clothing,T-Shirt,25260.87,4.21,3805.68,9,Card,2025-11-30
933,Sara Duncan,Tirunelveli,East,Sports,Gym Bag,38092.62,5.49,7971.6,4,Cash,2024-06-08
934,Julia Smith MD,Madurai,East,Clothing,Kurti,4218.22,9.11,1053.68,10,Cash,2025-12-15
935,Mrs. Melissa Hill,Trichy,East,Furniture,Cupboard,8762.51,24.7,455.93,6,Net Banking,2024-01-11
936,Jason Sharp,Madurai,West,Groceries,Milk,16984.52,10.32,2273.1,5,Net Banking,2024-09-02
937,Larry Calderon,Chennai,West,Groceries,Milk,8079.47,14.42,781.26,7,Card,2025-11-02
938,Jennifer Hernandez,Chennai,South,Furniture,Cupboard,36233.11,23.18,5750.5,6,Cash,2025-01-05
939,Michelle Lopez,Trichy,East,Sports,Shoes,2820.6,4.01,187.59,10,UPI,2024-08-27
940,Charles Bright PhD,Salem,East,Groceries,Snacks,44249.2,23.11,6740.16,1,Cash,2024-03-12
941,Rhonda Jones,Coimbatore,West,Sports,Shoes,18272.89,23.32,1847.27,8,Card,2025-05-23
942,Louis Garrett,Trichy,North,Furniture,Cupboard,37404.56,2.42,8306.95,3,Cash,2024-09-11
943,Joshua Price,Coimbatore,East,Clothing,T-Shirt,18594.7,29.92,2390.97,6,UPI,2025-07-30
944,Carla Stephens,Tirunelveli,West,Groceries,Milk,18637.04,8.49,2014.61,8,Net Banking,2025-10-18
945,William Wilson,Madurai,South,Electronics,Headphones,27510,15.74,3075.41,10,Net Banking,2024-08-09
946,Debra Henderson,Salem,South,Sports,Football,41376.99,2.56,3921.47,2,Cash,2024-05-03
947,Gregory Taylor,Tirunelveli,East,Furniture,Cupboard,23270.82,26.75,5320.53,4,Net Banking,2024-07-01
948,Wesley Williams,Salem,West,Groceries,Snacks,14784.53,25.61,2530.81,1,Cash,2025-11-18
949,Kimberly Miller MD,Tirunelveli,East,Groceries,Oil,11441.86,18.17,2395.53,7,UPI,2024-07-18
950,Kathleen Clark,Trichy,East,Clothing,Jacket,46937.53,3.88,10059.1,9,UPI,2025-02-20
951,Christopher Martinez,Salem,West,Sports,Football,26482.13,28.1,5434.07,6,Cash,2025-06-12
952,Tanya Robertson,Trichy,East,Electronics,Mobile,48398.66,12.79,7951.56,8,Net Banking,2024-07-31
953,Jennifer Lopez,Coimbatore,North,Clothing,Kurti,20575.45,8.28,2874.93,9,Cash,2025-02-12
954,Ashley Brooks,Madurai,West,Groceries,Snacks,13224.22,22.89,1731.24,2,UPI,2024-01-28
955,Joann Fitzgerald,Salem,West,Furniture,Table,18351.49,28.48,4222.71,5,Card,2024-03-18
956,Allison Hurst,Tirunelveli,South,Clothing,T-Shirt,46423.3,19.67,6043.52,10,Net Banking,2024-02-06
957,Richard Vasquez,Madurai,North,Groceries,Rice,12910.16,27.3,1322.94,3,Cash,2025-11-29
958,Maria Lee,Salem,East,Groceries,Oil,21242.2,3.2,2458.94,4,UPI,2025-12-29
959,Tina Clark,Trichy,East,Clothing,Kurti,34944.83,23.27,4307.72,9,Cash,2024-08-27
960,Rodney Nelson,Salem,East,Furniture,Cupboard,44425.86,28.95,6609.06,3,Net Banking,2024-08-10
961,Jerry Jones,Salem,South,Groceries,Rice,18760.24,18.89,4525.41,4,UPI,2024-02-13
962,Angela Schultz,Trichy,East,Electronics,Smart Watch,45002.49,29.91,10525.25,5,Card,2024-12-05
963,Tracy Gonzalez,Coimbatore,South,Electronics,Smart Watch,14496.9,18.61,2558.12,3,Card,2024-05-17
964,Larry Reyes,Chennai,South,Sports,Football,32583.42,16.09,7643.59,8,UPI,2025-06-23
965,Jennifer Brock,Coimbatore,South,Groceries,Snacks,2265.41,17.23,184.15,1,UPI,2024-04-17
966,Louis Black,Madurai,North,Furniture,Table,16371.51,17.45,3891.13,8,UPI,2025-11-21
967,Deanna Watts,Tirunelveli,West,Clothing,T-Shirt,15816.7,22.01,3062.17,7,Net Banking,2025-01-10
968,Sean Mitchell,Trichy,South,Clothing,Jacket,12886.88,21.34,1792.99,5,Net Banking,2025-03-27
969,James Hicks,Madurai,North,Furniture,Cupboard,514.67,4.63,71.51,3,Card,2024-09-11
970,Anna Garcia DDS,Coimbatore,South,Furniture,Table,24212.56,4.94,5663.58,5,UPI,2025-02-25
971,Tracy Norris,Trichy,North,Sports,Football,18082.46,20.62,3382.1,5,UPI,2025-06-14
972,Lindsay Green,Madurai,East,Furniture,Sofa,34390.99,1.66,6105.47,4,Net Banking,2025-03-05
973,Scott Price,Chennai,South,Furniture,Cupboard,37839.77,22.92,6458.77,10,UPI,2024-10-12
974,Nicole Lewis,Trichy,East,Electronics,Smart Watch,46633.95,27.78,11109.18,8,Net Banking,2024-10-25
975,Linda Malone,Chennai,South,Furniture,Sofa,32664.21,19.86,2317.14,7,Card,2024-07-20
976,Shawn Burgess,Coimbatore,North,Sports,Gym Bag,2801.34,18.94,426.71,4,UPI,2024-04-11
977,Colleen Rivera,Trichy,North,Sports,Shoes,7947.18,18.68,763.4,5,Cash,2024-09-07
978,Catherine Hart,Salem,South,Electronics,Mobile,3427.05,0.3,268.84,4,Cash,2024-01-09
979,Peter Tran,Trichy,South,Sports,Gym Bag,18890.08,14.09,3133.91,3,Cash,2025-02-01
980,Gary Jones,Trichy,South,Groceries,Snacks,15043.07,1.59,764.89,9,Card,2025-04-08
981,Dakota Hernandez,Coimbatore,North,Groceries,Rice,36180.15,15.59,8773.4,8,Net Banking,2025-02-16
982,Tara Taylor,Salem,East,Sports,Football,35711.83,13.16,8476.99,8,Card,2024-08-13
983,Joanna Wells,Coimbatore,West,Furniture,Cupboard,3744.53,6.71,454.47,8,Card,2025-05-13
984,William Phillips,Trichy,South,Electronics,Laptop,49759.71,26.26,12410.38,3,Cash,2025-02-11
985,Robert Daniel,Madurai,East,Furniture,Table,21646.04,29.67,4683.52,6,Card,2024-07-16
986,Bruce Roberts,Trichy,South,Sports,Football,20278.95,11.05,2816.33,8,UPI,2025-11-17
987,Rachael Blackburn,Madurai,South,Groceries,Snacks,23554.35,27,2612.2,8,Card,2025-07-09
988,Victor Vargas,Tirunelveli,West,Sports,Football,1716.44,29.72,118.55,8,Card,2024-03-31
989,Joshua Henderson,Trichy,West,Electronics,Mobile,24901.57,0.34,2405.11,7,Net Banking,2024-08-12
990,Amy Jones,Coimbatore,North,Sports,Cricket Bat,20307.87,18.98,3868.72,3,Net Banking,2024-03-16
991,Brent Gaines,Salem,West,Groceries,Oil,26013.12,27.01,3754.79,9,Cash,2025-08-14
992,Dustin Rodgers,Chennai,North,Sports,Football,42383.88,22.66,3572.41,1,UPI,2024-07-07
993,Mckenzie Price,Trichy,North,Sports,Football,27785.87,23.38,4221.19,8,Cash,2024-07-01
994,Nathan Phillips,Tirunelveli,North,Electronics,Smart Watch,21051.36,14.47,4422.72,5,UPI,2025-04-04
995,Andrea Barnett,Salem,West,Electronics,Headphones,22767.11,24.85,5108.07,5,Card,2024-09-11
996,Travis Griffin,Salem,West,Clothing,T-Shirt,37117.09,22.8,7124.74,5,Card,2024-04-21
997,Hector Fuentes,Trichy,South,Groceries,Oil,23729.5,1.78,2155.32,2,Cash,2024-01-04
998,Rebecca Powell,Tirunelveli,North,Clothing,T-Shirt,15475.08,11.63,1465.9,6,UPI,2024-05-25
999,Tara Baker,Coimbatore,South,Electronics,Laptop,3300.57,8.39,418.63,5,Card,2024-12-29
1000,Tyler Lara,Salem,North,Clothing,T-Shirt,30583.67,5.77,5676.27,8,Cash,2025-04-15
1001,James Dixon,Salem,South,Clothing,T-Shirt,5357.03,2.73,852.85,1,Cash,2024-09-16
1002,Jeffrey Buck,Chennai,West,Sports,Football,23494.07,0.63,2003.3,2,UPI,2025-06-03
1003,Richard Ritter,Madurai,West,Electronics,Laptop,4647.73,7.17,413.58,3,Net Banking,2024-04-24
1004,Monica Anderson,Chennai,South,Clothing,Jacket,30565.32,20.62,6699.43,10,Cash,2025-04-27
1005,Mr. Paul Brady,Coimbatore,West,Clothing,T-Shirt,47071.68,13.05,10109.99,1,Card,2025-07-07
1006,Ryan Elliott,Tirunelveli,East,Furniture,Cupboard,36962.84,1.15,4058.82,6,Cash,2025-12-04
1007,Jeffrey Norris,Tirunelveli,East,Clothing,Jacket,15826.33,1.73,1247.25,9,Card,2025-08-24
1008,Amanda Chan,Coimbatore,North,Groceries,Rice,22367.57,28.72,1970.54,4,UPI,2025-06-17
1009,Taylor Cuevas,Tirunelveli,North,Groceries,Oil,46543.54,2.2,11481.22,1,Cash,2025-01-04
1010,Michael Carter,Chennai,West,Groceries,Rice,31970.95,19.1,7425.75,10,Card,2025-11-10
1011,Benjamin Orr,Chennai,West,Groceries,Oil,43522.05,28.08,2459.06,7,Net Banking,2025-12-25
1012,Tonya Martin,Coimbatore,North,Electronics,Laptop,43746.48,18,3271.27,8,Net Banking,2025-11-21
1013,Sherry Copeland,Chennai,North,Electronics,Mobile,43584.72,21.96,7781.62,8,Net Banking,2025-11-09
1014,James Lee,Tirunelveli,West,Clothing,Jacket,32700.49,17.07,2033.14,9,Net Banking,2025-12-11
1015,Danielle Owens,Trichy,North,Furniture,Cupboard,14512.55,7.69,3098.44,3,Card,2025-08-13
1016,Terry Davis,Coimbatore,North,Electronics,Mobile,11825.25,26.47,1760.05,8,UPI,2025-06-14
1017,Kimberly Rogers,Coimbatore,East,Sports,Cricket Bat,30107.36,6.72,6259.82,3,Net Banking,2025-01-18
1018,Anthony Jenkins,Tirunelveli,North,Groceries,Milk,30791.78,29.31,3709.18,4,Cash,2024-03-26
1019,David Copeland,Coimbatore,North,Groceries,Snacks,1852.88,10.43,146.95,4,Card,2025-01-26
1020,Sydney Leonard,Salem,South,Electronics,Mobile,6431.17,17.33,608.2,6,UPI,2024-12-18
1021,Jason Castro,Tirunelveli,West,Groceries,Oil,39971.21,21.06,5604.16,2,Net Banking,2025-03-10
1022,Stephanie Phillips,Madurai,West,Clothing,Jacket,20927.31,28.55,4248.6,3,Net Banking,2024-01-03
1023,Patrick Hooper,Chennai,North,Clothing,T-Shirt,40446.11,15.83,4139.04,1,Cash,2024-05-21
1024,Chad Berry,Trichy,South,Sports,Cricket Bat,48805.88,25.51,5660.59,8,Card,2025-11-22
1025,John Griffin,Chennai,East,Electronics,Smart Watch,11694.38,6.68,1684.37,9,Cash,2025-04-13
1026,Veronica Hughes,Madurai,South,Electronics,Headphones,11382.37,29.72,2326.08,5,Net Banking,2024-11-18
1027,Nicole Morgan,Madurai,West,Sports,Gym Bag,7063.38,11.96,860.79,7,UPI,2024-03-22
1028,Vickie Jones,Chennai,East,Groceries,Milk,6442.09,18.57,779.62,3,Cash,2025-12-06
1029,Ronald Hanson,Tirunelveli,East,Furniture,Sofa,27250.84,28.05,3374.48,10,Card,2024-11-24
1030,Timothy Kim,Trichy,East,Sports,Cricket Bat,43071.9,16.08,7667.19,4,Cash,2024-08-12
1031,Brian Carrillo,Trichy,North,Groceries,Rice,10508.88,0.2,2070.68,1,UPI,2024-10-19
1032,Michael Watkins,Chennai,South,Sports,Gym Bag,4608.3,27.94,524.68,2,Cash,2024-01-11
1033,Laura Mendez,Chennai,North,Clothing,Kurti,13010.68,2.95,1618.28,4,UPI,2024-07-02
1034,Ricky Buchanan,Chennai,East,Groceries,Snacks,16841.73,3.68,3062.13,7,UPI,2024-07-13
1035,Anthony Keith,Coimbatore,East,Clothing,Kurti,36299.36,2.5,2026.77,1,Card,2024-05-07
1036,Tara Pineda,Chennai,East,Groceries,Snacks,22377.17,12.74,5176.28,3,UPI,2024-06-25
1037,Kimberly Holland,Tirunelveli,North,Furniture,Chair,45145.22,28.76,4758.56,6,Net Banking,2025-05-12
1038,Beth Sweeney,Tirunelveli,South,Groceries,Milk,27260.29,3.66,1657.13,4,Cash,2025-11-03
1039,Steven Smith,Madurai,East,Clothing,Jacket,22226.19,26.46,3320.05,9,Card,2025-06-03
1040,Michael Smith,Salem,North,Furniture,Chair,14652.15,15.47,1883.71,6,UPI,2025-06-25
1041,Cassandra Kirk,Madurai,West,Sports,Gym Bag,6829.36,2.96,500.72,2,UPI,2024-04-09
1042,Rachel Weiss,Salem,North,Groceries,Oil,6934.58,12.59,1587,7,UPI,2024-07-31
1043,Sandra Blackburn,Chennai,South,Sports,Shoes,28083.42,23.27,2820.85,1,Cash,2025-01-31
1044,Jeffrey Robinson,Chennai,East,Sports,Cricket Bat,40967.04,21.11,2198.21,4,UPI,2025-12-04
1045,Donald Johnson,Trichy,North,Groceries,Milk,21046.28,13.05,1251,4,Cash,2024-08-11
1046,Lisa Jackson,Chennai,South,Furniture,Chair,18734.24,1.2,1793.59,8,Net Banking,2024-12-23
1047,Thomas Rodriguez,Chennai,East,Furniture,Table,24572.6,10.58,5744.88,10,Card,2025-04-16
1048,Michael Smith,Salem,North,Groceries,Oil,26349.18,9.11,6293.11,6,Cash,2025-04-17
1049,Ronald Knight,Tirunelveli,East,Groceries,Rice,12671.07,12.84,1724.98,6,Cash,2024-04-06
1050,Johnathan Chavez,Chennai,East,Electronics,Laptop,4403.63,24.45,671.54,10,Card,2024-04-13
1051,Jonathan Mendoza,Madurai,North,Clothing,Jeans,19729.3,20.31,2777.56,3,UPI,2025-10-10
1052,Kenneth Parker,Salem,South,Groceries,Snacks,31674.76,18.88,7196.91,4,Card,2025-08-20
1053,Michael Daniel,Chennai,South,Furniture,Sofa,46213.61,25.36,2807.3,6,Net Banking,2025-07-28
1054,Alexis Davenport,Coimbatore,West,Clothing,T-Shirt,15566.53,4.76,3295.09,2,Card,2024-08-21
1055,Laura Waters,Tirunelveli,North,Sports,Cricket Bat,917.45,25.75,201.76,9,UPI,2024-09-27
1056,Gwendolyn Ramirez,Salem,East,Furniture,Sofa,13353.85,24.83,2739.64,5,Card,2024-01-28
1057,Michael Mcgrath,Chennai,East,Electronics,Headphones,49217.62,12.24,4066.56,4,Card,2024-05-31
1058,Ms. Lisa Chen,Trichy,North,Clothing,Jeans,18453.92,12.1,1697.34,5,Card,2025-11-17
1059,Debbie Dixon,Trichy,South,Furniture,Table,42899.88,29.13,9425.62,10,Card,2025-10-29
1060,Audrey Nelson,Tirunelveli,North,Groceries,Snacks,3702.99,19.53,700.65,1,Net Banking,2024-04-29
1061,Albert Cook,Madurai,West,Sports,Football,42830.23,20.1,8455.31,6,Card,2024-02-03
1062,Meredith Martinez,Chennai,East,Groceries,Oil,20811.72,12.33,2274.75,7,Cash,2025-09-22
1063,Autumn Nelson,Madurai,South,Clothing,Kurti,17438.7,0.13,2338.39,2,Cash,2025-07-28
1064,Cindy Garcia,Tirunelveli,West,Clothing,Jeans,39439.41,27.52,6988.31,8,Card,2024-08-30
1065,Victor Deleon,Tirunelveli,West,Sports,Shoes,27647.19,29.11,5289.37,6,Cash,2024-07-18
1066,Justin Gonzalez,Madurai,South,Electronics,Headphones,34817.18,13.68,7192.65,1,Cash,2024-07-18
1067,Jeffrey Baker,Tirunelveli,East,Groceries,Milk,21179.22,23.23,4310.35,5,Card,2024-03-13
1068,Monica Lucas MD,Chennai,West,Furniture,Table,31553.64,15.82,1973.79,10,Net Banking,2025-02-26
1069,Michele Knox,Madurai,South,Furniture,Sofa,38316.85,10.77,2435.54,5,Cash,2025-07-01
1070,Dr. Kevin Ward,Madurai,North,Electronics,Smart Watch,47216.14,12.74,10854.09,5,Net Banking,2025-10-18
1071,Tyler Cruz,Salem,East,Clothing,Jacket,8948.45,23.55,1033.57,5,Cash,2024-11-30
1072,Damon Nguyen,Chennai,South,Groceries,Milk,37650.34,0.42,8370.77,4,Net Banking,2024-11-11
1073,Robert Davis,Madurai,South,Groceries,Rice,19910.59,4.77,1803.09,9,UPI,2024-11-26
1074,Matthew Newman,Tirunelveli,South,Groceries,Milk,12275.34,24.02,2647.54,10,Cash,2025-09-15
1075,Juan Guerrero,Coimbatore,South,Groceries,Rice,26700.19,19,6525.41,9,Net Banking,2025-02-18
1076,Pamela Gibson,Trichy,South,Electronics,Headphones,25334.93,11.53,2293.08,1,Cash,2025-07-05
1077,Kimberly Harris,Coimbatore,East,Clothing,T-Shirt,42343.31,19.32,4140.77,10,Cash,2025-09-26
1078,Elizabeth Hansen,Madurai,South,Clothing,Jacket,3666.37,13.11,887.62,10,Card,2024-11-13
1079,Brandon Russell,Madurai,North,Sports,Gym Bag,49647.08,3.34,12299.52,8,Net Banking,2024-01-15
1080,Steven Ellis,Trichy,South,Groceries,Oil,21521.87,28.04,4041.14,4,Cash,2025-10-23
1081,Justin Martinez,Tirunelveli,North,Sports,Shoes,42139.66,4.61,9072.38,5,Card,2025-09-03
1082,William Long,Chennai,West,Sports,Shoes,8978.94,12.26,1203.83,4,Card,2024-06-08
1083,Anne Mcguire,Salem,South,Sports,Gym Bag,8960.36,25.41,763.24,6,Net Banking,2024-06-14
1084,Nicholas Wells,Trichy,West,Groceries,Milk,30820.61,14.37,6478.87,5,UPI,2025-11-09
1085,Kelsey Reid,Chennai,North,Groceries,Milk,942.15,29.93,224.1,2,Card,2025-04-12
1086,Karen Johnson,Madurai,South,Electronics,Headphones,11040.65,11.09,2044.2,5,Card,2024-04-18
1087,Yolanda Pena,Salem,North,Sports,Cricket Bat,16549.98,1.58,3114.14,6,UPI,2024-06-25
1088,Mr. Stephen Mosley,Tirunelveli,East,Clothing,T-Shirt,36351.15,3.38,3828.72,2,Net Banking,2024-11-08
1089,William Brown,Coimbatore,South,Electronics,Laptop,22721.18,10.11,4138.74,2,Card,2024-02-26
1090,Noah Elliott,Madurai,East,Clothing,Jeans,19117.48,2.41,1295.84,5,UPI,2025-01-14
1091,Brian Baker,Trichy,North,Electronics,Headphones,1805.42,24.41,399.74,7,UPI,2024-05-25
1092,Christina Miller,Salem,East,Electronics,Laptop,24089.1,22.81,5371.97,1,Cash,2024-06-07
1093,Mr. Ivan Galloway,Coimbatore,West,Clothing,Jacket,9966.14,0.22,589.64,1,UPI,2024-11-15
1094,Martha Williams,Salem,West,Clothing,Kurti,39575.63,22.2,9566.18,5,Cash,2024-08-27
1095,Aaron White,Coimbatore,East,Sports,Shoes,48250.51,15.38,4867.89,9,UPI,2025-04-05
1096,Lauren Stokes,Coimbatore,South,Sports,Cricket Bat,39681.33,13.03,7497.63,6,Card,2024-03-08
1097,Kendra Parker,Trichy,South,Sports,Cricket Bat,25656.17,22.22,2376.84,6,Cash,2025-05-08
1098,Blake Suarez,Tirunelveli,North,Sports,Cricket Bat,26698.01,29.98,3094.47,9,Card,2025-11-05
1099,Theresa Mitchell,Salem,South,Electronics,Laptop,10288.84,16.25,2226.01,5,Net Banking,2025-04-22
1100,Devin Watson,Salem,South,Groceries,Milk,47028.74,5.68,3901.45,9,Net Banking,2024-11-13
1101,David Page,Salem,West,Sports,Football,14440.73,27.41,2400.08,3,Net Banking,2025-11-12
1102,Larry Collins,Trichy,West,Furniture,Cupboard,44377.78,6.08,9145.63,9,Card,2024-04-05
1103,Samuel Goodwin,Coimbatore,North,Clothing,Kurti,46731.99,24.29,5050.04,2,UPI,2025-08-05
1104,Robert Calderon,Salem,North,Electronics,Headphones,47869.46,5.66,8301.87,10,Net Banking,2024-06-23
1105,Michelle Baldwin,Chennai,West,Electronics,Mobile,12037.04,15.05,1407.86,3,Cash,2025-06-26
1106,Matthew Mahoney,Madurai,East,Sports,Shoes,803.65,27.04,133.78,9,Net Banking,2024-05-18
1107,Margaret Berry,Coimbatore,East,Clothing,Jacket,9267.99,15.54,802.16,4,UPI,2025-01-03
1108,Jessica Parks,Madurai,North,Furniture,Sofa,33831.54,16.37,8454.98,10,UPI,2024-02-12
1109,Rick Oneal,Madurai,West,Furniture,Chair,19877.95,28.36,3412.79,1,Cash,2024-05-06
1110,Eric Owen,Coimbatore,South,Sports,Football,41974.05,17.7,8209.34,1,UPI,2025-01-26
1111,Chad Higgins,Trichy,West,Groceries,Rice,33756.13,7.67,7818.29,1,Card,2024-09-20
1112,Sarah Gonzales,Madurai,West,Sports,Cricket Bat,5540.5,18.73,650.34,3,UPI,2025-09-07
1113,Erika Conley,Trichy,North,Furniture,Chair,46356.4,2.05,10009.53,3,Card,2025-09-08
1114,Mario Woodard,Coimbatore,West,Groceries,Milk,48824.42,6.32,9366.59,4,Cash,2025-09-11
1115,Isabella Maynard,Coimbatore,North,Clothing,T-Shirt,21009.89,5.11,2274.13,4,Net Banking,2024-01-18
1116,Jason Sharp,Salem,South,Electronics,Smart Watch,32371.01,23.19,6390.04,7,UPI,2025-12-21
1117,Melanie Johnson,Trichy,East,Clothing,Kurti,8939.98,11.4,681.15,8,Cash,2024-12-16
1118,Rebecca Russell DDS,Madurai,East,Sports,Shoes,24720.76,4.02,4692.14,5,Net Banking,2024-05-09
1119,Richard Roberts,Trichy,East,Furniture,Cupboard,30954.86,3.55,4066.55,7,UPI,2024-11-12
1120,Michael Conrad,Madurai,East,Clothing,Jeans,37565.17,27.88,3735.41,7,Net Banking,2025-06-05
1121,Kenneth Buchanan,Salem,East,Groceries,Rice,37289.23,15.94,4621.62,2,UPI,2024-09-27
1122,Amber Kelly,Madurai,South,Sports,Gym Bag,43346.2,7.6,5513.92,10,UPI,2025-05-20
1123,Jason Deleon,Madurai,East,Clothing,Jacket,19101.36,17.54,982.35,8,UPI,2024-08-30
1124,Darlene Williams,Tirunelveli,West,Furniture,Sofa,33839,18.04,2408.55,4,Card,2025-04-27
1125,Michael Roberts,Trichy,West,Sports,Shoes,28727.07,4.54,6056.26,1,UPI,2024-11-06
1126,Molly Knight,Madurai,North,Furniture,Sofa,43958.83,20.31,10759.11,7,Net Banking,2024-11-06
1127,Jacob George,Madurai,South,Sports,Shoes,36615.84,16.46,7800.31,8,Cash,2024-07-17
1128,Nicholas Reed,Salem,West,Electronics,Mobile,42546.68,9.02,4651.25,1,Net Banking,2024-06-11
1129,Natalie Powell,Trichy,East,Clothing,Kurti,28919.44,28.75,2129.82,2,Card,2025-11-24
1130,Joel Short,Chennai,East,Sports,Cricket Bat,34318.24,13.95,2796,3,Card,2024-05-09
1131,Sarah Ross,Salem,East,Sports,Football,29952.33,14.11,3962.95,1,Cash,2025-09-26
1132,Olivia Eaton,Coimbatore,East,Groceries,Milk,43358.65,7.65,3487.21,5,Cash,2025-07-01
1133,Brian Perez,Trichy,North,Furniture,Chair,6688.43,23.01,485.24,3,UPI,2024-05-10
1134,Sandra Rice,Chennai,South,Electronics,Headphones,8259.83,3.46,1157.05,10,UPI,2024-01-28
1135,Christopher Cruz,Madurai,East,Sports,Football,23116.15,5.53,1805.49,4,UPI,2024-06-16
1136,Michael Johnson,Coimbatore,North,Sports,Shoes,31712.77,9.62,3230.82,7,Cash,2024-07-26
1137,Dr. Ashley Wang,Tirunelveli,West,Electronics,Laptop,3353.81,3.08,231.81,8,Net Banking,2024-12-15
1138,Shane Baker,Coimbatore,South,Clothing,Jacket,2407.59,24.62,573.99,9,Net Banking,2024-06-30
1139,Nicholas Williams,Coimbatore,South,Sports,Shoes,38019.94,1.91,4421.75,10,Net Banking,2025-11-13
1140,Taylor Short,Trichy,West,Furniture,Table,18694.71,9.08,1558.93,9,Cash,2024-07-13
1141,Thomas Waters,Trichy,West,Furniture,Cupboard,16582.57,27.81,3645.95,8,Cash,2024-08-12
1142,Heather Carter,Tirunelveli,West,Clothing,Jacket,46615.96,2.58,7792.63,8,Cash,2024-02-27
1143,Sean Patton,Salem,South,Groceries,Rice,41296.5,8.81,8653.72,2,Cash,2024-05-03
1144,Amy Jackson,Madurai,South,Groceries,Oil,15619.04,0.77,1201.47,9,Cash,2025-01-15
1145,Diana Cook,Chennai,South,Groceries,Milk,1239.57,0.24,277.26,6,Card,2024-09-03
1146,Susan Bradley,Madurai,South,Furniture,Chair,42415.12,22.72,4398.09,2,Cash,2025-05-25
1147,Jennifer Adams,Coimbatore,West,Electronics,Smart Watch,47284.76,16.9,3985.15,3,UPI,2024-05-17
1148,Ronald Martinez,Madurai,North,Furniture,Chair,33743.49,12.97,1977.76,1,Net Banking,2024-09-01
1149,Michael Huff,Madurai,East,Electronics,Smart Watch,42895.24,20.83,9044.7,1,Net Banking,2025-09-28
1150,Amy Mitchell,Madurai,East,Groceries,Oil,9921.66,7.05,1091.49,6,Card,2025-11-08
1151,Sharon Howell,Chennai,North,Furniture,Sofa,37149.21,28.22,1904.76,5,Card,2025-09-24
1152,Jessica Le,Madurai,South,Groceries,Milk,12338.68,22.98,2356.97,3,Card,2025-01-27
1153,Aaron Richardson,Coimbatore,West,Clothing,Kurti,11049.91,27.76,1331.6,2,Cash,2024-10-26
1154,Tara Stokes,Chennai,East,Clothing,Jacket,14410.9,27.02,2958.78,7,UPI,2025-01-17
1155,Anthony Stewart,Salem,North,Furniture,Chair,47489.25,16.41,7899.72,9,Cash,2024-05-08
1156,Kathryn Gardner,Coimbatore,North,Clothing,Jacket,27428.05,24.48,2749.18,4,Net Banking,2025-04-15
1157,Angela Cohen,Salem,East,Groceries,Milk,23286.97,0.65,2720.23,6,Cash,2024-02-15
1158,Amanda Decker,Coimbatore,West,Furniture,Table,6083.13,21.1,669.49,7,Net Banking,2024-11-22
1159,David Morrison,Trichy,South,Electronics,Mobile,19239.61,29.72,4024,1,Cash,2025-03-20
1160,Courtney Powell,Coimbatore,East,Electronics,Laptop,8356.52,14.45,1525.87,2,Net Banking,2024-09-20
1161,Lisa Humphrey,Coimbatore,South,Groceries,Rice,37976.99,4.68,1943.06,3,Net Banking,2025-02-18
1162,Erica Francis,Salem,East,Groceries,Oil,13440.87,7.84,1876.81,3,Card,2024-02-06
1163,Anthony Brown,Trichy,East,Electronics,Headphones,35619.73,18.86,3908.02,7,Net Banking,2024-06-14
1164,John Mckinney,Salem,North,Sports,Cricket Bat,27311.9,7.57,4565.16,3,Card,2025-03-21
1165,Joseph Lee,Tirunelveli,West,Clothing,Jeans,3663.85,4.85,641.73,4,Cash,2024-11-09
1166,Sarah Ramsey,Salem,East,Groceries,Rice,24322.84,11.04,2594.77,4,Card,2025-04-21
1167,Olivia Combs,Salem,West,Clothing,Jeans,35627.33,15.72,4220.93,3,UPI,2024-04-17
1168,Trevor Smith,Salem,North,Groceries,Oil,1838.74,6.92,379.82,10,UPI,2025-03-23
1169,Stephanie Cantrell,Coimbatore,South,Groceries,Rice,23714.69,6.34,4975.95,6,Cash,2025-12-11
1170,Andrew Robinson,Coimbatore,East,Sports,Football,37102.84,23.65,7644.42,1,Cash,2024-04-02
1171,Denise Baker,Coimbatore,East,Furniture,Sofa,3726.19,8.94,833.79,9,UPI,2025-08-17
1172,George Warner,Coimbatore,West,Groceries,Milk,27013.09,22.07,4600.73,5,Card,2024-02-29
1173,Maria Williams,Tirunelveli,West,Furniture,Sofa,42840.81,25.74,10706.29,8,Net Banking,2024-04-29
1174,Samantha Jones,Madurai,North,Furniture,Cupboard,34564.85,13.05,6095.55,5,Cash,2025-09-30
1175,Emily Jacobs,Madurai,South,Furniture,Sofa,28973.28,18.44,7058.62,6,Cash,2025-11-09
1176,James Willis,Trichy,East,Groceries,Snacks,27846.15,13.25,3517.98,3,Net Banking,2025-10-13
1177,Dawn Cooper,Tirunelveli,West,Clothing,Kurti,16110.61,12.63,2794.75,4,Card,2024-03-08
1178,Sarah Pruitt,Coimbatore,West,Sports,Gym Bag,21910.59,26.44,4991.43,4,UPI,2024-04-19
1179,Richard Washington,Madurai,North,Groceries,Oil,41286.37,10.5,5587.53,7,Net Banking,2024-07-30
1180,Christine Perry,Madurai,North,Sports,Shoes,33711.34,10.48,1853.37,10,UPI,2025-01-06
1181,Olivia Spears,Chennai,West,Groceries,Rice,33183.33,12.28,2515.14,1,Net Banking,2024-04-16
1182,Christopher Lopez,Trichy,South,Furniture,Table,42296.52,8.15,7457.07,1,Net Banking,2024-06-15
1183,Ivan Newman,Madurai,East,Sports,Football,5896.54,9.59,682.6,8,UPI,2025-09-21
1184,James Lambert,Tirunelveli,South,Furniture,Cupboard,11106.05,25.42,2216.43,8,UPI,2024-01-23
1185,Heidi James,Chennai,West,Groceries,Snacks,19424.72,14.24,2365.68,10,Cash,2025-11-01
1186,David Gibbs,Salem,North,Groceries,Rice,22178.21,6.59,2102.98,5,Net Banking,2025-06-03
1187,Tina Anderson,Chennai,South,Sports,Shoes,33755.9,28.38,8250.6,6,UPI,2025-09-03
1188,Andrew Watson,Tirunelveli,West,Electronics,Laptop,37689.58,16.07,9099.33,4,Cash,2024-06-17
1189,Jason Bell,Chennai,South,Sports,Cricket Bat,36673.94,12.56,6118.9,1,UPI,2024-12-14
1190,Claudia Meyers,Chennai,North,Furniture,Sofa,46222.04,29.58,8161.71,1,Cash,2025-08-22
1191,Suzanne Maldonado,Tirunelveli,East,Electronics,Laptop,12899.67,6.22,2462.76,9,Cash,2025-04-01
1192,Samuel Marks,Coimbatore,North,Clothing,Jeans,35752,14.45,5539.84,1,Cash,2024-12-27
1193,Courtney Hopkins,Coimbatore,North,Groceries,Milk,48285.13,19.2,9870.3,3,Card,2024-10-14
1194,Rachel Lee,Tirunelveli,North,Furniture,Table,31920.96,0.28,5131.28,2,Cash,2024-07-14
1195,Steven Jackson,Madurai,North,Electronics,Mobile,39509.09,8.99,3483.71,9,Net Banking,2025-06-21
1196,Jamie Anderson,Madurai,West,Furniture,Chair,47503.28,2.48,5690.13,3,UPI,2025-10-04
1197,Jessica Rodriguez,Madurai,West,Sports,Cricket Bat,1592.83,1.07,308.86,5,Net Banking,2025-05-18
1198,Michelle Martin,Trichy,South,Furniture,Sofa,2005.47,14.55,250.55,10,UPI,2025-08-22
1199,Elizabeth Bell,Chennai,North,Furniture,Table,20528.88,3.99,4848.61,2,UPI,2025-09-30
1200,Lynn Salazar,Coimbatore,West,Sports,Shoes,30501.06,15.41,4517.95,6,Net Banking,2024-01-17
1201,Betty Miller,Salem,North,Sports,Cricket Bat,5538.81,14.02,1287.6,7,UPI,2025-06-14
1202,Tiffany Bullock,Madurai,West,Electronics,Laptop,9161.46,10.6,1972.51,9,Card,2024-11-03
1203,Misty Wolf,Coimbatore,West,Electronics,Headphones,15558.73,16.52,1163.59,3,Net Banking,2025-09-27
1204,Heather Wagner,Tirunelveli,South,Electronics,Laptop,23997.06,0.63,5773.12,10,Card,2025-01-04
1205,Joseph Monroe,Chennai,South,Sports,Shoes,6364.03,19.89,1505.87,7,Cash,2024-01-22
1206,Brian Spencer,Madurai,South,Electronics,Mobile,16439.01,13.91,860.76,6,Net Banking,2025-12-06
1207,Paul Lyons,Chennai,West,Electronics,Headphones,32197.77,6.75,5347.86,10,Card,2024-02-07
1208,Allison Gonzales,Trichy,South,Groceries,Milk,44531.68,12.68,4086.54,9,Cash,2025-12-20
1209,Jennifer Maxwell,Tirunelveli,North,Electronics,Headphones,19627.97,10.07,1254.8,6,Cash,2024-12-23
1210,Amy Welch,Salem,South,Groceries,Oil,40516.68,8.53,7983.62,9,UPI,2025-12-11
1211,Kelsey Guzman,Salem,North,Electronics,Laptop,9488.48,13.71,1954.7,1,Cash,2025-02-06
1212,Carrie Mccoy,Coimbatore,South,Sports,Football,8139.19,25.04,1174.13,5,UPI,2025-03-29
1213,Tiffany Williams,Coimbatore,West,Electronics,Mobile,49610.02,24.97,7567.84,5,Cash,2024-02-19
1214,John Morgan,Salem,West,Sports,Gym Bag,12257.54,25.71,2120.58,2,UPI,2025-05-04
1215,Karen Baxter,Tirunelveli,South,Electronics,Headphones,15357.34,14.28,3708.82,5,Net Banking,2024-08-12
1216,Kimberly Cook,Salem,North,Sports,Gym Bag,40316.18,1.99,9695.35,9,UPI,2024-07-22
1217,Thomas Nichols,Chennai,East,Furniture,Table,20558.88,15.1,4277,1,Net Banking,2024-09-13
1218,Cynthia Diaz,Coimbatore,East,Electronics,Laptop,34722.94,20.18,4227.85,5,Cash,2024-06-22
1219,Michael Baker,Salem,East,Clothing,T-Shirt,30106.54,28.91,6513.68,10,UPI,2024-03-20
1220,John Nichols,Madurai,East,Groceries,Oil,37381.37,17.71,6089.15,6,UPI,2025-02-17
1221,Karen Weaver,Tirunelveli,South,Electronics,Headphones,15858.8,10.51,3271.58,9,UPI,2025-04-23
1222,Michael Shaw,Madurai,North,Clothing,Kurti,48419.43,16.63,4078.99,8,Net Banking,2025-02-09
1223,Katrina Jackson,Trichy,East,Clothing,T-Shirt,46141.67,6.32,8205.42,6,Cash,2025-03-03
1224,Charles Williams,Trichy,South,Furniture,Cupboard,39677.46,2.54,6011.2,2,Net Banking,2025-01-09
1225,Laura Banks,Chennai,South,Sports,Shoes,33429.69,25.34,7815.63,5,Cash,2024-08-16
1226,John Mason,Coimbatore,North,Groceries,Rice,16180.36,4.67,1845.97,10,UPI,2025-04-08
1227,Grace Summers,Salem,South,Groceries,Snacks,3279.6,3.42,669.84,8,Net Banking,2024-04-27
1228,Mr. Benjamin Perez III,Trichy,North,Clothing,Jacket,36023.54,15.8,8479.8,3,Cash,2024-07-10
1229,Kathleen Beltran,Chennai,South,Sports,Shoes,40380.32,11.71,2664.92,2,Card,2025-10-17
1230,Cheyenne Valdez,Madurai,North,Furniture,Sofa,16137.87,3.92,3937.93,4,Card,2024-06-01
1231,Christopher Berry,Salem,West,Groceries,Oil,10877.12,10.93,1218.61,2,Net Banking,2024-11-22
1232,David Wong,Chennai,North,Sports,Cricket Bat,44231.32,12.97,8105.25,4,UPI,2025-05-14
1233,Sarah Henderson,Trichy,South,Groceries,Milk,804.75,25.99,61.02,1,Net Banking,2024-03-23
1234,Robert Barton,Salem,East,Furniture,Sofa,29492.29,9.18,2838.68,3,Cash,2024-07-27
1235,Robert Hicks,Trichy,North,Groceries,Rice,34316.83,21.47,7204.71,7,Net Banking,2024-10-18
1236,Samantha Mullins,Coimbatore,West,Groceries,Snacks,13522.94,7.58,795.78,7,UPI,2025-01-02
1237,Stacy West,Madurai,South,Furniture,Chair,1606.1,1.27,88.18,3,Cash,2024-11-15
1238,Jessica Barron,Chennai,West,Clothing,T-Shirt,34775.9,8.07,8133.47,3,UPI,2025-09-26
1239,Denise Hunt,Coimbatore,South,Furniture,Sofa,45699.38,19.97,7108.26,5,UPI,2025-09-23
1240,David Lawrence,Chennai,East,Electronics,Laptop,30071.51,17.92,6961.74,8,UPI,2025-10-08
1241,Michael Johnson,Madurai,East,Furniture,Chair,14032.67,20.36,3288.95,4,Net Banking,2024-12-27
1242,Danielle Duke,Coimbatore,North,Groceries,Snacks,41887.83,20.48,6689.39,6,Cash,2024-04-28
1243,Brittany Nash,Madurai,East,Clothing,T-Shirt,16168.86,8.01,3487.42,3,Cash,2024-04-28
1244,Laura Kelley,Salem,West,Clothing,Jacket,12654.08,10.4,1536.3,4,Cash,2024-12-15
1245,Chad Larsen,Tirunelveli,East,Furniture,Table,28030.02,27.48,4619.97,7,Net Banking,2025-07-13
1246,Keith Hill,Madurai,West,Sports,Shoes,38415.99,8.37,2027.82,3,Net Banking,2025-05-01
1247,Derrick Flores,Madurai,West,Clothing,Kurti,24156.94,3.62,2270.21,4,Cash,2025-01-03
1248,Derek Moreno,Salem,West,Groceries,Snacks,21244.64,1.91,3198.26,10,UPI,2025-04-24
1249,Peter Freeman,Chennai,West,Clothing,T-Shirt,48528.02,6.69,3213.28,2,Net Banking,2025-09-07
1250,Daniel Evans,Salem,North,Clothing,Jacket,19814.47,19.54,1737.21,7,Cash,2024-08-29
1251,Amanda Davenport,Madurai,West,Electronics,Laptop,43023.58,7.33,8824.52,7,Card,2024-11-23
1252,Judith Long,Chennai,East,Furniture,Cupboard,36709.55,14.29,2900.35,6,Cash,2025-11-24
1253,Joshua Hudson,Salem,West,Clothing,T-Shirt,28690.21,15.73,5602.64,6,Card,2025-02-02
1254,Leah Bartlett,Chennai,South,Electronics,Laptop,25251.22,17.13,6253.14,1,Net Banking,2025-06-14
1255,Melissa Meyer,Chennai,North,Sports,Shoes,29938.02,16.32,6286.27,9,Card,2025-02-22
1256,Kyle Freeman,Trichy,West,Sports,Shoes,36845.28,9.87,3290.19,6,Net Banking,2024-09-12
1257,Samuel Reed,Tirunelveli,North,Furniture,Sofa,10430.46,27.82,2185.31,4,Net Banking,2025-06-02
1258,Wesley Cortez,Salem,North,Electronics,Mobile,45755.37,8.4,6853.88,9,UPI,2025-03-10
1259,Nathan Jones,Tirunelveli,North,Furniture,Cupboard,7510.62,26.65,1514.69,7,Cash,2025-09-14
1260,Jeffrey White,Tirunelveli,South,Furniture,Chair,28895.47,27.11,3548.63,6,Cash,2025-04-24
1261,Isabella Roberts,Tirunelveli,East,Sports,Shoes,7933.88,17.37,1426.56,4,Net Banking,2024-06-17
1262,Steven Fleming,Coimbatore,South,Sports,Cricket Bat,1194.62,21.65,173.3,7,Card,2025-09-24
1263,Joseph Levine,Madurai,West,Electronics,Mobile,39773.29,6.41,4544.48,1,Card,2025-12-26
1264,Katie Salazar,Tirunelveli,South,Furniture,Chair,31900.5,15.46,5797.55,4,Card,2024-06-20
1265,Steven Harris,Tirunelveli,West,Furniture,Table,1409.42,14.6,189.68,2,Cash,2025-08-27
1266,Erika Gonzales,Coimbatore,South,Electronics,Laptop,5802,21.15,575.03,10,UPI,2025-05-21
1267,Michael Zimmerman,Salem,North,Furniture,Table,31502.35,14.54,6023.8,8,Card,2025-03-09
1268,Jose Smith,Tirunelveli,West,Sports,Gym Bag,46585.3,20.37,10087.56,6,UPI,2024-10-28
1269,Annette Holden,Trichy,East,Furniture,Sofa,21448.84,0.36,1507.42,4,Cash,2024-09-18
1270,Dawn Flores,Tirunelveli,East,Clothing,Jeans,10830.4,17.48,633.71,6,UPI,2025-07-25
1271,Matthew Russo,Madurai,West,Clothing,T-Shirt,6666.78,19.99,1355.86,1,Net Banking,2024-10-28
1272,Matthew Camacho,Madurai,South,Furniture,Chair,31517.54,7.75,2934.04,1,Net Banking,2024-07-06
1273,Anna Garcia,Madurai,South,Electronics,Headphones,25274.07,9.84,5948.37,10,Cash,2025-11-23
1274,Lisa Brown,Madurai,South,Electronics,Laptop,33603.87,20.96,4560.98,4,Net Banking,2024-10-26
1275,Pamela Morales,Madurai,West,Groceries,Rice,1184.36,27.49,158.3,3,Net Banking,2025-03-26
1276,Curtis Mcdonald,Trichy,East,Sports,Gym Bag,45124.28,16.32,7411.2,3,Card,2024-02-09
1277,Bradley Hodges,Tirunelveli,South,Furniture,Cupboard,28944.84,18,6002.78,8,Card,2024-12-16
1278,James Sanders,Tirunelveli,South,Furniture,Sofa,32206.33,19.11,3296.89,10,Net Banking,2024-12-30
1279,Mark Scott,Trichy,West,Electronics,Mobile,48020.85,28.88,10029.32,8,Card,2025-09-14
1280,John Jones,Chennai,North,Sports,Gym Bag,47433.18,12.96,11758.93,7,Card,2025-09-20
1281,Geoffrey Jimenez MD,Madurai,East,Electronics,Mobile,31316.11,28.79,3965.39,2,Card,2025-08-30
1282,Patricia Ramos,Tirunelveli,North,Furniture,Cupboard,44374.35,24.49,6396,3,Net Banking,2024-09-08
1283,Sean Gonzalez,Tirunelveli,East,Furniture,Chair,46292.41,6.31,7640.78,2,Net Banking,2025-08-26
1284,Ruth Evans,Coimbatore,West,Groceries,Oil,44444.86,7.1,4004.35,10,UPI,2025-09-26
1285,David Reyes,Trichy,West,Clothing,Jeans,46385.64,18.65,11520.93,3,UPI,2024-06-23
1286,Mitchell Lozano,Chennai,West,Furniture,Cupboard,49740.75,27.24,5639.58,7,Card,2024-11-18
1287,Michael Green,Trichy,South,Furniture,Chair,13463.44,16.05,1172.68,6,UPI,2025-05-30
1288,Steven Harris,Chennai,South,Furniture,Chair,1434.74,10.74,133.98,1,Cash,2025-12-03
1289,Sarah Moreno,Tirunelveli,North,Electronics,Smart Watch,35699.24,24.22,6191.59,3,Cash,2024-07-18
1290,Kenneth Fisher,Chennai,West,Clothing,Kurti,48750,1.12,2822.15,8,Cash,2025-10-16
1291,Randy Crawford MD,Coimbatore,East,Electronics,Laptop,10207.1,13.97,1290.36,6,UPI,2025-05-18
1292,Brooke Castillo,Salem,East,Groceries,Rice,30117.81,17.38,5617.55,9,UPI,2024-09-03
1293,Joann Roy MD,Salem,East,Clothing,Jacket,19508.37,9.51,4435.38,2,Card,2025-09-28
1294,Cassandra Simon,Coimbatore,North,Electronics,Smart Watch,35216.19,10.15,5345.28,10,Net Banking,2024-11-02
1295,Troy Nguyen DDS,Coimbatore,East,Clothing,Jacket,9413.31,7.8,1459.73,8,Card,2024-07-27
1296,Gary Hatfield,Trichy,East,Clothing,Kurti,6440.22,17.27,1563.64,6,Card,2025-08-06
1297,Thomas Ferguson,Madurai,East,Furniture,Cupboard,45852.35,19.08,4663.65,7,Net Banking,2025-09-22
1298,Garrett Combs,Chennai,East,Sports,Cricket Bat,31614.15,19.81,3717.43,5,Card,2024-01-24
1299,David Murphy,Trichy,North,Furniture,Chair,30957.27,7.23,6953.39,4,Cash,2024-07-28
1300,Joshua Sanchez,Chennai,North,Electronics,Laptop,22794.26,0.87,1683.48,7,Card,2025-01-21
1301,Nicole Barron,Trichy,East,Sports,Shoes,33969.69,12.19,5274.85,1,UPI,2024-02-07
1302,Cindy Mcdonald,Madurai,East,Sports,Football,31236.95,10.96,2212.04,9,Card,2024-05-01
1303,Tiffany Rodriguez,Chennai,West,Sports,Gym Bag,11877.76,25.67,1574.51,6,UPI,2024-09-28
1304,Justin James,Chennai,North,Groceries,Oil,15391.29,21.21,1778.64,8,UPI,2025-03-27
1305,Lisa Simpson,Coimbatore,South,Sports,Gym Bag,41322.55,0.68,7126.67,6,Cash,2025-09-11
1306,Brent Collins,Chennai,East,Sports,Cricket Bat,21342.2,1.31,3264.85,6,Net Banking,2025-07-16
1307,Valerie Thomas,Trichy,South,Clothing,Kurti,9311.87,22.1,1195.24,1,Net Banking,2025-10-14
1308,Alexander Osborn DDS,Salem,North,Electronics,Mobile,26854.28,5.58,2379.53,1,Cash,2024-09-07
1309,Mariah Barron,Tirunelveli,East,Clothing,Kurti,34808.41,16.15,4928.69,7,Card,2024-02-29
1310,Austin Smith,Madurai,South,Electronics,Headphones,17844.83,6.42,1858.37,5,Card,2025-03-09
1311,Nicholas Vasquez,Tirunelveli,West,Clothing,Jeans,48536.08,1.49,11092.48,7,UPI,2025-07-20
1312,Danielle Bennett,Madurai,South,Electronics,Smart Watch,3876.21,18.4,807.54,5,Card,2025-02-15
1313,Sara Rios,Trichy,South,Groceries,Oil,43034.72,27.22,6762.87,8,Cash,2025-10-17
1314,Andrea Harris,Chennai,South,Sports,Shoes,47600.9,8.42,8008.89,6,Card,2025-04-17
1315,Trevor Davis,Salem,West,Electronics,Smart Watch,45199.47,24.58,6572.43,8,UPI,2024-08-17
1316,Cassidy Jackson,Madurai,North,Furniture,Table,8471.05,26.24,2016.5,4,Card,2025-10-19
1317,Christopher Proctor,Madurai,North,Furniture,Sofa,30150.11,7.08,4229.52,1,Net Banking,2024-12-13
1318,Jessica Brown,Salem,West,Furniture,Chair,18294.95,22.85,4572.27,1,Card,2024-12-20
1319,Amanda Lloyd,Trichy,East,Clothing,Jeans,9340.45,3.6,2296.34,8,Net Banking,2024-04-14
1320,Christine Chen,Salem,West,Furniture,Sofa,46946.82,4.42,3231.94,10,UPI,2024-11-16
1321,William Ferguson,Coimbatore,East,Groceries,Milk,16207.96,13.18,2834.49,4,Card,2024-04-18
1322,Nicole Rojas,Chennai,West,Groceries,Oil,33120.48,6.48,2763.36,9,Card,2025-09-22
1323,Makayla Smith,Salem,West,Clothing,Jeans,8183.21,24.33,989.45,10,Card,2024-10-08
1324,Martin Lopez,Madurai,North,Clothing,Kurti,45090.86,10.97,6496.15,8,Card,2025-08-15
1325,Megan Taylor,Tirunelveli,South,Furniture,Cupboard,1712.57,11.99,318.83,5,UPI,2025-06-05
1326,Rachel Jennings,Madurai,South,Sports,Shoes,45138.54,28.5,6624.09,10,Net Banking,2025-11-18
1327,Sara Rodriguez,Madurai,East,Clothing,T-Shirt,5052.54,7.69,761.97,5,UPI,2025-11-29
1328,Tiffany Payne,Trichy,North,Clothing,Jeans,37574.18,10.28,3764.06,6,Net Banking,2024-03-13
1329,Debra Johnson,Trichy,South,Electronics,Laptop,25215.83,0.06,2236.37,1,Card,2025-07-28
1330,Michelle Nash,Chennai,North,Groceries,Milk,35753.03,14.4,8696.15,1,UPI,2025-02-27
1331,Cole Daniels,Trichy,East,Clothing,T-Shirt,29817.87,8.9,5298.49,1,Cash,2025-08-08
1332,Kevin Taylor,Madurai,South,Clothing,T-Shirt,10659.1,24.7,1806.64,10,Card,2025-07-31
1333,Angela Santiago,Chennai,East,Groceries,Milk,38958.45,11.42,4008.48,9,Net Banking,2025-12-17
1334,Peggy Shepard,Salem,South,Furniture,Chair,336.19,3.61,67.36,10,Cash,2024-05-02
1335,Christy Green,Coimbatore,West,Electronics,Mobile,16000.84,26.63,3039.94,4,Card,2024-10-21
1336,Elizabeth Rasmussen,Salem,East,Furniture,Cupboard,21500.25,19.19,3082.8,10,UPI,2024-06-05
1337,Brenda Thomas,Tirunelveli,North,Clothing,Kurti,6133.09,22.59,889.57,5,Card,2024-09-03
1338,Charles Ramirez,Coimbatore,West,Clothing,T-Shirt,37353.28,9.58,7842.71,7,Cash,2024-05-25
1339,Debra Higgins,Madurai,West,Electronics,Laptop,40920.42,1.03,4551.26,5,Net Banking,2025-12-29
1340,Lauren Case,Coimbatore,South,Furniture,Chair,36352.46,27.76,6005.43,3,UPI,2024-02-15
1341,Alison Richards,Chennai,East,Sports,Gym Bag,33960.12,28.17,8292.4,5,Card,2024-10-26
1342,Shawna Fox,Trichy,West,Sports,Gym Bag,11751.54,16.11,1218.34,1,UPI,2025-05-20
1343,Richard Walker,Tirunelveli,West,Clothing,T-Shirt,25309.53,20.36,5181.82,10,Card,2024-11-13
1344,Richard Gonzales,Coimbatore,North,Furniture,Table,43035.88,5.91,2633.57,1,Card,2025-08-02
1345,Holly Castaneda,Madurai,West,Sports,Football,39136.23,24.64,5646.61,3,Cash,2024-05-07
1346,Michael Wheeler,Madurai,West,Sports,Cricket Bat,12591.07,25.38,2251.34,8,UPI,2024-01-29
1347,Tara Mora,Madurai,North,Clothing,Jeans,20391.68,4.49,1734.35,5,UPI,2025-04-06
1348,Tracy Harris,Coimbatore,South,Clothing,T-Shirt,15133.33,18.42,2123.86,1,Cash,2025-01-24
1349,Allison Nunez,Tirunelveli,East,Clothing,Jeans,48296.17,27.46,5344.64,7,Cash,2024-10-23
1350,Alexander Sellers,Coimbatore,South,Electronics,Laptop,36724.78,16.31,5903.3,5,Net Banking,2025-06-13
1351,Gary Nichols,Salem,South,Groceries,Milk,23229.7,2.78,4409.69,3,Card,2024-02-16
1352,Heather Chambers,Salem,North,Clothing,Jacket,41590.09,10.28,10392.58,8,Net Banking,2025-04-22
1353,Mitchell Johnson,Trichy,North,Electronics,Laptop,15710.43,29.66,3634.71,4,Net Banking,2024-10-26
1354,Donald Lee,Salem,South,Furniture,Chair,6388.09,14.81,1273.8,2,UPI,2024-12-27
1355,Kayla Patel,Salem,South,Groceries,Milk,23346.22,20.31,5185.41,7,Cash,2025-04-07
1356,Grant Morris,Trichy,West,Clothing,Jeans,12275.28,11.26,2097.44,3,UPI,2025-06-14
1357,Lisa Trevino,Madurai,West,Groceries,Snacks,2025.68,0.32,198.9,2,Net Banking,2025-02-24
1358,Sharon Brown,Salem,South,Clothing,Kurti,38793.07,4.03,4866.62,1,Card,2024-03-24
1359,Erin Ayers,Trichy,South,Electronics,Mobile,26675.5,20.06,6399.66,9,Card,2024-08-01
1360,Tina Mcgrath,Salem,South,Electronics,Laptop,23946.33,14.95,1649.4,10,UPI,2025-11-27
1361,Raymond Obrien,Coimbatore,West,Furniture,Table,32654.12,15.23,4035.01,5,Card,2025-11-02
1362,Eric Rodriguez,Salem,South,Sports,Cricket Bat,40192.17,23.18,5558.55,10,Net Banking,2024-05-24
1363,Harold Hall,Trichy,West,Furniture,Cupboard,48923.46,8.95,10466.86,4,UPI,2025-05-22
1364,Jaclyn Perez,Madurai,North,Clothing,Jeans,35569.65,22.12,2377.27,7,Cash,2025-05-01
1365,Lisa Cooper,Trichy,West,Sports,Cricket Bat,35634.12,8.67,2694.16,8,Card,2025-01-12
1366,Michelle Mueller,Trichy,South,Furniture,Cupboard,38993.23,12.58,4132.42,6,UPI,2025-11-14
1367,Michael Schultz,Chennai,South,Electronics,Mobile,28957.13,2.55,4225.42,1,Cash,2025-03-29
1368,Stephanie Campos,Salem,South,Furniture,Table,952.3,24.19,225.29,7,Card,2024-09-10
1369,Amanda Harris DDS,Salem,East,Sports,Gym Bag,4319.52,17.42,843.29,1,Net Banking,2025-10-16
1370,Terry Silva,Coimbatore,East,Groceries,Rice,14005.59,24.59,2116.81,8,UPI,2024-10-28
1371,Ronald Warren,Chennai,South,Furniture,Table,31387.64,15.8,2513.01,1,Cash,2025-11-05
1372,Jenna Taylor,Coimbatore,South,Electronics,Laptop,9046.58,1.52,809.65,3,Net Banking,2024-04-23
1373,Briana Jackson,Madurai,West,Furniture,Cupboard,37517.39,15.15,2528.2,2,UPI,2025-02-15
1374,Oscar Jimenez,Salem,South,Electronics,Headphones,47109.79,7.09,7815.55,9,Net Banking,2024-11-27
1375,Stephen Rogers,Trichy,East,Groceries,Snacks,40382.07,20.73,9015.67,10,Cash,2024-11-15
1376,Shane Elliott,Trichy,North,Clothing,Jeans,41093.35,4.26,7721.55,3,Cash,2024-02-15
1377,Ashley Johnston,Trichy,North,Furniture,Cupboard,47107.07,3.01,10442.71,8,Card,2025-11-16
1378,Amy Brown,Chennai,East,Furniture,Cupboard,47127.6,24.5,7910.63,4,Net Banking,2024-10-07
1379,Christopher Baker,Madurai,North,Clothing,T-Shirt,37280.47,3.48,5311.3,1,Card,2025-11-15
1380,Jennifer Sullivan,Chennai,West,Furniture,Table,23830.67,13.89,4590.79,7,UPI,2025-04-03
1381,Linda Jackson,Coimbatore,East,Groceries,Milk,21834.9,6.45,3106.41,8,UPI,2025-07-19
1382,Dillon Garcia,Tirunelveli,West,Electronics,Headphones,1608.48,23.99,372.84,1,Card,2024-02-04
1383,Pamela Garcia,Salem,South,Electronics,Laptop,41966.72,25.83,2791.04,9,Cash,2025-01-25
1384,Jamie Schwartz,Tirunelveli,North,Groceries,Milk,24075.67,12.68,5678.68,10,Net Banking,2024-10-07
1385,Michelle Donovan,Chennai,East,Groceries,Rice,6235.19,13.85,542.03,7,Cash,2025-10-01
1386,Desiree Pace,Tirunelveli,East,Groceries,Rice,43445.26,28.65,4521.34,2,UPI,2025-10-03
1387,Scott Torres,Chennai,North,Furniture,Table,42973.19,21.5,2605.76,7,Card,2024-02-03
1388,Courtney Todd,Trichy,East,Sports,Football,1978.45,7.3,237.81,6,UPI,2025-10-27
1389,Jose Ponce,Tirunelveli,South,Groceries,Milk,8771.4,17.47,848.35,2,Card,2025-10-12
1390,Kelli Tyler,Coimbatore,South,Clothing,T-Shirt,6197.03,8.19,1224.48,6,Cash,2025-03-21
1391,Hannah Burnett MD,Trichy,East,Clothing,Jacket,17551.62,25.15,2222.58,6,Cash,2025-06-04
1392,Andrew Roy,Chennai,North,Groceries,Oil,8824.8,7.7,2045.43,9,Cash,2025-05-15
1393,Jeffrey Freeman,Coimbatore,North,Electronics,Laptop,18407.26,18.07,4493.44,8,Card,2024-03-05
1394,Barbara Bonilla,Coimbatore,North,Furniture,Cupboard,37080.91,15.37,5366.38,6,Net Banking,2024-04-06
1395,Grant Lopez,Salem,North,Clothing,Kurti,41267.02,13.02,3680.88,5,Card,2024-02-11
1396,Timothy Snyder,Salem,North,Clothing,Jeans,20746.8,23.71,4247.61,2,UPI,2025-07-24
1397,Thomas Gonzalez,Tirunelveli,North,Sports,Football,25968.3,21.08,1383.2,10,Card,2024-07-26
1398,Sarah Miller,Tirunelveli,West,Clothing,Jeans,38998.11,10.05,3670.54,3,Card,2025-01-17
1399,James Soto,Tirunelveli,East,Electronics,Mobile,19430.56,13.96,4411.77,3,Cash,2025-01-27
1400,Monica Holt,Tirunelveli,East,Groceries,Snacks,35541.19,20.96,3653.24,10,Cash,2025-05-17
1401,Gregory Thompson,Trichy,South,Clothing,Jeans,49340.95,24.88,7019.79,7,Net Banking,2025-06-30
1402,Kevin Price,Madurai,South,Groceries,Rice,31492.68,13.3,6984.89,6,Cash,2025-01-15
1403,Allison Barnes,Trichy,East,Furniture,Table,8310.51,4.4,877.39,1,Net Banking,2025-05-31
1404,Justin Le,Coimbatore,North,Groceries,Oil,23625.22,24.4,2420.47,5,UPI,2024-05-25
1405,Todd Hardin,Coimbatore,South,Sports,Cricket Bat,40320.48,15.2,3480.15,3,UPI,2024-03-21
1406,Susan Maynard,Madurai,East,Electronics,Smart Watch,7984.05,23.71,1945.92,2,Card,2024-07-24
1407,Jessica Hernandez,Salem,North,Electronics,Headphones,452.96,9.53,111.39,10,Cash,2024-10-13
1408,Lisa Nguyen,Chennai,West,Groceries,Milk,22915.21,2.84,2986.36,8,Card,2025-04-05
1409,Grant Johnson,Chennai,West,Electronics,Smart Watch,43268.77,1.72,4549.48,8,UPI,2024-03-20
1410,Tammy Anderson,Chennai,West,Sports,Cricket Bat,3290.99,26.68,174.83,6,Card,2025-10-11
1411,James Jones,Chennai,East,Groceries,Oil,42412.57,0.32,8439.93,5,Net Banking,2025-07-11
1412,Mrs. Teresa Miller,Tirunelveli,West,Furniture,Cupboard,11898.86,17.24,711.82,9,UPI,2024-04-27
1413,Daniel Bennett,Salem,East,Groceries,Oil,10808.67,24.57,884.89,1,UPI,2024-08-04
1414,Megan Williams,Trichy,North,Clothing,Kurti,38475.91,22.9,4030.02,7,Net Banking,2025-02-01
1415,David Taylor,Coimbatore,West,Clothing,Jeans,39835.67,25.05,8167.67,1,Cash,2024-05-01
1416,Brittany Doyle,Madurai,South,Sports,Cricket Bat,44911.9,11.01,8560.3,8,Net Banking,2025-03-17
1417,Carla Thomas,Tirunelveli,South,Clothing,T-Shirt,21161.53,17.43,1064.32,7,UPI,2025-01-12
1418,Shaun Mcgee,Tirunelveli,South,Clothing,Kurti,44643.33,21.79,7749.81,6,Card,2025-06-23
1419,Ashley Cooper,Chennai,North,Sports,Football,13682.04,9.25,2149.58,5,Cash,2025-06-25
1420,Dennis Duffy DDS,Salem,East,Sports,Shoes,27825.95,4.95,2153.22,6,Card,2024-06-16
1421,Travis Turner,Trichy,West,Groceries,Rice,27855.34,6.99,4899.48,10,UPI,2025-03-17
1422,Christopher Boyd,Coimbatore,West,Furniture,Sofa,4323.41,12.01,985.18,7,Cash,2025-08-20
1423,Denise Ferguson,Coimbatore,South,Furniture,Table,46013.65,13.3,9030.55,3,UPI,2024-03-02
1424,Devin Turner,Salem,West,Clothing,Jeans,40856.51,27.55,7154.84,6,Cash,2024-08-03
1425,Robert Williams,Madurai,West,Sports,Football,8828.51,23.02,669.66,6,Card,2025-07-18
1426,Jessica Roth,Madurai,North,Clothing,T-Shirt,25207.24,0.67,5222.04,7,Card,2025-12-12
1427,Shawn Chavez,Tirunelveli,South,Furniture,Cupboard,5878.66,24.56,868.01,9,Card,2024-06-16
1428,Michael Rogers,Salem,West,Furniture,Table,11147.47,25.1,702.1,4,Card,2024-02-21
1429,Melissa Fernandez,Tirunelveli,East,Sports,Gym Bag,30150.92,25.34,3316.69,3,Cash,2024-03-22
1430,Judy Porter,Salem,North,Clothing,T-Shirt,19503.41,6.91,1766.14,8,UPI,2025-07-26
1431,Jessica Baker,Coimbatore,North,Furniture,Cupboard,21385.31,21.99,1074.33,3,Card,2025-03-23
1432,James Owens,Chennai,East,Furniture,Chair,37888.68,9.1,4982.42,1,Cash,2024-11-14
1433,James Ewing,Madurai,West,Clothing,Jeans,10583.66,29.22,2213.22,7,Net Banking,2025-05-23
1434,Scott Kelley,Salem,North,Electronics,Headphones,20949.48,5.32,4346.83,10,Cash,2025-04-24
1435,Lee Holland,Coimbatore,West,Clothing,T-Shirt,47595.78,5.52,10652.85,4,Cash,2024-02-15
1436,Ronnie Owen,Coimbatore,North,Sports,Football,36824.85,5,7855.42,9,Cash,2024-01-25
1437,Cynthia Schneider,Coimbatore,North,Clothing,T-Shirt,37279.64,19.77,4497.52,2,UPI,2024-11-22
1438,Juan Allen,Coimbatore,West,Sports,Gym Bag,47792.63,23.05,10502.06,5,Net Banking,2025-11-28
1439,Julia Patel,Coimbatore,South,Furniture,Chair,36263.34,9.53,8437.44,6,Card,2025-04-20
1440,Miranda Peters,Salem,East,Groceries,Milk,14554.33,23.22,3620.61,6,Card,2024-04-06
1441,Destiny Clark,Coimbatore,North,Groceries,Oil,1525.36,10.26,326.67,10,UPI,2024-01-30
1442,Daniel Wood,Coimbatore,South,Electronics,Smart Watch,25034.98,5.94,2054.7,4,Card,2024-05-11
1443,Nathan French,Salem,North,Groceries,Rice,15623.15,4.86,2405.22,3,Net Banking,2025-10-28
1444,Jessica Garrett,Madurai,West,Groceries,Rice,9314.84,1.09,478.74,3,UPI,2025-04-10
1445,Christine Johnson,Tirunelveli,North,Groceries,Snacks,48434.65,12.19,9857.85,8,Net Banking,2024-01-28
1446,Marissa Taylor,Tirunelveli,South,Clothing,Jeans,10051.18,18.83,864.42,3,UPI,2024-01-04
1447,David Gilbert,Chennai,North,Electronics,Headphones,29671.54,24.51,7310.86,8,Cash,2025-11-18
1448,Danielle Kelly,Chennai,North,Groceries,Oil,2777.73,14.06,429.62,8,Card,2024-11-14
1449,Jeffrey Parker,Tirunelveli,North,Furniture,Chair,21342.51,7.76,4932.28,10,Card,2025-11-06
1450,Angelica Lynch,Salem,East,Sports,Cricket Bat,17500.91,22.21,900.9,4,Cash,2025-12-26
1451,Brian Sherman,Chennai,West,Furniture,Sofa,26256.34,12.06,3302.6,3,Net Banking,2024-02-05
1452,Mary Lawrence,Madurai,North,Furniture,Table,3605.81,0.26,617.85,8,UPI,2025-08-07
1453,Wendy Gonzalez,Coimbatore,West,Sports,Football,10367.54,19.27,1483.93,9,Cash,2024-07-26
1454,Alejandra Goodwin,Salem,North,Furniture,Sofa,38292.52,14.44,3775.34,10,Cash,2024-08-28
1455,Andrew Barnes,Salem,North,Sports,Shoes,4166.24,18.46,920.72,1,UPI,2024-06-03
1456,Julie Trevino,Trichy,North,Electronics,Headphones,5588.56,6.53,1308.12,1,Net Banking,2025-07-12
1457,Michelle Turner,Madurai,East,Electronics,Laptop,46013.81,9.54,3418.36,6,Net Banking,2025-08-21
1458,Jennifer Ortiz,Trichy,South,Clothing,Jeans,40132.69,4.63,9083.46,3,Card,2024-06-05
1459,Charles Martinez,Madurai,East,Electronics,Smart Watch,5081.75,13.74,782.54,8,UPI,2024-11-15
1460,Elizabeth Miller,Chennai,South,Clothing,Jacket,8738.57,0.16,1051.76,8,UPI,2024-08-11
1461,Brittany Young,Salem,East,Clothing,Jacket,23488.21,25.98,2240.36,6,UPI,2024-04-24
1462,Jonathan Nelson,Tirunelveli,North,Groceries,Oil,40599.48,12.08,9965.72,3,UPI,2025-07-29
1463,Colton Holmes,Madurai,West,Sports,Football,46664,25.89,9909.33,9,Net Banking,2025-05-30
1464,Chelsea Hernandez,Coimbatore,South,Groceries,Snacks,8182.31,1.75,569.73,10,Card,2025-03-15
1465,Joshua Keller,Chennai,North,Electronics,Smart Watch,13111.36,13.62,1109.39,4,Card,2025-11-21
1466,Jason Ballard,Chennai,West,Clothing,Jeans,47019.63,23.91,4515.77,10,Card,2024-09-01
1467,Brandon Lambert,Trichy,West,Clothing,Kurti,23711.74,26.31,1252.63,5,Net Banking,2024-12-14
1468,Maria Davis,Tirunelveli,West,Furniture,Sofa,28100.91,8.8,5900.84,2,Net Banking,2024-01-01
1469,Angela Ward,Trichy,East,Sports,Cricket Bat,9917.57,8.47,1893.17,10,Net Banking,2025-06-20
1470,Sarah Valenzuela,Madurai,South,Clothing,Jacket,6745.29,19.56,627.67,2,Card,2024-02-19
1471,Melissa Vasquez,Trichy,South,Sports,Cricket Bat,3881.12,27.02,777.65,5,UPI,2024-09-17
1472,Lawrence Johnson,Coimbatore,North,Sports,Football,15160.75,27.61,3435.04,6,Net Banking,2024-03-05
1473,Alexander Gates,Madurai,West,Groceries,Rice,12114.39,10.77,2281.53,9,Card,2024-07-23
1474,Randy Johnson,Tirunelveli,East,Electronics,Headphones,33213.5,11.01,6524.32,2,Cash,2024-10-07
1475,Vincent Lopez,Tirunelveli,South,Groceries,Oil,30478.51,5.36,6118.71,2,Card,2025-09-11
1476,Dr. Stanley Reed,Tirunelveli,South,Groceries,Rice,11402.59,2.76,1961.71,5,Card,2025-12-15
1477,Tracy Hughes,Madurai,East,Sports,Shoes,48990.62,20,4090.54,7,UPI,2025-01-30
1478,Faith Jones,Tirunelveli,West,Clothing,Kurti,25699.55,12.28,3789.76,6,Cash,2024-03-26
1479,Brian White,Tirunelveli,South,Furniture,Sofa,28847.91,25.16,2211.07,3,Cash,2024-12-31
1480,David Melton,Trichy,North,Furniture,Sofa,18512,0.49,4206.96,9,Net Banking,2025-05-28
1481,Jordan Hickman,Trichy,North,Groceries,Rice,36690.73,17.74,4719.52,9,Card,2025-01-20
1482,Diamond Mckee,Tirunelveli,West,Clothing,Jacket,14815.87,3.66,2478.17,8,Net Banking,2025-05-05
1483,Benjamin Davis,Trichy,West,Clothing,Kurti,37797.31,27.99,2406.95,5,UPI,2025-02-17
1484,Isaac Anderson,Tirunelveli,North,Groceries,Rice,16763.4,12.97,2413.89,6,Net Banking,2024-10-23
1485,Javier Larson,Trichy,West,Furniture,Table,33892.21,11.85,6318.77,10,UPI,2025-12-25
1486,Mr. Joshua Marquez Jr.,Chennai,East,Groceries,Snacks,37714.7,4.96,7796.92,9,Cash,2025-08-21
1487,Amy Harris,Coimbatore,South,Electronics,Mobile,38623.52,7.8,4941.56,5,Cash,2024-01-16
1488,Alex Clark,Trichy,South,Electronics,Mobile,25068.8,8.93,4959.31,8,UPI,2024-11-12
1489,Rebecca Zuniga,Trichy,South,Groceries,Snacks,45221.23,10.21,10070.04,7,Cash,2025-04-27
1490,Michael Perez,Chennai,West,Clothing,Kurti,41764.33,14.31,7212.8,2,UPI,2025-01-28
1491,Colton Gill,Madurai,West,Clothing,Kurti,36821.24,27.2,6992.73,10,Net Banking,2025-01-28
1492,Roy Wilson,Coimbatore,North,Electronics,Smart Watch,13796.42,24.36,1200.42,7,Card,2025-11-04
1493,Douglas Trujillo,Salem,South,Groceries,Milk,1711.15,8.2,209.59,10,Net Banking,2024-01-21
1494,Jessica Williams,Chennai,West,Sports,Shoes,18825.33,15.43,1338.59,5,UPI,2025-09-23
1495,Joshua Harris,Tirunelveli,East,Furniture,Sofa,37642.08,22.15,2383.05,5,Net Banking,2024-09-05
1496,Shannon Johnson,Salem,South,Electronics,Laptop,25625.86,13.52,6241.05,7,Card,2024-04-07
1497,Gary Carroll,Chennai,West,Clothing,Kurti,34898.63,2.88,6847.26,3,Card,2025-12-29
1498,Holly Ward,Tirunelveli,East,Clothing,Jacket,39977.75,19.55,3878.47,7,Cash,2025-07-10
1499,Kenneth Jackson,Madurai,West,Sports,Cricket Bat,26504.95,12.5,1895.75,7,Card,2024-10-02
1500,Erica Navarro,Madurai,North,Clothing,Jacket,39328.39,26.65,3677.87,9,Cash,2024-02-12
1501,Eric Barrera,Chennai,South,Furniture,Sofa,31347.04,5.96,2984.55,1,Cash,2025-06-13
1502,Wendy Cox,Chennai,West,Electronics,Laptop,19817.73,10.55,3203.5,9,Card,2024-03-23
1503,Laura Murray,Salem,West,Electronics,Mobile,21781.36,12,1849.39,10,Card,2025-06-17
1504,Dylan Moore,Tirunelveli,North,Electronics,Laptop,41240.51,0.5,7325.41,8,UPI,2025-09-04
1505,Herbert Bruce,Madurai,North,Clothing,Jacket,44498.33,24.12,10238.05,5,Cash,2025-08-30
1506,Stephanie Howe,Trichy,South,Clothing,Kurti,8893.92,10.85,1492.7,5,Net Banking,2024-08-04
1507,Brittney Galloway,Coimbatore,North,Furniture,Table,34855.12,21.08,3857.47,9,Card,2024-05-24
1508,Tiffany Perkins,Coimbatore,North,Clothing,Jacket,13671.33,14.33,1345.32,3,Card,2024-01-16
1509,Patrick Snow,Tirunelveli,North,Electronics,Smart Watch,5701.8,3.27,807.97,7,Net Banking,2025-08-04
1510,Gregory Jenkins,Trichy,North,Sports,Shoes,23016.38,5.01,5264.45,1,Net Banking,2024-09-18
1511,David Sherman,Chennai,South,Furniture,Table,6782.51,13.5,946.67,3,Card,2025-09-10
1512,Dawn Hubbard,Trichy,South,Groceries,Rice,2037.78,9.57,403.26,7,Cash,2024-06-23
1513,Mary Hardy,Tirunelveli,North,Groceries,Oil,39439.3,17.57,8524.9,5,Cash,2025-06-21
1514,Jack Clark,Trichy,North,Furniture,Table,33356.23,29.46,5912.27,1,UPI,2025-12-27
1515,Michael Sanchez,Tirunelveli,South,Groceries,Snacks,37283.4,17.99,3553.43,2,Net Banking,2024-09-12
1516,Matthew Thompson,Tirunelveli,North,Furniture,Sofa,35936.77,3.28,3556.15,3,UPI,2025-08-25
1517,Mark Walter,Chennai,East,Sports,Cricket Bat,12895.6,23.93,1256.73,4,Net Banking,2025-05-06
1518,David Vaughn,Madurai,North,Clothing,Jacket,814.47,0.1,55.02,4,Card,2024-10-18
1519,Ryan Leblanc,Chennai,South,Clothing,Jacket,45970.78,27.49,6579.42,2,UPI,2024-05-12
1520,Christopher Larson,Coimbatore,West,Furniture,Chair,12692.47,29.28,1323.35,3,UPI,2025-12-14
1521,Sarah Watkins,Madurai,North,Clothing,T-Shirt,4547.84,19.75,542.65,9,Cash,2025-08-29
1522,Shannon Thomas,Chennai,East,Electronics,Smart Watch,14292.44,11.78,974.66,1,Cash,2024-01-12
1523,Olivia Simmons,Tirunelveli,East,Sports,Shoes,42742.5,18.96,5102.38,6,Cash,2024-11-03
1524,Leslie Lee,Tirunelveli,North,Electronics,Mobile,5605.11,12.57,739.98,8,Net Banking,2024-07-23
1525,Bonnie Lowe,Trichy,North,Groceries,Milk,1902.9,10.68,352.5,10,Card,2024-11-20
1526,David Moreno,Chennai,East,Groceries,Oil,45932.1,20.73,10031.99,1,Card,2025-03-28
1527,Sarah Davis,Salem,North,Electronics,Smart Watch,17560.78,17.94,913.35,7,Net Banking,2025-06-10
1528,Kristen Turner,Salem,East,Groceries,Milk,17671.47,5.55,1024.63,4,Card,2025-09-18
1529,Dana Franco,Salem,West,Groceries,Rice,43773.26,19.16,10185.74,8,UPI,2025-09-27
1530,Bill Williamson,Tirunelveli,West,Groceries,Rice,10137.27,12.69,732.45,3,Net Banking,2025-04-12
1531,Kimberly Wallace,Chennai,West,Sports,Cricket Bat,22663.98,8.27,3186.89,5,Cash,2025-11-22
1532,Jason Thompson,Madurai,North,Sports,Football,29944.41,8.22,6203.3,10,Cash,2025-07-03
1533,Wendy Harris,Madurai,West,Clothing,Jeans,18530.45,0.69,1891.97,1,Net Banking,2025-12-05
1534,Heather Bailey,Trichy,North,Clothing,Kurti,5929.03,19.26,671.73,4,Net Banking,2024-09-21
1535,Allison Carpenter,Tirunelveli,West,Sports,Shoes,19377.89,14.93,1225.56,1,Net Banking,2024-03-19
1536,Eric Farmer,Tirunelveli,West,Clothing,Jeans,29481.21,27.16,1640.45,8,UPI,2025-08-01
1537,Sheila Lucero,Tirunelveli,North,Groceries,Oil,24013.98,16.21,4716.96,4,UPI,2024-02-01
1538,Melissa Jimenez,Madurai,West,Clothing,T-Shirt,44871.43,8.21,6422.66,4,UPI,2024-12-21
1539,Steven Gallegos DVM,Coimbatore,South,Clothing,Jeans,48090.14,27.05,9985.57,10,Net Banking,2024-12-10
1540,Robert Smith,Tirunelveli,West,Electronics,Smart Watch,12495.36,24.39,2097.93,2,UPI,2025-09-22
1541,Ariel Rogers,Salem,South,Clothing,Kurti,40154.44,3.5,8235.76,1,Card,2024-09-29
1542,Joseph Reyes,Trichy,North,Groceries,Milk,25588,5.78,3532.77,2,UPI,2024-03-09
1543,Tracy Green,Salem,North,Groceries,Snacks,14528.15,10.08,2782.01,1,Card,2024-07-11
1544,Lisa Villegas,Salem,East,Sports,Gym Bag,7221.47,12.67,1544.53,3,Cash,2025-11-03
1545,Renee Taylor,Coimbatore,North,Sports,Football,18797.11,16.85,2043.16,2,UPI,2025-02-23
1546,Tracy Espinoza,Tirunelveli,South,Electronics,Headphones,3847.07,0.8,764.8,1,UPI,2025-02-17
1547,Julie Hall,Salem,North,Groceries,Milk,8947.05,24.6,937.93,4,Net Banking,2025-07-27
1548,John Patterson,Trichy,North,Sports,Shoes,37273.88,4.64,5382.08,8,Cash,2024-05-25
1549,Sheryl Lee,Tirunelveli,North,Sports,Cricket Bat,35612.41,4.99,4096.98,6,Cash,2024-05-25
1550,Jodi Perez,Chennai,South,Furniture,Cupboard,18955.11,7.59,3622.6,9,Cash,2024-09-08
1551,Margaret Coleman,Salem,West,Groceries,Oil,7154.85,20.06,1319.84,9,UPI,2025-05-04
1552,Jessica Garza,Chennai,East,Sports,Cricket Bat,2724.12,18.25,566.17,4,Net Banking,2024-04-23
1553,Theodore Ward,Chennai,South,Groceries,Oil,22953.53,13.55,5489.71,10,Card,2024-08-13
1554,Timothy Calhoun,Madurai,West,Clothing,Jacket,17811.82,1.73,4264.28,2,UPI,2024-05-24
1555,Elaine Day,Coimbatore,North,Sports,Cricket Bat,27281.24,9.42,2871.06,9,Card,2025-12-17
1556,Ms. Theresa Cooley DVM,Salem,West,Clothing,Kurti,30497.33,29.44,5987.52,8,Card,2025-11-07
1557,Jacob Ramos,Chennai,South,Groceries,Milk,8609.27,16.35,2143.48,3,UPI,2024-05-09
1558,Leslie Webb,Salem,North,Electronics,Mobile,9431.77,11.7,1888.5,7,Net Banking,2024-11-24
1559,Jodi Kim,Salem,East,Sports,Gym Bag,29739.1,26.94,5038.38,8,UPI,2025-04-09
1560,Jason Simon,Madurai,West,Groceries,Milk,49128.89,13.09,8355.84,6,Net Banking,2025-02-21
1561,Jamie Mcclain,Salem,North,Furniture,Chair,12325.36,8.18,1025.77,9,Net Banking,2025-06-09
1562,Ronald Hamilton,Coimbatore,West,Groceries,Snacks,37270.47,14.21,4153.04,9,Net Banking,2025-10-26
1563,Robert Rocha,Madurai,West,Electronics,Mobile,46472.07,11.99,9313.94,7,UPI,2024-03-01
1564,Kevin Chambers,Coimbatore,East,Electronics,Smart Watch,8945.48,6,2094.13,9,UPI,2025-10-09
1565,Michael Robles,Trichy,East,Electronics,Headphones,6451.74,17.03,1458.35,10,Cash,2025-05-27
1566,Lauren Thomas,Chennai,East,Electronics,Headphones,39988.74,6.55,2285.06,9,Net Banking,2024-05-06
1567,Alexander Weaver,Trichy,West,Clothing,Jeans,9556.96,12.93,754.7,10,UPI,2025-01-14
1568,Daniel Reynolds,Salem,North,Furniture,Chair,46122.01,16.39,6591.58,2,Net Banking,2024-08-10
1569,Whitney Bolton,Coimbatore,East,Clothing,Jacket,47810.26,15.86,2554.71,2,Cash,2025-07-22
1570,Cassandra Lambert,Madurai,East,Sports,Gym Bag,38184.76,4.92,5501.81,10,Cash,2025-09-28
1571,Henry Townsend,Chennai,East,Groceries,Rice,2577.45,9.05,490.48,3,UPI,2025-06-23
1572,Nicole Townsend,Coimbatore,South,Sports,Shoes,848.79,29.01,89.14,4,Net Banking,2025-01-02
1573,Ashley Davis,Madurai,South,Groceries,Snacks,46997.82,0.7,3434.61,5,Net Banking,2024-05-27
1574,Kristen Owens,Salem,West,Clothing,Kurti,36499.19,27.35,6811.05,8,UPI,2024-01-20
1575,Larry Taylor,Trichy,West,Clothing,T-Shirt,32510.14,17.41,6607.26,2,Net Banking,2025-07-07
1576,Eric Mendoza,Salem,South,Furniture,Chair,33476.12,24.06,8273.11,9,Cash,2025-10-12
1577,Katherine Brooks,Madurai,South,Furniture,Chair,29837.67,8.85,6243.78,4,UPI,2025-01-07
1578,Janet Cortez,Salem,West,Groceries,Milk,15914.13,4.96,2407.71,3,Cash,2024-06-21
1579,Emily Martinez,Chennai,North,Electronics,Smart Watch,39605.52,19.71,4256.13,10,UPI,2024-11-14
1580,Robert Little,Salem,West,Clothing,Jacket,47605.12,10.58,3744.47,7,Net Banking,2025-09-10
1581,Jessica Miller,Trichy,North,Sports,Shoes,31632.22,2.4,6345.11,1,Card,2025-10-04
1582,Kimberly Maddox,Madurai,West,Furniture,Chair,32590.17,21.44,2725.1,2,Net Banking,2025-03-18
1583,Michael Williams,Salem,South,Sports,Cricket Bat,31021.39,3.09,4351.85,9,Card,2025-07-31
1584,Fernando Aguilar,Tirunelveli,East,Groceries,Snacks,11656.11,20.14,2236,7,Cash,2025-11-18
1585,Mrs. Patricia Villanueva,Salem,East,Furniture,Sofa,14987.47,3.07,808.26,2,Card,2024-05-14
1586,James Hall,Madurai,East,Clothing,Kurti,3719.74,10.9,621.1,8,UPI,2025-08-23
1587,William Roberts,Chennai,West,Furniture,Table,3012.07,7.38,422.39,4,Net Banking,2025-10-30
1588,Ashley Collins,Chennai,South,Groceries,Milk,13952.36,4.07,2907.52,10,Cash,2025-02-27
1589,Steven Chambers,Madurai,South,Clothing,Kurti,44727.72,29.81,3754.56,7,Card,2025-11-02
1590,Heather Mata,Coimbatore,East,Groceries,Rice,29273.05,19.24,3362.91,9,Net Banking,2024-02-23
1591,Tanner Livingston,Salem,South,Sports,Cricket Bat,49026.37,8.65,7825.14,10,Card,2024-10-26
1592,Luis Gutierrez,Madurai,East,Electronics,Mobile,37720.14,3.37,2829.75,3,Net Banking,2025-01-18
1593,Mark Goodman,Chennai,South,Furniture,Table,18752.19,11.07,2246.4,2,UPI,2025-06-30
1594,Nicholas Lee,Chennai,West,Clothing,Jeans,41031.17,17.9,5625.59,8,UPI,2024-11-26
1595,Lisa Maxwell,Trichy,North,Electronics,Smart Watch,39752.29,16.13,8900.09,8,Cash,2024-12-18
1596,Steven White,Salem,West,Furniture,Sofa,33409.34,15.82,3171.3,9,Card,2025-03-17
1597,Ryan Robles,Madurai,West,Furniture,Sofa,22514.39,0.71,4641.94,9,Net Banking,2025-11-09
1598,Jessica Daniels,Madurai,South,Sports,Football,30866.51,3.66,3517.76,2,Net Banking,2024-12-10
1599,Elizabeth Sanchez,Tirunelveli,West,Electronics,Smart Watch,43824.83,14.14,7498.88,7,Card,2024-05-29
1600,Tiffany Nguyen,Salem,South,Sports,Gym Bag,41766.87,2.25,3015.33,5,UPI,2025-09-10
1601,Gary Mitchell,Chennai,East,Electronics,Laptop,37775.32,16.81,6433.19,2,Cash,2024-07-07
1602,Amy Gilbert,Madurai,South,Sports,Cricket Bat,37271.52,28.7,2428.8,2,Net Banking,2024-08-18
1603,Paula Hill,Coimbatore,North,Clothing,T-Shirt,44177.11,1.75,9938.93,8,UPI,2025-03-29
1604,Michelle White,Trichy,South,Sports,Gym Bag,35131.37,28.39,7567.02,1,Cash,2024-10-09
1605,Emily Kelly,Trichy,East,Clothing,T-Shirt,4724.2,7,343.04,10,Cash,2024-06-28
1606,Jonathan Clark,Chennai,West,Electronics,Laptop,16625.53,16.23,1900.6,6,Cash,2024-10-16
1607,Veronica Page,Coimbatore,West,Electronics,Laptop,19927.7,13.91,2600.42,8,UPI,2025-08-21
1608,Michael Mcgrath,Salem,South,Groceries,Rice,23903.12,19.02,3773.02,8,UPI,2024-04-02
1609,Michael Ortega,Chennai,West,Clothing,T-Shirt,27025.05,3.26,5641.69,2,Cash,2025-06-18
1610,Samuel Lane,Coimbatore,West,Clothing,Jacket,22232.94,28.97,1748.04,1,Cash,2025-01-15
1611,Randy Nash,Coimbatore,West,Groceries,Rice,22936.4,10.23,1258.61,4,UPI,2025-02-05
1612,Matthew Adams,Chennai,North,Clothing,Kurti,11661.34,6.62,2380.01,8,Cash,2024-05-24
1613,Ryan Christian,Tirunelveli,South,Clothing,Jeans,27880.04,9.72,6546.07,9,UPI,2025-05-28
1614,Matthew Thomas,Coimbatore,North,Sports,Cricket Bat,23716.91,28.48,3632.16,3,Net Banking,2025-06-20
1615,Lisa Cannon,Coimbatore,North,Furniture,Table,37157.5,19.41,8187.77,2,Net Banking,2024-08-25
1616,Jason Greene,Trichy,North,Furniture,Sofa,41523.35,6.08,9190.62,4,Card,2024-06-09
1617,Debra Mills,Madurai,East,Furniture,Cupboard,12123.86,3.52,1035.43,3,Cash,2024-01-21
1618,Scott Peterson,Salem,West,Sports,Cricket Bat,23800.51,8.32,2409.22,5,Net Banking,2024-11-19
1619,William Mercado,Coimbatore,East,Groceries,Snacks,32766.03,29.29,4689.31,2,UPI,2025-12-11
1620,Robyn Harris,Madurai,North,Electronics,Laptop,6209.95,8.65,1377.72,9,Net Banking,2025-01-22
1621,Christina Ibarra,Salem,East,Clothing,Kurti,14972.26,13,1476.76,1,Cash,2025-04-21
1622,Mariah Baird,Trichy,South,Furniture,Table,17117.1,26.68,1122.62,1,UPI,2024-06-14
1623,Sarah Walker,Salem,East,Electronics,Mobile,9783.4,11.55,1360.61,5,Card,2024-06-03
1624,Michael Chavez,Madurai,South,Groceries,Rice,40423.37,8.74,3014.63,9,Net Banking,2024-08-27
1625,Edward White,Salem,North,Groceries,Rice,42127.56,22.93,5971.7,4,Net Banking,2025-07-26
1626,Deanna Wilson,Tirunelveli,East,Furniture,Sofa,37171.84,7.32,8304.64,7,Net Banking,2025-01-10
1627,Riley Campos,Salem,West,Sports,Gym Bag,40341.26,10.94,9746.7,7,UPI,2024-03-31
1628,Tanya Ray,Trichy,North,Clothing,T-Shirt,17829.64,20.3,2398.17,10,Net Banking,2024-07-04
1629,Laura Cook,Coimbatore,North,Sports,Gym Bag,1952.21,20.53,334.97,8,UPI,2024-11-07
1630,Teresa Williams,Chennai,South,Electronics,Headphones,34777.01,16.6,8049.92,1,Cash,2024-07-16
1631,Franklin Rice,Madurai,North,Electronics,Smart Watch,35726.53,18.19,8164.62,7,Card,2025-02-18
1632,Whitney Ho,Chennai,North,Groceries,Snacks,35890.49,1.72,3542.79,1,UPI,2025-05-20
1633,Susan Holmes DDS,Trichy,South,Sports,Shoes,17935.88,21.4,1365.92,8,Card,2025-06-24
1634,Rebecca Hopkins,Chennai,West,Sports,Football,38557.1,5.11,8248.25,10,Card,2025-06-27
1635,Julie Hart,Salem,West,Clothing,T-Shirt,33166.79,29.68,2077.28,1,Cash,2025-10-02
1636,Jose Medina,Tirunelveli,West,Furniture,Table,4222.45,12.78,272.32,8,UPI,2025-09-30
1637,Jennifer Fields,Chennai,West,Clothing,Jeans,14647.81,22.14,3435.47,8,Net Banking,2025-12-18
1638,Meagan Watson,Madurai,North,Clothing,T-Shirt,27171.24,23.55,6492.75,6,UPI,2024-08-23
1639,Michael Howard,Salem,West,Groceries,Rice,36058.35,15.59,2932.22,8,UPI,2025-10-24
1640,Debbie Ingram,Trichy,South,Clothing,Jacket,43724.14,6.97,7923.04,2,Net Banking,2024-10-17
1641,Lisa Martin,Coimbatore,North,Electronics,Smart Watch,4227.46,23.93,439.2,7,Card,2024-02-26
1642,Jeffery Banks,Coimbatore,South,Furniture,Chair,46212.85,13.04,3992.35,9,Net Banking,2024-02-20
1643,Eric Vance,Tirunelveli,West,Electronics,Mobile,8269.56,9.57,910.97,2,UPI,2025-09-30
1644,James Reed,Salem,North,Electronics,Mobile,5215.36,17.81,1067.88,7,Card,2024-02-10
1645,Ariel Cox,Trichy,North,Clothing,Jeans,4257.72,29.09,554.94,10,Net Banking,2025-11-03
1646,Robert Perez Jr.,Chennai,North,Furniture,Chair,17480.11,19.18,3263.88,8,Cash,2024-12-11
1647,Christopher Henry,Salem,West,Electronics,Headphones,18292.37,14.91,3969.95,6,UPI,2024-07-14
1648,Kimberly Arnold,Coimbatore,North,Furniture,Chair,32881.76,22.91,6310.79,7,UPI,2024-02-24
1649,Destiny Aguilar,Salem,East,Groceries,Rice,7828.4,20.49,1059.35,8,UPI,2024-12-15
1650,Regina Cantrell,Chennai,West,Groceries,Rice,8657.75,15.48,839.92,2,Card,2025-01-19
1651,David Mcmahon,Trichy,South,Furniture,Chair,31884.86,24.37,3090.74,2,UPI,2024-08-31
1652,April Johnson,Chennai,West,Groceries,Snacks,10699.51,18.35,1404.91,1,Net Banking,2024-04-09
1653,Teresa Stevens,Salem,North,Groceries,Rice,44959.89,3.39,6808.57,1,Cash,2025-04-06
1654,Charles Schneider,Tirunelveli,West,Furniture,Sofa,8711.88,27.87,847.42,10,Net Banking,2025-11-23
1655,Kimberly Scott,Salem,West,Groceries,Snacks,28889.84,26.85,6959.94,9,UPI,2024-09-07
1656,Thomas Phillips,Coimbatore,West,Groceries,Oil,20228.03,7.94,4840.07,3,Card,2024-01-22
1657,Katelyn White,Chennai,South,Groceries,Oil,48199.76,14.24,11994.76,1,Card,2024-04-27
1658,Shannon Irwin,Tirunelveli,South,Groceries,Oil,40572.83,27.49,7103.14,5,Card,2025-12-10
1659,Raymond Gray,Tirunelveli,East,Furniture,Sofa,32405.04,25.17,2202.43,8,Cash,2025-01-24
1660,David Morris,Coimbatore,East,Electronics,Smart Watch,33352.02,5.79,8265.22,5,Card,2024-02-10
1661,Phillip Simpson,Coimbatore,East,Furniture,Table,15557.91,22.32,2024.34,10,UPI,2025-01-12
1662,Keith Hanson,Tirunelveli,East,Groceries,Rice,26017.63,19.88,4152.26,10,Net Banking,2025-11-01
1663,Mark Lewis,Trichy,East,Clothing,Jeans,45365.81,20.33,10591.34,7,UPI,2025-01-04
1664,Kevin Williams,Chennai,West,Furniture,Sofa,30201.69,3.64,3921.44,7,Net Banking,2024-04-08
1665,Kimberly Mcdonald,Salem,South,Groceries,Snacks,10278.21,24.53,2362.47,3,Card,2024-01-22
1666,Christy Watkins,Coimbatore,East,Groceries,Milk,1703.47,19.44,171.08,10,Card,2025-05-18
1667,Christine Horn,Tirunelveli,North,Electronics,Laptop,2374.17,25.22,261.56,5,Cash,2024-02-05
1668,Adrienne Carrillo,Coimbatore,West,Clothing,Jacket,25999.8,11.31,6232.97,8,UPI,2024-03-30
1669,Amanda Carroll,Tirunelveli,East,Groceries,Rice,41214.9,6.48,10282.03,9,UPI,2025-01-14
1670,Melinda Rose,Tirunelveli,West,Groceries,Oil,3466.21,15.22,539.92,8,Net Banking,2025-08-31
1671,Michael Dixon,Madurai,West,Clothing,Jeans,31392.01,16.44,5710.13,2,UPI,2025-11-25
1672,Philip Henderson,Madurai,East,Clothing,Kurti,42345.03,27.68,6342.27,6,UPI,2024-01-24
1673,Rachel Obrien,Tirunelveli,East,Clothing,Jeans,41215.98,2.1,3348.28,4,Net Banking,2025-02-06
1674,Brenda Simpson,Coimbatore,North,Electronics,Mobile,28946.52,28.81,5504.76,9,Net Banking,2025-08-14
1675,Joseph Alvarez,Madurai,South,Clothing,Jacket,35384.21,21,3466.96,10,Cash,2025-12-23
1676,Nicole Kane,Madurai,North,Electronics,Headphones,16029.73,22.8,3175.85,3,Card,2024-08-20
1677,Tabitha Horn,Madurai,South,Clothing,Jeans,10397.34,17.41,2441.82,8,Card,2025-08-25
1678,George Chapman,Trichy,South,Electronics,Mobile,30308.54,0.65,4043.09,4,UPI,2024-11-28
1679,Christopher Butler,Coimbatore,South,Sports,Cricket Bat,45148.34,9.35,9760.11,8,Net Banking,2025-02-19
1680,Jason Daugherty,Salem,North,Electronics,Smart Watch,24503.13,27.46,2041.8,4,Cash,2025-03-05
1681,Ashley Carter,Madurai,South,Groceries,Oil,47754.57,17.75,9687.44,10,UPI,2024-11-20
1682,Christopher Williams,Coimbatore,North,Groceries,Oil,13530.69,28.23,942.94,2,UPI,2024-08-16
1683,Angela Andrade,Coimbatore,North,Clothing,Jacket,27409.8,5.09,3348.65,8,UPI,2024-12-05
1684,Adrienne Reid,Madurai,South,Clothing,T-Shirt,36385.32,3.65,7891.22,7,Card,2024-12-02
1685,Ashley Hinton,Chennai,West,Electronics,Headphones,42375.32,24.32,4856.42,9,Card,2024-12-09
1686,Sheila Gomez,Trichy,North,Electronics,Mobile,865.45,1.32,162.66,2,Card,2025-04-05
1687,Christina Mayo,Tirunelveli,West,Furniture,Sofa,2117.44,15.33,418.06,4,UPI,2025-01-27
1688,Jasmine Collier,Salem,East,Clothing,Jacket,40787.83,29.76,3821.06,10,UPI,2025-08-28
1689,Dylan Sherman,Chennai,East,Electronics,Headphones,20829.98,14.19,4849.03,1,UPI,2025-01-03
1690,Robert Duarte,Tirunelveli,South,Furniture,Cupboard,49325.5,0.92,9939.53,1,Net Banking,2024-07-18
1691,Jeffrey Goodwin,Trichy,South,Electronics,Mobile,47035.31,25.81,10834.85,9,Card,2024-09-10
1692,Andrew Best,Trichy,South,Furniture,Chair,851.23,29.24,47.37,6,Cash,2025-05-21
1693,Bradley Mcdonald,Salem,West,Clothing,T-Shirt,35199.29,26.6,8615.87,4,Cash,2025-04-05
1694,Stanley Hale,Madurai,South,Furniture,Cupboard,42796.2,11.09,2773.01,1,Card,2025-03-12
1695,Diana Rivera,Chennai,East,Furniture,Sofa,29606.23,21.69,7181.54,2,UPI,2025-03-26
1696,Rachael Johnson,Salem,North,Groceries,Oil,49039.13,14.62,8374.03,8,Card,2025-08-06
1697,Zachary Morgan,Trichy,North,Furniture,Chair,31156.31,28.06,4971.12,1,Card,2024-02-21
1698,Heather Kelly,Trichy,East,Groceries,Snacks,1440.93,11.88,129.62,3,Card,2025-03-27
1699,Stacey Weaver,Chennai,East,Sports,Football,39300.8,14.87,2687.08,6,Card,2025-11-25
1700,Rebecca Ortiz,Madurai,West,Electronics,Mobile,1728.57,19.73,107.3,7,Cash,2025-12-30
1701,Rebecca Garza,Chennai,East,Furniture,Chair,31454.66,0.68,2580.44,3,Cash,2025-12-30
1702,Michael Cline,Salem,South,Groceries,Oil,49594.79,13.04,5328.08,7,Card,2024-01-13
1703,Matthew Taylor,Tirunelveli,West,Groceries,Rice,21829.55,12.43,3357.29,9,Net Banking,2024-05-08
1704,Kathleen Park,Madurai,East,Groceries,Milk,34469.32,19.85,5595.92,9,Card,2025-04-23
1705,Elizabeth Henderson,Salem,South,Groceries,Rice,19801.43,14.05,1125.9,10,Cash,2025-01-02
1706,Steven Sosa,Salem,West,Furniture,Sofa,9946.08,5.04,685.67,4,Cash,2025-07-24
1707,Catherine Solis,Salem,East,Furniture,Cupboard,39659.04,8.48,7414.6,4,Cash,2025-02-10
1708,Trevor Hall,Trichy,North,Sports,Shoes,10370.39,0.73,2453.5,5,Card,2024-04-30
1709,Julia Frye,Coimbatore,East,Furniture,Chair,22909.39,13.6,2880.49,1,Net Banking,2024-02-26
1710,Theresa Anderson,Madurai,North,Groceries,Snacks,4354.99,26.68,223.72,4,Card,2024-07-18
1711,Scott Beck,Trichy,North,Electronics,Mobile,35726.21,23.57,3991.31,2,Net Banking,2025-01-23
1712,Christine Moore,Madurai,West,Sports,Gym Bag,6207,13.91,408,1,UPI,2024-08-15
1713,Christopher Macias,Trichy,North,Electronics,Headphones,13481.51,22.42,1503.23,10,Net Banking,2025-11-05
1714,Sarah Blackwell,Madurai,North,Sports,Gym Bag,20840.22,8.85,1390.02,3,UPI,2024-02-16
1715,Sandra Crawford,Madurai,North,Sports,Cricket Bat,48430.74,25.86,4699.02,7,UPI,2025-11-07
1716,Chad Brewer,Coimbatore,South,Clothing,Kurti,41413.21,26.75,6903.74,6,Net Banking,2025-12-15
1717,Samuel Macias,Salem,East,Groceries,Oil,6149.71,0.84,414.61,1,Net Banking,2025-06-26
1718,Regina Farrell,Chennai,West,Groceries,Snacks,14606.22,29.94,766.64,6,Net Banking,2025-01-28
1719,Kim Herrera,Trichy,West,Groceries,Rice,48413.15,9.84,9893.4,7,Card,2025-09-26
1720,Jenny Henderson,Salem,North,Groceries,Snacks,35262.46,9.55,5906.6,5,Net Banking,2025-01-04
1721,Mark Miller,Coimbatore,South,Electronics,Laptop,28119.02,18.59,5096.04,7,Cash,2024-03-14
1722,Jaime Chan,Salem,South,Clothing,Jacket,30304.39,1.53,4269.15,10,Card,2025-04-17
1723,Leah Robinson,Trichy,West,Sports,Gym Bag,47338.24,29.72,6469.33,2,Card,2024-07-22
1724,Christine Martinez,Tirunelveli,East,Sports,Cricket Bat,36679.99,22.94,8337.59,5,Net Banking,2025-01-22
1725,Eddie Williams,Salem,East,Furniture,Table,252.25,4.3,42.37,6,Cash,2024-02-10
1726,Christopher Bowman,Trichy,North,Furniture,Cupboard,2473.66,24.32,394.03,9,Cash,2024-09-29
1727,Nicholas Barton,Coimbatore,West,Groceries,Rice,22194.41,24.63,4826.7,7,UPI,2024-03-13
1728,Darrell Goodman,Coimbatore,East,Electronics,Laptop,7405.28,9.73,1706.98,4,Cash,2025-05-29
1729,Catherine Schroeder,Coimbatore,North,Electronics,Mobile,43476.2,3.04,9089.08,4,UPI,2025-09-13
1730,Sara Owens,Trichy,West,Furniture,Sofa,9610.05,21.85,2379.57,5,UPI,2025-08-18
1731,Jonathan Jenkins,Salem,East,Groceries,Oil,4627.63,24.84,653.28,8,Card,2025-11-23
1732,Isaac Wilson,Coimbatore,West,Clothing,Jacket,10827.36,11.37,2505.66,7,Cash,2024-02-26
1733,Jason Gregory,Coimbatore,East,Sports,Gym Bag,13036.83,5.73,3139.77,9,Cash,2024-01-03
1734,Austin Caldwell,Trichy,West,Sports,Shoes,33625.71,6.89,4380.64,5,Card,2025-09-05
1735,Zachary Calhoun,Madurai,East,Sports,Gym Bag,8596.88,20.65,1441.7,10,UPI,2025-01-12
1736,Andrea Levy,Tirunelveli,East,Electronics,Smart Watch,32644.11,0.9,5700.73,2,Card,2024-08-18
1737,Joseph Hardin,Salem,North,Sports,Football,18843.93,16.64,3788.34,3,Net Banking,2024-02-06
1738,Michelle Leonard,Coimbatore,South,Sports,Shoes,6206.55,3.18,821.21,4,Net Banking,2025-01-22
1739,Elizabeth Wilkins,Trichy,South,Sports,Gym Bag,9379.59,10.82,2239.97,7,Card,2024-11-14
1740,Sara Larsen,Chennai,West,Groceries,Oil,41288.93,4.79,8084.88,6,UPI,2025-07-31
1741,Sarah Smith,Chennai,East,Sports,Gym Bag,47640.29,13.58,2678.55,8,Card,2025-06-19
1742,Emily Silva,Trichy,East,Electronics,Headphones,45411.94,14.7,3208.74,3,Cash,2025-12-21
1743,David Garner,Salem,East,Sports,Cricket Bat,38722.76,29.3,8459.39,8,Card,2024-08-29
1744,Charles Velasquez,Chennai,North,Furniture,Chair,25635.77,18.5,6350.18,7,UPI,2025-03-12
1745,Derek Lawrence,Coimbatore,West,Clothing,Jacket,22129.08,10.72,3813.24,5,Net Banking,2025-09-23
1746,Kimberly Anderson,Salem,South,Electronics,Headphones,26512.18,27.86,3787.22,1,UPI,2024-10-08
1747,Eric Griffin,Coimbatore,North,Clothing,Jacket,208.57,20.22,45.63,10,Card,2024-05-21
1748,Jocelyn Morales,Coimbatore,West,Electronics,Smart Watch,37170.15,6.86,7688.52,3,Card,2025-10-21
1749,Carrie Butler,Coimbatore,East,Clothing,Kurti,27920.28,27.7,4688.88,7,Card,2024-11-06
1750,Daniel Weber,Tirunelveli,North,Groceries,Snacks,17691.08,11.34,1057.22,3,Net Banking,2024-07-25
1751,Jessica Montoya,Coimbatore,East,Sports,Cricket Bat,21856.2,16.35,2372.45,8,Cash,2025-05-03
1752,Brian Clark,Trichy,South,Sports,Football,6588.12,27.93,1215.54,6,Card,2024-05-02
1753,Douglas Macdonald,Madurai,East,Furniture,Cupboard,29048.14,17.08,3664.74,9,Cash,2025-12-25
1754,Mathew Daniels,Tirunelveli,North,Sports,Cricket Bat,33740.75,9.95,6012.39,3,UPI,2025-10-12
1755,John Combs,Madurai,North,Clothing,T-Shirt,1363.22,7.93,155.98,4,Cash,2024-08-19
1756,Manuel Bryant,Chennai,South,Sports,Cricket Bat,18402.97,13.99,3509.26,1,UPI,2025-10-14
1757,Chloe Burnett,Trichy,East,Sports,Gym Bag,19907.49,9.81,1048.03,8,Cash,2024-07-02
1758,Joseph Hansen,Madurai,North,Sports,Football,40765.95,3.21,2132.03,2,Card,2024-09-08
1759,Dr. Christopher Cole,Coimbatore,West,Electronics,Mobile,19246.61,1.89,1740.54,6,Net Banking,2024-05-23
1760,Rachel Baker,Madurai,North,Groceries,Rice,8455.06,6.22,1021.07,9,Card,2025-03-11
1761,Paula Hampton,Chennai,South,Furniture,Chair,10704.91,3.46,1560.92,3,Card,2025-02-11
1762,Ashley Hendricks,Madurai,North,Electronics,Headphones,1684.33,18.39,334.82,10,Net Banking,2025-02-21
1763,Julie Perez,Madurai,West,Clothing,Kurti,1974.59,8.19,341.81,2,UPI,2024-10-17
1764,Justin Bradley,Tirunelveli,South,Sports,Cricket Bat,40607.31,26.85,2102.13,7,UPI,2024-09-06
1765,Tanya Long,Chennai,North,Sports,Football,2492,1.13,331.96,4,UPI,2025-05-14
1766,Bruce Cox,Madurai,North,Sports,Gym Bag,30983.2,20.08,6830.68,6,Net Banking,2025-04-29
1767,Mark Levine,Coimbatore,East,Sports,Gym Bag,1861.62,7.21,197.92,5,Cash,2025-08-15
1768,Stacey Lawson,Tirunelveli,East,Sports,Shoes,45069.19,5.57,3272.52,3,UPI,2024-07-19
1769,Tammy Parker,Chennai,South,Groceries,Milk,15263.36,26.78,2888.02,2,UPI,2025-03-09
1770,Scott Landry,Coimbatore,South,Sports,Gym Bag,45314.63,20.04,6719.34,1,Net Banking,2025-12-29
1771,Laura Prince,Chennai,North,Furniture,Chair,5190.87,29.69,335.81,5,Net Banking,2024-08-31
1772,Robert Garza,Salem,North,Clothing,Jacket,28838.92,20.13,5496.31,4,Net Banking,2024-11-03
1773,Benjamin Ward,Salem,East,Groceries,Rice,39190.76,15.6,8343.73,8,Net Banking,2024-07-02
1774,Jason Lane,Madurai,West,Groceries,Oil,26134.4,9.68,5375.48,2,UPI,2024-11-17
1775,Kevin Benson,Salem,West,Electronics,Mobile,7970.38,17.98,602.29,6,Net Banking,2025-09-20
1776,John Berry,Madurai,West,Sports,Cricket Bat,24789.75,24.27,1729.02,4,Cash,2024-12-13
1777,Christopher Duran,Salem,South,Sports,Football,20540.03,21.64,2427.53,9,UPI,2024-05-03
1778,Michelle Allen,Trichy,North,Electronics,Headphones,27460.45,14.56,5794.18,2,Card,2025-02-15
1779,Ryan Reeves,Madurai,North,Electronics,Headphones,47943.83,23.79,10155.33,6,Net Banking,2024-05-02
1780,Danielle Brown,Salem,North,Sports,Cricket Bat,35430.38,10.69,5097.13,7,Net Banking,2024-02-20
1781,Kim Johnson,Madurai,East,Clothing,Jacket,7738.95,3.18,1676.65,4,UPI,2024-06-11
1782,Erika George,Chennai,West,Groceries,Rice,29780.78,5.53,2222.66,10,Cash,2024-07-31
1783,Manuel Perez,Coimbatore,North,Groceries,Milk,39678.3,21.52,5801.7,7,Net Banking,2025-02-26
1784,Tom Thompson,Coimbatore,North,Furniture,Table,30488.49,5.31,7337.63,4,Cash,2024-05-24
1785,Linda Escobar,Salem,North,Electronics,Headphones,49034.09,28.91,9492.84,9,Net Banking,2024-03-05
1786,Charles Morrison,Coimbatore,West,Clothing,Kurti,15464.62,16.98,3011.61,2,Cash,2025-09-29
1787,Michael Yoder,Coimbatore,East,Sports,Cricket Bat,32476.99,23.24,2799.24,6,Cash,2024-02-20
1788,Claudia Stevens,Coimbatore,North,Sports,Gym Bag,36464.69,23.34,4079.56,2,Card,2024-12-09
1789,Valerie Moyer,Chennai,South,Groceries,Snacks,31919.39,5.53,5476.42,1,Net Banking,2025-08-11
1790,Teresa Bowen,Coimbatore,East,Groceries,Snacks,44385.37,7.33,6406.45,10,UPI,2025-05-29
1791,Shari Johnson,Chennai,East,Furniture,Table,29211.1,15.1,2226.04,8,Card,2025-03-14
1792,Dr. Douglas Carpenter IV,Madurai,North,Electronics,Headphones,3805.27,25.18,896.76,10,Card,2025-12-07
1793,Marilyn Davis,Madurai,North,Sports,Shoes,46439.47,27.36,3509.05,3,UPI,2025-11-24
1794,Lisa Reynolds,Coimbatore,South,Clothing,T-Shirt,38412.98,15.32,3281.54,9,UPI,2025-10-03
1795,Donna Davis,Coimbatore,East,Electronics,Laptop,17749.63,25.14,3191.75,7,Net Banking,2024-10-17
1796,Caleb Camacho,Salem,West,Clothing,Jacket,35713.63,3.07,4797.62,8,Net Banking,2024-08-06
1797,Joshua Hart,Trichy,West,Furniture,Sofa,2459.85,29.72,253.71,4,Card,2025-07-10
1798,Christina Henderson,Trichy,South,Furniture,Cupboard,2874.16,18.42,196.31,7,Card,2025-06-05
1799,Rachel Brown,Coimbatore,West,Clothing,Jacket,24776.98,16.17,2743.26,10,Net Banking,2025-03-03
1800,Allen Lopez,Trichy,East,Groceries,Oil,47540.16,17.5,11303.36,1,Net Banking,2024-08-03
1801,Jeff Brown,Tirunelveli,North,Groceries,Snacks,31356.22,7.39,4312.91,2,Card,2024-04-05
1802,Thomas Martinez,Chennai,West,Groceries,Rice,9053.06,9.12,2087.52,7,UPI,2025-02-19
1803,Heather Gray,Coimbatore,East,Groceries,Milk,20620.33,24.21,4033.35,6,Net Banking,2024-08-12
1804,Shannon Hernandez,Madurai,South,Groceries,Rice,27192.77,26.78,1398.48,8,UPI,2025-07-24
1805,Tyler Freeman,Coimbatore,West,Furniture,Table,16210.39,7.01,3481.63,3,Card,2025-12-05
1806,Kristie Mcguire,Coimbatore,South,Furniture,Cupboard,295.35,20.63,40.96,5,UPI,2024-03-13
1807,Kathleen Jones,Chennai,West,Sports,Cricket Bat,49975.26,4.59,4510.45,2,Net Banking,2024-10-31
1808,Jacqueline Logan,Madurai,West,Clothing,Kurti,14947.87,17.27,2645.03,2,Cash,2025-01-09
1809,John Long,Coimbatore,East,Furniture,Sofa,14416,15.42,3426.79,6,Card,2024-04-24
1810,Shannon Diaz,Trichy,East,Groceries,Milk,16357.27,13.87,2526.87,8,Cash,2025-03-21
1811,Nancy Walton,Madurai,South,Groceries,Rice,48260.29,9.38,8526.03,1,UPI,2025-11-28
1812,Joshua Vargas,Chennai,East,Groceries,Snacks,23605.11,12.72,4731.12,7,Card,2025-01-22
1813,Heather Howard,Madurai,South,Electronics,Headphones,21114.88,16.77,3677.86,5,Net Banking,2024-05-05
1814,Courtney Cannon,Madurai,West,Clothing,Kurti,17614.4,8.67,1425.98,4,UPI,2024-08-13
1815,Heidi Lewis,Coimbatore,North,Furniture,Table,3264.19,19.46,521.39,1,Cash,2025-05-13
1816,Kevin Crawford,Coimbatore,West,Clothing,T-Shirt,33862.76,13.91,5446.75,3,UPI,2024-06-03
1817,Kelsey Carroll,Madurai,South,Furniture,Sofa,4856.08,17.12,444.06,1,Net Banking,2024-04-22
1818,Cynthia Meyers,Madurai,South,Electronics,Laptop,31298.06,5.91,4745.47,2,UPI,2024-10-04
1819,David Montoya,Madurai,North,Furniture,Cupboard,39324,21.36,4710.2,7,Net Banking,2025-10-26
1820,Denise Howe,Tirunelveli,North,Groceries,Milk,49475.26,5.36,10607.33,9,Cash,2024-11-21
1821,Carol Jones,Salem,West,Groceries,Milk,22297.64,28.07,2975.51,4,UPI,2025-06-24
1822,Amber Perez,Salem,West,Sports,Gym Bag,9342.62,5.68,1516.78,1,UPI,2025-08-12
1823,Lisa Stephens,Salem,North,Electronics,Headphones,39876.71,23.1,7436.69,4,Cash,2025-05-30
1824,Steven Miranda,Coimbatore,South,Clothing,Kurti,6005.76,8.73,936.3,5,Net Banking,2024-07-27
1825,Eileen Simmons,Madurai,North,Furniture,Chair,19451.98,18.52,2157.05,6,Net Banking,2025-09-08
1826,Blake Gordon,Trichy,East,Groceries,Rice,7987.86,18.94,1709.01,1,UPI,2025-06-07
1827,Zachary Rodriguez,Salem,North,Electronics,Laptop,40225.47,1.14,5074.55,7,Card,2024-08-30
1828,Jared Fitzgerald,Coimbatore,North,Furniture,Cupboard,46194.13,17.58,6247.75,1,Cash,2024-11-20
1829,Angela Hoffman,Tirunelveli,West,Clothing,Kurti,43141.01,3.82,9808.9,10,Net Banking,2024-04-27
1830,Amber Garcia,Madurai,East,Sports,Gym Bag,43188.71,13.15,2668.77,2,Card,2024-02-25
1831,Jeremy Rhodes,Madurai,South,Furniture,Chair,15456.23,1.31,3467.65,10,Net Banking,2024-08-13
1832,Joseph Taylor,Salem,East,Electronics,Mobile,12088.81,11.88,1369.48,5,Cash,2025-10-28
1833,Laura Brown,Salem,South,Clothing,Jacket,29972.11,12.4,2093.07,7,Card,2025-02-04
1834,Beth Gillespie,Madurai,East,Clothing,Kurti,6795.24,20.84,546.35,4,Card,2025-10-31
1835,Brittany Wright,Chennai,East,Groceries,Rice,20907.48,9.73,4027.52,2,Net Banking,2025-02-09
1836,Jeffery Ellison,Chennai,West,Groceries,Oil,33764.86,20.63,5142.66,3,Net Banking,2024-08-23
1837,Jared Garcia,Madurai,North,Sports,Shoes,36883.84,22.42,6797.2,1,UPI,2025-03-14
1838,Jaclyn Miller,Chennai,West,Groceries,Milk,10768.96,22.96,2542.96,5,Net Banking,2025-11-20
1839,Ian Romero,Tirunelveli,East,Sports,Gym Bag,17781.47,0.51,3976.12,6,Cash,2024-07-20
1840,Kyle Martin,Madurai,West,Groceries,Rice,28675.81,24.59,2016.7,8,Cash,2024-10-07
1841,Kelly Hamilton,Coimbatore,East,Electronics,Smart Watch,28103.3,7.82,1464.09,10,UPI,2024-07-21
1842,Russell Davies,Madurai,North,Furniture,Chair,28738.95,6.44,6500.93,9,Card,2025-11-22
1843,Daniel Camacho,Chennai,South,Groceries,Snacks,42882.78,3.31,2900.05,6,UPI,2024-09-28
1844,Jeffrey Cox,Trichy,East,Sports,Shoes,30323,9.6,6801.36,8,Cash,2025-09-29
1845,Natalie Wade,Chennai,East,Furniture,Cupboard,37233.98,4.11,4218.06,2,Net Banking,2024-05-20
1846,John Owens,Coimbatore,North,Furniture,Sofa,8773.2,25.09,2117.63,10,Card,2025-03-15
1847,Dustin Graham,Trichy,West,Sports,Gym Bag,15473.7,12.31,3043.68,8,Net Banking,2025-05-12
1848,Tanya Johnson,Tirunelveli,South,Clothing,Jacket,20886.05,29.45,4522.7,1,Cash,2024-11-22
1849,Samantha Rose,Trichy,West,Clothing,Jacket,19001.59,14.84,2735.72,2,Card,2025-09-29
1850,Gregory Howard,Salem,East,Electronics,Laptop,37205.92,21.06,8278.37,6,Card,2024-08-30
1851,Brandon Mason,Madurai,West,Groceries,Oil,47503.63,24.2,4785.79,3,Card,2024-06-12
1852,Cynthia Jackson,Coimbatore,South,Electronics,Mobile,3565.76,16.76,866.19,7,Card,2024-06-26
1853,Katelyn Morton,Salem,East,Electronics,Headphones,13458.41,11.52,2354.15,3,Net Banking,2025-08-28
1854,Angela Johnson,Madurai,North,Groceries,Snacks,30796.38,18.72,2907.89,3,UPI,2025-12-06
1855,Katherine Brennan MD,Madurai,North,Sports,Cricket Bat,27825.26,28.22,4955.68,8,Card,2025-03-15
1856,Elaine Nixon,Madurai,West,Electronics,Mobile,25445.45,1.89,4025.79,8,UPI,2024-06-10
1857,Amanda Taylor,Chennai,West,Furniture,Table,10927.81,9.61,2719.36,2,Cash,2025-08-31
1858,Jeremy Martin,Tirunelveli,West,Clothing,T-Shirt,49572.2,18.98,8726.65,2,UPI,2025-08-23
1859,Jennifer Walker,Trichy,South,Groceries,Milk,34969.41,22.21,5498.33,8,UPI,2024-04-23
1860,Yolanda Hall,Coimbatore,North,Electronics,Mobile,13578.26,12.64,1332.93,4,Card,2024-01-28
1861,Marissa Kennedy,Tirunelveli,North,Groceries,Milk,27510.49,22.62,6823.05,7,Net Banking,2025-09-14
1862,Barbara Vasquez,Coimbatore,East,Furniture,Cupboard,43103.86,1.94,7078.37,5,Card,2025-06-06
1863,Joe Patel,Coimbatore,North,Clothing,Kurti,40086.37,14.7,5980.96,2,Card,2025-08-13
1864,Julie Reynolds,Tirunelveli,East,Clothing,T-Shirt,36863.44,6.82,7691.35,10,Net Banking,2025-06-07
1865,Victoria Butler,Tirunelveli,West,Electronics,Laptop,49008.87,1.94,2749.69,7,UPI,2025-10-04
1866,Sara Howell,Madurai,East,Electronics,Headphones,882.33,23.28,211.61,9,Net Banking,2025-03-11
1867,Michael Glass,Trichy,South,Clothing,Jeans,6454.99,11.2,597.59,7,Card,2024-05-30
1868,Cassidy Kramer,Coimbatore,South,Groceries,Milk,890.49,11.95,108.95,4,Net Banking,2025-07-15
1869,Dr. Amber Hamilton,Trichy,South,Furniture,Sofa,38401.76,15.46,8505.45,10,Card,2024-01-10
1870,Ivan Scott,Coimbatore,West,Groceries,Rice,40714.35,0.17,9532.3,2,Cash,2024-02-20
1871,Becky Rogers,Chennai,West,Furniture,Cupboard,31781.83,28.76,3045.63,1,UPI,2024-05-01
1872,Carl Davidson,Salem,South,Clothing,Kurti,46781.46,17.22,7752.95,8,Net Banking,2024-10-18
1873,Heather Collier,Trichy,East,Electronics,Mobile,6773.59,8.36,444.15,4,UPI,2025-05-06
1874,Brittany Aguilar,Tirunelveli,South,Electronics,Smart Watch,39772.92,25.92,2831.58,10,UPI,2025-07-24
1875,Steven Thomas,Salem,South,Clothing,Jacket,16643.96,1.04,2630.49,6,Card,2025-01-22
1876,Michael Lopez,Trichy,South,Clothing,Jacket,45101.63,11.6,3232.01,3,Net Banking,2024-04-04
1877,Anna Peterson,Chennai,West,Sports,Cricket Bat,45510.38,13.25,3839.46,7,UPI,2024-05-02
1878,Paul Richard,Coimbatore,North,Sports,Cricket Bat,43801.09,15.62,5328.69,9,Card,2024-07-18
1879,Caitlyn Ward,Salem,South,Groceries,Rice,23016.46,18.27,2780.15,3,UPI,2024-02-24
1880,Vincent Pham,Tirunelveli,East,Sports,Football,38323.66,12.31,2051.36,1,Cash,2024-05-23
1881,Jeffrey Kramer,Coimbatore,North,Groceries,Rice,1846.37,10.03,394.14,4,Card,2024-03-24
1882,James Hess,Trichy,East,Sports,Shoes,48684.99,24.18,3815.06,6,Cash,2024-12-19
1883,Ashley Mann,Coimbatore,North,Electronics,Smart Watch,45916.42,18.45,4252.74,8,Cash,2024-04-11
1884,Sylvia Kim,Trichy,North,Sports,Cricket Bat,7124.42,9.1,1665.54,6,Card,2024-02-25
1885,Tom Bryant,Madurai,East,Furniture,Sofa,42927.28,22.72,8611.55,4,Net Banking,2024-12-13
1886,Crystal Hughes,Salem,East,Furniture,Chair,9105.38,14.07,1597.99,7,UPI,2024-09-14
1887,Gregory Barker,Salem,North,Clothing,Kurti,43110.09,11.53,10599.7,2,UPI,2025-07-05
1888,Amber Hamilton,Salem,East,Sports,Cricket Bat,47143.41,24.41,9662.04,7,Card,2025-07-05
1889,Sharon Colon,Coimbatore,South,Sports,Cricket Bat,43905.69,29.67,4129.89,3,Card,2024-09-06
1890,Amanda Powell,Chennai,North,Electronics,Headphones,48463.76,2.32,2605.01,5,Net Banking,2024-09-24
1891,Eric Bautista,Chennai,West,Furniture,Sofa,32049.28,8.29,3273.54,6,Card,2025-04-22
1892,Russell Hood,Madurai,North,Furniture,Cupboard,23336.79,8.47,3753.05,8,Card,2024-05-05
1893,Nicole Jones,Salem,South,Furniture,Cupboard,34521.2,15.32,8623.79,6,Net Banking,2025-05-13
1894,Suzanne Robinson,Madurai,North,Electronics,Mobile,34253.84,2.81,2703.67,5,UPI,2024-03-19
1895,Gregory Jones,Tirunelveli,North,Electronics,Laptop,37169.93,26.15,5327.68,7,Cash,2025-12-20
1896,Raymond Brown,Chennai,North,Electronics,Mobile,31967.64,19.66,6675.06,4,Cash,2025-03-24
1897,Laura Williams,Madurai,South,Electronics,Laptop,46264.73,28.49,6697.69,4,Card,2024-10-04
1898,Sarah Jones,Salem,East,Furniture,Cupboard,26965.11,27.29,2539.01,1,Net Banking,2024-06-10
1899,Mitchell Myers,Trichy,South,Clothing,Jacket,25461.7,19.65,4302.83,10,Cash,2024-09-14
1900,Amy Stone,Tirunelveli,East,Clothing,Kurti,31751.14,18.17,5821.09,5,Net Banking,2025-09-17
1901,Caitlin Carlson,Salem,East,Furniture,Chair,20663.33,2.12,3830.99,2,Net Banking,2024-02-25
1902,Elizabeth Gonzalez,Trichy,North,Furniture,Sofa,25601.16,22.7,4112.48,10,Cash,2024-10-10
1903,Shelby Taylor,Salem,South,Electronics,Smart Watch,12342.51,10.1,2490.03,6,Net Banking,2025-03-07
1904,Kelly Houston,Tirunelveli,North,Sports,Shoes,33843.13,26.48,4660.6,3,UPI,2025-08-02
1905,Benjamin Moss,Trichy,East,Clothing,Kurti,21019.89,20.34,1573.17,5,Card,2025-01-05
1906,Henry Huerta,Tirunelveli,East,Furniture,Chair,13028.84,27.49,845.28,5,UPI,2025-12-25
1907,Laurie Aguilar,Tirunelveli,East,Furniture,Sofa,28050.08,23.1,2211.33,1,Card,2024-09-19
1908,Patricia Wood,Trichy,North,Furniture,Chair,48412.41,3.87,7826.5,10,UPI,2025-02-08
1909,Brandi Yang,Salem,West,Clothing,T-Shirt,25867.53,23.02,2016.97,2,Net Banking,2025-04-05
1910,Donald Fisher,Trichy,West,Sports,Cricket Bat,13912.36,16.92,1511.91,1,Net Banking,2025-11-08
1911,Katie Herman,Trichy,South,Groceries,Rice,20203.27,28.79,1275.64,3,UPI,2024-01-22
1912,Joseph Baker,Chennai,West,Furniture,Table,27002.67,18.27,1511.94,5,Cash,2025-01-19
1913,Ryan Davis,Chennai,North,Sports,Football,26425.75,7.92,5107.01,3,Cash,2025-04-11
1914,Brad Gay,Salem,North,Furniture,Sofa,47050.65,15.82,7496.96,5,Card,2025-05-30
1915,Taylor Henson,Salem,East,Furniture,Sofa,6966.61,18.76,1642.07,6,Net Banking,2024-05-04
1916,Rachel Miller,Coimbatore,East,Clothing,Kurti,37581.02,21.85,4687.98,6,UPI,2024-01-23
1917,Matthew Moody,Salem,South,Furniture,Cupboard,16257.54,21.78,3508.31,9,UPI,2024-08-24
1918,Megan Perez,Trichy,East,Sports,Cricket Bat,3313.98,24.97,783.96,7,Net Banking,2025-05-25
1919,Justin Bonilla,Chennai,East,Furniture,Table,19034.15,24.52,3188.6,6,Card,2024-06-29
1920,Brian Baker,Salem,East,Sports,Shoes,20798.65,10.86,1502.36,2,UPI,2025-10-17
1921,Rhonda Rivera,Salem,East,Furniture,Table,35823.65,1.89,8716.36,7,Cash,2025-12-03
1922,Kenneth Steele,Madurai,North,Sports,Gym Bag,13828.75,3.12,2488.95,7,Net Banking,2025-09-14
1923,Justin Bryant,Coimbatore,East,Sports,Gym Bag,36832.5,29.16,5333.7,2,UPI,2025-10-01
1924,Lisa Cox,Coimbatore,West,Groceries,Rice,6328.52,24.71,1044.55,3,Card,2024-12-17
1925,Chase Moreno,Salem,East,Clothing,Jacket,39870.58,18.51,9781.15,10,Net Banking,2025-08-07
1926,Richard Payne,Madurai,South,Electronics,Mobile,34842.9,6.29,7494.53,3,Net Banking,2025-11-09
1927,Isabel Wright,Coimbatore,North,Furniture,Table,11788.36,13.14,769.56,4,Net Banking,2024-03-20
1928,Crystal Sanders,Salem,South,Groceries,Rice,49065.75,12.66,10440.83,4,Cash,2024-10-10
1929,Gregory Klein,Coimbatore,East,Groceries,Snacks,10170.63,4.78,1886.59,4,Cash,2025-05-16
1930,Phillip Monroe DDS,Madurai,West,Clothing,Jeans,34948.3,23.42,2840.04,2,Cash,2025-03-27
1931,Stephanie Vance,Tirunelveli,West,Clothing,Jeans,12838.33,10.81,2173.04,3,Card,2025-12-18
1932,Tiffany Rios,Trichy,East,Clothing,Jeans,31605.08,9.68,2229.71,7,Card,2025-09-16
1933,Brandon Valentine,Coimbatore,West,Sports,Cricket Bat,5964.13,23.3,614.74,3,Net Banking,2024-08-18
1934,Martha Douglas,Trichy,South,Electronics,Laptop,6038.09,12.21,895.86,6,UPI,2025-08-28
1935,Dustin Armstrong,Coimbatore,South,Sports,Cricket Bat,43714.53,21.67,6729.46,4,UPI,2024-02-10
1936,Steven Wright,Chennai,North,Groceries,Rice,33275.62,13.98,7495.87,4,Cash,2024-10-24
1937,Nancy Harrell,Tirunelveli,South,Sports,Cricket Bat,40123.41,0.73,8187.32,4,Net Banking,2024-06-15
1938,Trevor Bryant III,Chennai,West,Groceries,Oil,9592.56,3.56,1717.56,3,Net Banking,2025-07-31
1939,Michael Campos,Trichy,West,Furniture,Chair,15084.59,20.22,3117.82,8,Cash,2024-11-20
1940,Dylan Garcia,Chennai,East,Groceries,Milk,19463.67,21.93,3443.15,1,Card,2025-07-08
1941,Jennifer Short,Madurai,East,Groceries,Rice,33003.92,20.18,4728.53,10,Cash,2024-02-07
1942,Dana Garcia,Trichy,East,Sports,Gym Bag,41543.54,6.23,9365.59,5,Net Banking,2024-10-31
1943,Michael Potter,Salem,South,Groceries,Snacks,4381.62,8.69,1045.66,7,Net Banking,2024-09-29
1944,Amanda Warren,Salem,North,Sports,Football,20036.32,16.84,3313.65,3,Card,2025-07-28
1945,Robert Torres,Chennai,South,Clothing,T-Shirt,37160.12,22.67,8482.39,1,Cash,2024-03-15
1946,Krista Mueller,Trichy,East,Sports,Shoes,6618.54,17.52,795.73,9,Net Banking,2025-08-08
1947,Anthony Dalton,Chennai,South,Clothing,Jeans,5688.82,27.54,1156.36,1,Cash,2025-10-06
1948,Kara Patel,Trichy,West,Clothing,Jacket,8268.35,10.2,2005.08,4,Cash,2024-12-28
1949,Jacob Hunter,Trichy,West,Groceries,Snacks,18024.85,22.44,4188.38,5,Net Banking,2025-01-03
1950,Philip Sandoval,Chennai,West,Sports,Cricket Bat,32681.6,21.42,5035.7,3,Cash,2025-08-16
1951,Chad Newman,Trichy,South,Furniture,Chair,26379.99,14.48,4934.7,7,UPI,2025-09-24
1952,Lauren Chapman,Coimbatore,South,Sports,Cricket Bat,36020.22,25.68,1864.48,10,UPI,2024-02-14
1953,Aaron Simmons,Chennai,South,Sports,Shoes,21055.2,0.84,4567.19,4,Cash,2025-05-27
1954,Kim Valdez,Chennai,West,Clothing,Kurti,42708.14,6.32,6699.01,6,UPI,2024-07-14
1955,Theresa Ellison,Chennai,South,Clothing,Jacket,30917.83,5.1,1861.96,10,Net Banking,2024-11-05
1956,Alexandra Mills,Coimbatore,South,Clothing,Jacket,46009.94,20.6,11184.83,1,Card,2025-04-13
1957,Wanda Taylor,Tirunelveli,East,Groceries,Oil,30721.37,13.7,3341.41,7,Net Banking,2024-02-11
1958,Charles Schwartz,Madurai,North,Furniture,Cupboard,45609.77,11.26,6779.11,3,Net Banking,2025-07-16
1959,Cindy Salinas,Salem,South,Furniture,Sofa,25098.73,28.25,5343.25,1,UPI,2024-08-29
1960,Katelyn Hutchinson,Trichy,West,Furniture,Sofa,22712.29,28.1,5566.15,9,UPI,2025-12-14
1961,Michael Fleming,Salem,South,Sports,Gym Bag,27320.38,3.64,5082.91,8,Card,2024-08-12
1962,Marcia Thomas,Coimbatore,North,Sports,Gym Bag,2271.4,19.03,318.07,7,UPI,2025-06-02
1963,Paula Black,Coimbatore,South,Clothing,T-Shirt,506.15,13.91,73.78,4,Card,2024-10-15
1964,Tony Smith,Trichy,South,Furniture,Cupboard,20866.57,24.16,4864.61,10,UPI,2024-11-15
1965,Daniel Wolfe,Salem,North,Sports,Cricket Bat,41333.5,25.7,9193.63,7,Net Banking,2025-06-13
1966,Marcus Lopez,Chennai,North,Electronics,Mobile,9552.44,4.3,1912.83,1,Cash,2025-11-14
1967,Maria Edwards,Chennai,South,Groceries,Rice,28242.85,12.93,5802.35,6,Net Banking,2025-05-16
1968,Christopher Grant,Chennai,South,Sports,Cricket Bat,45954.12,24,9407.55,9,Card,2025-07-16
1969,Elizabeth Travis,Chennai,East,Furniture,Chair,33809.5,20.76,7484.14,2,Card,2024-02-19
1970,Michael Bell,Madurai,West,Electronics,Smart Watch,11676.84,9.38,1692.32,5,Card,2025-04-23
1971,Jonathan King,Coimbatore,South,Electronics,Mobile,7031.32,7.17,1072,9,UPI,2024-12-14
1972,Cody Allen,Salem,North,Groceries,Snacks,9874.75,18.41,1366.5,6,Card,2024-11-18
1973,Paul Lutz,Salem,North,Electronics,Laptop,30210.79,2.43,6390.93,3,Net Banking,2024-06-17
1974,Mary Humphrey,Tirunelveli,East,Electronics,Smart Watch,30755.08,11.73,3885.37,2,Card,2025-05-13
1975,Jose Lopez,Madurai,West,Electronics,Mobile,45655.96,14.4,9334.03,7,UPI,2025-03-14
1976,Rachel Vaughn,Coimbatore,West,Furniture,Table,13797.89,25.13,1581.98,8,Card,2025-02-07
1977,Benjamin Rowe,Tirunelveli,West,Furniture,Sofa,33918.15,2.07,2838.77,2,UPI,2024-05-07
1978,Frederick Hunter,Tirunelveli,West,Electronics,Mobile,49777.68,8.96,6896.98,7,Card,2025-11-24
1979,Kenneth Marshall,Chennai,South,Electronics,Headphones,19712.74,25.91,3577.88,7,Cash,2025-01-16
1980,Carolyn Mckay,Madurai,South,Sports,Gym Bag,2506.07,27.63,499.27,8,Card,2025-08-30
1981,Erin Taylor,Coimbatore,North,Furniture,Chair,41015.71,16.11,5467.81,10,UPI,2024-08-16
1982,Kelsey Miller,Madurai,North,Clothing,Jeans,19385.88,17.33,4149.14,2,UPI,2024-11-02
1983,Connor Thompson,Trichy,North,Sports,Football,35339.2,18.58,5473.18,3,Net Banking,2025-01-30
1984,Rebecca Hudson,Salem,North,Sports,Football,40626.55,5.23,8066.24,7,Cash,2025-10-10
1985,Jamie Perez,Coimbatore,West,Furniture,Cupboard,35324.36,3.7,2170.67,7,UPI,2025-08-15
1986,Sarah Harris,Trichy,North,Electronics,Laptop,401.42,13.34,20.81,9,Cash,2024-05-05
1987,Shawn Garcia,Chennai,West,Sports,Cricket Bat,28831.48,24.22,6323.49,5,Card,2024-09-11
1988,Gavin Lee,Salem,West,Sports,Football,34535.8,25,3652.83,7,Cash,2025-02-05
1989,Jerry Bennett,Madurai,South,Sports,Football,2580.51,21.97,307.12,10,UPI,2024-02-09
1990,Kimberly Garcia,Trichy,South,Electronics,Mobile,15316.94,14.22,2356.17,6,UPI,2024-02-11
1991,Leslie Mcdaniel,Tirunelveli,West,Sports,Gym Bag,23715.13,23.54,4094.51,8,Cash,2025-07-30
1992,Richard Barton,Coimbatore,West,Clothing,T-Shirt,3573.63,9.23,717.7,10,UPI,2024-07-20
1993,Amber Morgan,Chennai,South,Clothing,Jacket,25540.49,14.31,4694.22,8,Card,2025-04-25
1994,Charlotte Wall,Trichy,South,Sports,Cricket Bat,15843.49,16.98,2666.84,10,Cash,2024-07-02
1995,Jason Moreno,Salem,North,Groceries,Milk,38703.34,18.74,9590.21,7,Net Banking,2025-05-29
1996,Glenda Walker,Coimbatore,South,Furniture,Cupboard,13231.54,10.26,3006.34,6,Card,2024-01-02
1997,Angela Hamilton,Madurai,West,Clothing,Jeans,15286.15,29.74,2916.28,5,Card,2025-01-30
1998,James Gonzalez,Madurai,South,Groceries,Rice,39834.15,6.19,8219.14,10,Cash,2025-05-11
1999,Richard Adams,Salem,North,Electronics,Laptop,10228.99,1.85,1250.51,7,UPI,2025-11-24
2000,Brandi Price,Salem,West,Clothing,T-Shirt,14261.48,13.48,3422.03,1,Net Banking,2024-07-05
2001,Douglas Sparks,Tirunelveli,West,Sports,Cricket Bat,42633.57,24.1,5441.6,8,Cash,2024-03-25
2002,Alvin Hobbs,Salem,South,Electronics,Mobile,7849.61,19.4,841.91,8,Cash,2025-05-06
2003,Joseph Moore,Salem,East,Electronics,Smart Watch,49757.41,19.13,10507.79,4,UPI,2024-01-06
2004,Frank Andrews,Madurai,South,Sports,Cricket Bat,41527.95,15,5763.33,1,Card,2025-05-29
2005,Mark Small,Chennai,North,Electronics,Laptop,40350.54,10.7,6364.28,10,Net Banking,2024-10-20
2006,Steven Rice,Trichy,South,Clothing,Jacket,36162.33,14.36,6907.18,7,Cash,2025-08-31
2007,James Wilson,Tirunelveli,West,Clothing,Kurti,28319.03,8.07,2085.25,6,UPI,2024-10-15
2008,Lisa Davis,Salem,East,Electronics,Mobile,10993.2,17.73,1901.29,7,UPI,2024-07-28
2009,Lindsey Kelly,Madurai,South,Groceries,Milk,14284.71,9.28,2172.05,7,Cash,2024-11-12
2010,Jennifer Howe,Chennai,East,Groceries,Milk,11778.32,25.3,2683.89,6,UPI,2025-01-30
2011,Gregory Tran,Coimbatore,West,Electronics,Headphones,13197.34,2.96,1636.89,10,Card,2024-05-16
2012,Paul Forbes,Madurai,North,Clothing,Kurti,28426.15,25.35,5053.03,8,Cash,2024-11-26
2013,Carolyn Clark,Madurai,West,Groceries,Snacks,35810.83,20.63,3017.07,6,Net Banking,2024-06-16
2014,Jennifer Dawson,Madurai,South,Clothing,T-Shirt,21895.24,8.98,2793.96,5,Net Banking,2025-03-14
2015,Ryan Robinson,Trichy,North,Clothing,Jeans,49042.4,28.45,4128.24,4,UPI,2025-01-04
2016,Laura Stewart,Salem,West,Electronics,Headphones,47622.64,9.82,3272.83,7,UPI,2024-04-18
2017,Courtney Bishop,Chennai,East,Furniture,Sofa,20512.54,2.22,3176.51,3,Cash,2024-03-06
2018,Mary Kim,Trichy,East,Sports,Gym Bag,23279.03,7.53,4070.39,3,UPI,2024-09-15
2019,Justin Barber,Coimbatore,South,Groceries,Milk,4634.13,21.88,842.02,5,UPI,2024-05-13
2020,Amber Thomas DVM,Chennai,West,Furniture,Cupboard,8134.61,23.42,1609.6,7,Cash,2024-01-18
2021,Jessica Beck,Salem,North,Electronics,Laptop,23672.59,3.55,4528.1,6,Card,2024-04-04
2022,Casey Hall,Trichy,North,Electronics,Headphones,46235.83,20.58,10850.14,8,UPI,2025-11-14
2023,Amber Phillips,Coimbatore,South,Groceries,Milk,15530.09,25.46,3564.16,8,Net Banking,2025-10-28
2024,Leslie Johnson,Chennai,North,Sports,Cricket Bat,2083.58,19.18,136.28,6,Card,2024-03-15
2025,Sheila Cooper,Trichy,North,Groceries,Rice,39135.43,4.22,4116.5,4,UPI,2024-01-01
2026,Dale Jones,Salem,South,Furniture,Table,29187.92,23.76,6799.07,10,Net Banking,2025-11-19
2027,Wendy Miller,Salem,South,Groceries,Milk,35238,22.46,8186.98,3,UPI,2025-11-26
2028,Taylor Carter,Trichy,East,Sports,Cricket Bat,33764.48,2.99,7063.66,4,Cash,2024-07-30
2029,Gavin Burns,Trichy,North,Electronics,Headphones,10969.1,20,2590.16,2,Net Banking,2024-08-05
2030,Samantha Mitchell,Madurai,South,Clothing,T-Shirt,29313.4,29.56,6706.52,4,Card,2024-08-29
2031,Charles Grant,Coimbatore,East,Electronics,Laptop,30028.97,9.76,4925.01,10,Card,2024-05-28
2032,Jose Monroe,Madurai,North,Furniture,Sofa,547.3,29.14,135.84,3,UPI,2025-03-10
2033,Casey Hall,Salem,East,Groceries,Rice,47379.37,25.25,5434.06,6,Cash,2024-01-26
2034,Craig Haney PhD,Madurai,South,Electronics,Laptop,1709.88,20.86,257.84,10,Cash,2025-03-05
2035,Nicole Mitchell,Salem,West,Groceries,Milk,14067.33,24.58,3497.48,3,Cash,2025-12-28
2036,Samuel Crawford,Madurai,East,Electronics,Laptop,22852.83,6.02,4380.53,1,UPI,2025-06-23
2037,Dennis Ramsey,Tirunelveli,North,Furniture,Sofa,47243.39,14.36,6321.75,2,Cash,2024-02-12
2038,David Dunlap,Coimbatore,East,Sports,Cricket Bat,18363.26,24.09,2122.82,5,UPI,2024-04-21
2039,Steven Wolfe DVM,Chennai,East,Clothing,T-Shirt,46286.09,25.94,8333.7,2,UPI,2024-05-21
2040,Richard Schwartz,Madurai,West,Furniture,Cupboard,43202.64,26.51,7622.08,7,Card,2024-07-26
2041,Joel Ramirez,Madurai,East,Sports,Gym Bag,12708.15,26.61,1176.46,3,Net Banking,2025-04-06
2042,Michael Todd,Madurai,East,Groceries,Milk,8502.38,23.35,1482.76,5,Cash,2025-01-16
2043,Glenda Wells,Trichy,North,Groceries,Milk,9310.62,15.38,1765.21,10,Cash,2024-05-02
2044,Jonathan George,Madurai,West,Electronics,Smart Watch,40521.6,13.94,2931.76,3,UPI,2024-04-13
2045,William Cameron,Salem,East,Sports,Cricket Bat,6102.31,5.83,1333.21,10,UPI,2024-06-28
2046,Gerald Buckley,Madurai,West,Groceries,Rice,15584.73,16.16,1276.82,3,Net Banking,2024-09-07
2047,William Freeman,Tirunelveli,North,Electronics,Laptop,10331.25,3.29,701.44,6,Cash,2025-12-16
2048,Paul Cooper,Chennai,North,Clothing,Kurti,42909.63,3.85,8004.26,6,UPI,2024-09-17
2049,Eddie Simmons,Chennai,West,Electronics,Headphones,10015.88,3.84,600.59,4,Cash,2024-02-13
2050,William Scott,Coimbatore,West,Groceries,Snacks,10608.84,6.65,605.42,10,Card,2024-12-13
2051,Scott Miller MD,Trichy,South,Groceries,Milk,20566.35,24.96,4641.96,8,Cash,2025-05-14
2052,Ann Armstrong,Trichy,North,Furniture,Cupboard,27073.11,5.49,5194.88,10,UPI,2024-04-01
2053,Andrew Graham,Coimbatore,South,Electronics,Smart Watch,28690.04,2.34,7028.19,8,UPI,2025-10-31
2054,Michele Cooper,Madurai,West,Sports,Cricket Bat,2860.48,14.47,473.84,4,Cash,2024-04-02
2055,Paul Gonzales,Salem,East,Sports,Football,7119.7,16.07,532.76,5,UPI,2024-03-16
2056,Jennifer Johnson,Salem,South,Electronics,Mobile,8485.32,13.4,1282.52,1,UPI,2024-12-21
2057,Adrian Pacheco,Trichy,West,Clothing,Jacket,40173.04,17.88,7029.64,3,Net Banking,2025-01-16
2058,Kevin Rodriguez,Salem,East,Groceries,Snacks,17071.25,3.46,1657.34,6,Card,2025-01-15
2059,James Price,Salem,East,Sports,Football,12137.23,8.43,2399.38,3,Card,2024-03-26
2060,Jason Berger,Madurai,East,Electronics,Mobile,2405.62,25.9,421.75,8,Cash,2024-07-28
2061,Jessica Wilson,Salem,West,Groceries,Snacks,1138.35,27.93,227.24,3,Cash,2024-08-04
2062,Charles Black,Madurai,West,Clothing,Jeans,8334.8,1.05,1628.63,2,Card,2025-04-02
2063,Joseph Stone,Chennai,West,Clothing,Kurti,2942.59,2.13,513.51,8,Net Banking,2024-01-22
2064,Robert Reynolds,Chennai,North,Electronics,Mobile,26687.64,27.53,3115.5,9,Net Banking,2025-06-15
2065,Mrs. Virginia Reeves,Coimbatore,North,Clothing,Jeans,9904.41,8.29,1822.43,6,Net Banking,2025-05-18
2066,Rachel Harris,Trichy,South,Furniture,Chair,4615.04,10.57,751.72,2,Cash,2025-05-10
2067,James Aguilar,Coimbatore,East,Electronics,Mobile,18185.78,13.07,4435.9,6,UPI,2024-03-23
2068,David Brown,Trichy,South,Clothing,Jeans,40513.92,4.48,3660.95,3,Card,2025-12-08
2069,Jodi Parks,Coimbatore,North,Electronics,Laptop,1262.94,20.38,216.12,9,Cash,2025-10-11
2070,Brian Arroyo,Chennai,East,Clothing,Kurti,11766.42,11.89,1441.22,9,Cash,2024-04-01
2071,Courtney Lucas,Coimbatore,North,Electronics,Smart Watch,19418.34,8.94,2666.7,5,Card,2025-09-23
2072,Angel Prince,Chennai,South,Sports,Shoes,12773.21,21.66,1458.55,9,UPI,2025-05-30
2073,Mark Franco,Tirunelveli,South,Clothing,Kurti,6645.44,29.11,1625.28,4,Net Banking,2025-06-13
2074,Dawn Nguyen,Salem,East,Furniture,Table,3295.83,1.23,505.96,6,Net Banking,2025-09-14
2075,James Ruiz,Tirunelveli,South,Clothing,Jacket,41301.49,18.9,7218.15,7,Cash,2024-11-19
2076,Jessica Rodriguez,Coimbatore,North,Electronics,Laptop,14374.98,0.64,2056.64,3,Net Banking,2025-10-06
2077,Michelle Pennington,Salem,South,Electronics,Smart Watch,29732.49,19.88,6405.3,9,Card,2025-05-24
2078,David Walton,Madurai,East,Furniture,Chair,32007.67,5.87,7191.81,7,Cash,2024-02-17
2079,Jerome Moore,Madurai,West,Furniture,Table,6085.81,11.46,462.52,5,Card,2024-12-26
2080,Alejandra Orozco,Chennai,South,Furniture,Cupboard,40441.79,1.8,4115.47,7,Card,2025-08-09
2081,Sue Henderson,Coimbatore,South,Sports,Gym Bag,1199.22,9.54,284.89,1,UPI,2025-03-13
2082,Ryan Garcia,Chennai,North,Sports,Cricket Bat,2061.04,23.38,354.32,4,Net Banking,2024-11-01
2083,Angela Franco,Madurai,East,Electronics,Headphones,28896.82,26.03,2743.71,3,Cash,2025-09-08
2084,Margaret King,Trichy,West,Sports,Gym Bag,28970.57,11.98,5625.84,4,Cash,2025-03-31
2085,Edward Bailey,Coimbatore,West,Sports,Cricket Bat,7174.14,15.14,1419.16,7,Card,2024-11-28
2086,Mary Baker,Madurai,West,Electronics,Mobile,10876.6,7.8,1806.48,3,Net Banking,2025-03-04
2087,Robert Jones,Salem,North,Sports,Shoes,32545.61,26.13,3450.3,2,Card,2025-09-16
2088,Daniel Howard,Tirunelveli,North,Electronics,Headphones,35251.54,1.29,4076.35,3,Net Banking,2025-11-28
2089,Jared Moore,Tirunelveli,South,Furniture,Cupboard,42737.61,11.34,7352.82,7,Cash,2025-07-21
2090,Lauren Jones,Madurai,North,Furniture,Chair,37630.11,27.08,2615.96,8,Card,2025-06-14
2091,Ronald Henderson,Madurai,East,Clothing,T-Shirt,49240.6,28.09,10787.79,7,Cash,2025-03-26
2092,Diane Wall,Trichy,East,Electronics,Laptop,22213.43,21.99,3109.58,1,Net Banking,2025-12-15
2093,Diane Anderson MD,Salem,North,Electronics,Smart Watch,46574.55,22.67,9530.92,2,UPI,2024-09-02
2094,Jeff Richardson,Chennai,North,Sports,Gym Bag,9843.74,21.38,1256.88,9,UPI,2024-06-29
2095,Steven Johnson,Salem,South,Electronics,Mobile,20761.54,21.68,1066.11,4,Card,2025-09-09
2096,Brianna Fernandez,Coimbatore,West,Sports,Cricket Bat,39808.2,18.29,9646.51,1,Card,2025-08-14
2097,William Ayers,Salem,South,Furniture,Sofa,33038.78,8.87,5728.47,4,Net Banking,2025-08-08
2098,Jessica Taylor,Madurai,East,Groceries,Milk,41118.4,5.5,4913.89,3,Card,2025-01-02
2099,Regina Fernandez,Coimbatore,East,Sports,Gym Bag,9725.56,10.63,1160.39,8,UPI,2025-12-18
2100,Veronica Brooks,Madurai,South,Furniture,Table,25606.4,11,1538.81,1,Card,2024-10-23
2101,Anna Navarro,Tirunelveli,North,Groceries,Snacks,26558.37,26.32,2022.12,7,Card,2024-05-09
2102,Mr. Jeff Estrada,Trichy,West,Clothing,T-Shirt,30507.7,10.21,6872.74,10,UPI,2025-01-24
2103,Michael Morrison,Coimbatore,West,Groceries,Snacks,11844.69,29.57,1386.7,4,Net Banking,2024-09-25
2104,Gilbert Jones,Trichy,East,Furniture,Chair,25149.98,11.1,4806.83,4,Net Banking,2025-08-24
2105,Kevin Johnson,Coimbatore,North,Electronics,Smart Watch,1464.78,3.38,325.7,4,Card,2024-08-25
2106,Kayla Hunter,Coimbatore,North,Sports,Gym Bag,11389.08,10.57,2322.01,10,Net Banking,2025-06-25
2107,Robert Harris,Madurai,West,Clothing,T-Shirt,37178.72,9.91,2652.07,6,Cash,2024-04-04
2108,Donna Adams,Salem,East,Clothing,Jacket,29261.01,16.24,1854.22,9,Net Banking,2025-06-01
2109,James Hall II,Madurai,South,Furniture,Table,22970.13,23.42,2873.85,1,Card,2024-08-24
2110,Bridget Oneal,Madurai,West,Furniture,Cupboard,21011.45,24.71,1073.05,2,UPI,2024-05-07
2111,Sherry Austin,Chennai,West,Groceries,Snacks,27566.7,11.77,3031.39,9,Card,2024-04-06
2112,Brandon Sparks,Madurai,West,Clothing,Jacket,29042.99,3.73,5060.63,9,Card,2025-09-04
2113,Jason Salas,Madurai,South,Sports,Shoes,40803.36,5.09,4259.43,5,Cash,2025-05-04
2114,Ross Cruz,Tirunelveli,South,Clothing,Kurti,28026.88,4.52,3101.9,4,Card,2025-11-02
2115,Daniel Bernard,Chennai,West,Electronics,Headphones,6412.85,28.72,1333.88,8,Net Banking,2025-07-25
2116,Brittany Hansen,Trichy,North,Furniture,Sofa,45900.7,11.13,2886,1,Card,2024-09-24
2117,Amber Moreno,Tirunelveli,South,Sports,Cricket Bat,560.56,0.39,116.48,3,Cash,2024-11-11
2118,Mark Cunningham,Coimbatore,East,Clothing,Jeans,19334.38,28.18,2620.22,4,UPI,2025-09-23
2119,Shane Lester,Trichy,East,Electronics,Mobile,32127.97,2.28,3641.06,7,Card,2024-02-06
2120,Jeffrey Barnett,Madurai,South,Electronics,Mobile,1820.61,23.21,152.28,4,UPI,2024-09-23
2121,Regina Allison,Salem,South,Clothing,Jacket,7084.85,3.02,1282.07,2,UPI,2024-09-03
2122,Wendy Rangel,Salem,South,Furniture,Sofa,1031.44,12.54,78.28,10,UPI,2025-12-02
2123,Elaine Williams,Coimbatore,West,Furniture,Table,7791.86,25.92,999.63,9,Cash,2025-02-25
2124,David Russell,Tirunelveli,North,Electronics,Headphones,15981.28,4.25,1249.98,8,UPI,2024-09-27
2125,Chad Jones MD,Trichy,West,Clothing,Kurti,6253.56,9.06,445.1,2,Cash,2024-02-02
2126,Alexander Graham,Chennai,West,Electronics,Laptop,3131.2,24.22,438.17,9,UPI,2025-09-10
2127,Richard Cortez,Madurai,South,Electronics,Headphones,21264.33,25.01,2659.12,10,Net Banking,2024-08-06
2128,Michael Arnold,Tirunelveli,North,Sports,Shoes,43118.65,5.18,4820.76,10,Card,2025-02-23
2129,Stanley Smith,Tirunelveli,West,Furniture,Table,35095.05,18.29,3202.9,9,Card,2024-05-29
2130,Kimberly Rollins,Trichy,West,Furniture,Chair,1832.09,4.37,95.69,7,Cash,2025-04-04
2131,Joseph Rodriguez,Salem,South,Sports,Gym Bag,3946.21,5.84,543.72,9,Cash,2025-09-10
2132,Jessica Miller,Chennai,North,Electronics,Smart Watch,19149.63,24.22,3468.54,5,Card,2025-04-05
2133,Jared Morrow,Salem,West,Groceries,Snacks,25394.04,11.07,6204.73,2,UPI,2025-07-04
2134,Ronald Wang,Madurai,South,Electronics,Mobile,19795.09,4.78,2129.1,10,Card,2025-04-11
2135,Brittany Davis,Salem,South,Groceries,Oil,37111.43,23.39,3956.63,7,Cash,2024-11-29
2136,Jeffrey Hahn,Salem,South,Sports,Cricket Bat,3788.24,24.27,774.81,9,UPI,2024-02-09
2137,Brandon Mcguire,Salem,North,Sports,Shoes,32548.81,22.19,4663.74,1,Cash,2024-10-02
2138,Michael Cardenas,Salem,North,Furniture,Sofa,8465.76,26.55,1573.5,4,Cash,2024-12-29
2139,Lisa Thompson,Chennai,South,Sports,Football,34441.67,21.63,7306.49,7,Card,2024-08-20
2140,Austin Mason,Trichy,East,Groceries,Rice,7701.43,28.18,683.63,6,Card,2025-06-14
2141,Mrs. Teresa Copeland,Tirunelveli,North,Sports,Cricket Bat,44029.52,0.99,2436.25,8,Card,2024-04-02
2142,Erin Mitchell,Coimbatore,West,Groceries,Snacks,13793.66,28.94,3325.5,8,Card,2025-10-06
2143,Robert Kennedy,Chennai,East,Electronics,Headphones,48719.66,14.53,10412.29,8,UPI,2024-06-06
2144,Rachel Ruiz,Salem,North,Electronics,Mobile,6056,24.86,641.35,9,UPI,2024-05-12
2145,Nathan Johnson,Salem,South,Groceries,Oil,27742.98,4.33,3109.79,8,Card,2024-04-16
2146,Joseph Knight,Chennai,South,Groceries,Milk,42885.91,0.99,5736.01,9,Net Banking,2025-08-09
2147,Debra Williams,Salem,North,Sports,Football,17436.53,27.4,1839.34,8,Cash,2025-05-18
2148,Stacey Ryan,Trichy,North,Clothing,T-Shirt,48267.47,17.81,11405.21,9,Card,2025-09-11
2149,David Wagner,Coimbatore,East,Furniture,Sofa,36916.18,21.73,5049.98,6,UPI,2024-07-18
2150,Guy Chandler,Chennai,West,Groceries,Rice,42078.53,19.89,8280.01,8,Net Banking,2024-03-09
2151,Mark Bridges,Coimbatore,East,Electronics,Headphones,46236.21,4.06,10646.96,8,Cash,2024-10-06
2152,Ryan Carney,Salem,North,Clothing,Jacket,38694.77,3.19,2168.58,9,Cash,2025-02-23
2153,Meghan Simon,Trichy,South,Furniture,Table,34080.12,1.34,2944.14,3,UPI,2025-04-30
2154,Rebecca Thompson,Chennai,East,Furniture,Chair,4814.37,21.65,630.19,2,UPI,2025-01-12
2155,Heather Obrien,Coimbatore,North,Groceries,Oil,24609.44,23.23,1504.15,6,Card,2025-08-26
2156,Terri Mora,Coimbatore,North,Clothing,Jeans,35591.83,29.58,2694.18,2,Cash,2025-07-18
2157,Susan Walters,Trichy,South,Furniture,Chair,2080.23,16.43,466.62,6,UPI,2024-11-06
2158,Shelly Stewart,Chennai,North,Sports,Cricket Bat,45184.46,3.94,4594.06,7,Card,2024-07-26
2159,Anthony Moss,Tirunelveli,West,Clothing,Jacket,2935.89,23.02,337.95,6,Cash,2024-02-22
2160,Heather Berger,Coimbatore,South,Sports,Shoes,17759.1,6.14,2775.68,1,Cash,2024-07-29
2161,Jordan Johnson,Salem,South,Sports,Gym Bag,30717.01,5.97,3265.14,9,Cash,2025-05-12
2162,Allen Diaz,Tirunelveli,South,Clothing,T-Shirt,37812.45,23.43,4989.6,5,Cash,2025-03-12
2163,James Thomas,Trichy,South,Groceries,Snacks,31842.37,9.81,6933.6,6,UPI,2025-09-15
2164,Kevin Mcintyre,Tirunelveli,East,Clothing,T-Shirt,14705.09,22.95,1860.34,10,Cash,2024-12-16
2165,Randy Gallagher,Trichy,South,Clothing,Kurti,46661.96,14.78,4777.92,1,Cash,2024-10-13
2166,Eileen Cooper,Chennai,East,Electronics,Headphones,37163.02,23.83,5639.79,8,Card,2025-09-28
2167,Mackenzie Mcdonald,Coimbatore,South,Groceries,Milk,43633.8,9.61,5464.54,3,UPI,2025-12-08
2168,Mary Ramos,Trichy,East,Clothing,Jacket,29893.88,15.7,2053.59,6,Net Banking,2025-09-27
2169,John Hanson,Tirunelveli,West,Groceries,Oil,34062.68,28.47,5399,1,Net Banking,2025-06-21
2170,Joseph Joseph,Madurai,East,Electronics,Mobile,10142.64,5.91,2159.25,9,Cash,2025-02-11
2171,James Riggs,Trichy,South,Groceries,Rice,45156.82,20.22,4121.46,3,Cash,2025-12-21
2172,Alex Morris,Salem,North,Sports,Cricket Bat,35875.54,26.34,6882.89,7,Net Banking,2024-08-19
2173,Molly Tapia,Salem,West,Groceries,Snacks,17683.56,23.67,2959.8,8,Card,2025-01-17
2174,Vanessa Scott,Coimbatore,South,Groceries,Milk,18893.09,4.6,1240.92,10,Cash,2024-11-19
2175,Timothy Parrish,Madurai,West,Sports,Shoes,49583.25,29.5,6879.46,1,UPI,2025-06-26
2176,Kristin Lopez,Chennai,North,Sports,Shoes,3149.05,1.09,694.25,10,Net Banking,2024-11-06
2177,Bryan Taylor,Salem,West,Groceries,Snacks,33689.29,15.93,5791.54,7,Net Banking,2024-06-17
2178,Brian Johnson,Chennai,West,Groceries,Oil,7781.7,9.6,423.27,1,Net Banking,2025-11-23
2179,Nancy Wilson,Tirunelveli,South,Clothing,Kurti,11951.94,26.64,1577.71,3,UPI,2025-09-15
2180,Andrea Haynes,Trichy,West,Electronics,Headphones,16822.38,29.66,1437,6,UPI,2024-03-14
2181,Michael Mitchell,Coimbatore,South,Furniture,Sofa,46870.87,0.56,4766.61,5,Net Banking,2024-12-28
2182,Elizabeth Powell,Salem,East,Sports,Cricket Bat,34400.6,3.95,5307.6,7,Net Banking,2025-11-10
2183,Joel Collins,Trichy,South,Groceries,Milk,46482.42,14.37,11063.95,6,Net Banking,2024-11-09
2184,Matthew Hernandez,Trichy,West,Furniture,Cupboard,15822.8,29.9,884.89,8,Cash,2024-01-27
2185,Gary Greer,Tirunelveli,East,Groceries,Snacks,343.62,5.15,73.97,9,Net Banking,2024-05-05
2186,Emily Carpenter,Chennai,South,Furniture,Chair,14612.87,3.52,3373.32,7,UPI,2025-03-16
2187,Eric Woods,Salem,West,Groceries,Milk,25583.27,9.86,5948.64,1,UPI,2025-10-25
2188,Kelly Blake,Coimbatore,South,Sports,Shoes,11777.83,4.41,993.26,6,Cash,2025-07-26
2189,Stephen Maxwell,Madurai,North,Clothing,T-Shirt,30383.76,1.28,4326.87,8,Net Banking,2025-10-23
2190,Brian Collier,Tirunelveli,South,Sports,Shoes,25322.65,11.84,3662.75,10,Card,2025-04-30
2191,Amy Lee,Madurai,East,Clothing,Jeans,23455.45,13.07,4723.76,6,Net Banking,2024-08-04
2192,Mark Thompson,Tirunelveli,South,Groceries,Oil,37802.05,12.85,2361.8,1,Net Banking,2024-01-02
2193,Dawn Poole,Chennai,North,Electronics,Laptop,3604.45,11.72,494.39,5,Card,2024-07-24
2194,Patricia West,Chennai,North,Clothing,Jacket,7887.05,24.38,873.09,8,Cash,2025-05-28
2195,Jose Norman,Madurai,South,Sports,Cricket Bat,9634.67,16.18,1664.22,7,Net Banking,2024-12-23
2196,Victoria Golden,Trichy,South,Sports,Cricket Bat,35729.17,12.91,6652.51,5,Card,2024-09-24
2197,Desiree Cox,Coimbatore,West,Groceries,Milk,31576.97,10.51,3865.26,4,UPI,2024-06-09
2198,Malik Ford,Coimbatore,South,Clothing,Jeans,28260.49,19.06,1542.23,9,UPI,2024-05-27
2199,Jennifer Smith,Madurai,South,Groceries,Oil,20182.93,1.72,2976.22,10,Cash,2024-03-14
2200,Katherine Morrison,Salem,East,Clothing,Jeans,36077.77,20.66,2473.3,7,UPI,2025-02-18
2201,Jeffrey Harris,Coimbatore,North,Sports,Gym Bag,24561.09,8.23,4107.95,8,UPI,2025-07-09
2202,Ryan Bell,Coimbatore,East,Clothing,T-Shirt,33672.49,16.58,5164.96,4,UPI,2024-01-04
2203,James Lozano,Salem,West,Electronics,Headphones,30726.31,9.93,2153.55,5,Cash,2024-06-15
2204,Jonathon Richardson,Tirunelveli,East,Clothing,Jacket,20805.28,14.68,2648.18,4,UPI,2024-03-31
2205,Leslie Moore,Salem,East,Furniture,Chair,14444.58,3,1830.93,9,UPI,2024-01-07
2206,Christian Mcdonald,Madurai,North,Clothing,T-Shirt,5077.63,26.07,1055.67,1,UPI,2024-04-20
2207,Drew Santos,Coimbatore,North,Clothing,Jacket,23334.78,11.61,4298.64,10,Net Banking,2025-10-02
2208,Melissa Manning,Madurai,East,Clothing,Kurti,6309.82,6.84,568.66,7,Net Banking,2025-03-13
2209,Timothy Mathews,Chennai,West,Clothing,T-Shirt,4764.12,24.08,643.03,7,Net Banking,2024-04-22
2210,Michael Hayes DDS,Tirunelveli,North,Groceries,Rice,1077.33,27.82,142.6,5,Cash,2025-09-15
2211,Cynthia Calhoun,Trichy,East,Groceries,Rice,4666.57,0.78,569.45,4,Net Banking,2025-06-05
2212,Jonathan Boyd,Coimbatore,West,Groceries,Rice,46968.63,22.37,6714.68,10,Net Banking,2025-06-21
2213,Samantha Jenkins,Tirunelveli,North,Sports,Cricket Bat,31744.43,16.49,4123.7,7,Cash,2024-02-25
2214,Matthew Richardson,Coimbatore,North,Electronics,Mobile,21080.23,9.1,2643.77,3,Card,2024-11-17
2215,Steven Gardner,Chennai,East,Furniture,Chair,2590.23,29.36,514,6,Cash,2024-04-12
2216,Sarah Guerra,Trichy,East,Electronics,Headphones,30195.5,14.9,4187.35,3,UPI,2025-09-16
2217,Kristopher Bell,Salem,South,Clothing,Jeans,39317.49,10.38,6027.31,1,UPI,2024-09-21
2218,Jeffrey Mcdonald,Madurai,West,Electronics,Mobile,12592.82,29.82,1467.03,4,UPI,2025-12-30
2219,Rachel Martin,Salem,North,Clothing,Jeans,41480.28,14.47,9704.58,3,Cash,2024-11-04
2220,Angela White,Madurai,South,Electronics,Smart Watch,37951.29,16.66,5201.53,6,Card,2024-02-24
2221,Rebecca Hartman,Chennai,East,Sports,Football,13630.91,26.36,769.04,8,Cash,2025-09-24
2222,Joshua Salazar,Trichy,North,Groceries,Rice,17913.11,10.04,2544.82,9,Card,2024-08-29
2223,Calvin Jones,Salem,East,Sports,Gym Bag,37705.89,25.13,7620.13,9,UPI,2025-02-24
2224,Terrence Elliott,Salem,East,Clothing,Kurti,14574.7,16.01,2658.56,5,Cash,2024-09-11
2225,Kathleen Austin,Tirunelveli,South,Electronics,Laptop,3616.66,20.29,295.86,3,UPI,2025-09-24
2226,Daniel Smith,Coimbatore,North,Groceries,Oil,36885.02,1.56,4902.46,7,Card,2024-01-23
2227,Donald Short,Salem,South,Groceries,Milk,19017.8,17.34,1616.72,4,UPI,2025-03-10
2228,Christian Christian,Trichy,North,Furniture,Chair,38774.55,12.59,8575.28,7,Cash,2025-11-20
2229,Cheryl Barrera,Coimbatore,North,Furniture,Chair,9966.61,29.37,2482.25,7,UPI,2025-06-19
2230,Alexander Herrera,Madurai,North,Sports,Shoes,38586.15,12.7,6397,1,Cash,2025-04-13
2231,Teresa Moore,Chennai,West,Clothing,Jeans,411.09,21.44,90.43,8,Card,2025-01-14
2232,Chelsea Morgan,Trichy,North,Clothing,Jacket,23823.23,14.56,1362.54,7,Net Banking,2025-09-16
2233,Francisco Olson,Tirunelveli,West,Clothing,Jacket,31162.46,5.39,3245.7,10,Net Banking,2024-03-15
2234,Ryan Benson,Salem,West,Electronics,Headphones,7716.39,18.16,461.28,5,UPI,2024-01-27
2235,Tracey Frost,Coimbatore,East,Electronics,Mobile,27793.16,9.33,2041.43,9,Cash,2025-08-06
2236,Mark Diaz,Trichy,North,Electronics,Mobile,8978.08,25.4,458.67,8,UPI,2025-09-12
2237,Cassidy Heath,Coimbatore,North,Electronics,Mobile,48346.82,28.03,11299.19,7,UPI,2024-04-26
2238,Adam Vaughn,Trichy,East,Sports,Shoes,45159.71,24.68,3877.36,8,Cash,2024-06-01
2239,Kyle Martinez,Madurai,South,Clothing,Jacket,8006.49,8.48,892.17,10,Card,2025-02-14
2240,Alexander Walker,Coimbatore,West,Sports,Cricket Bat,48643.06,10.4,6924.33,4,Net Banking,2024-04-15
2241,Tammy Martin,Madurai,East,Electronics,Mobile,31826.54,25.59,2609.12,6,Card,2024-08-30
2242,Eric Walker,Chennai,East,Sports,Cricket Bat,49449.8,2.37,8139.72,9,Card,2025-11-23
2243,Robert Miles,Tirunelveli,East,Sports,Gym Bag,14638.62,5.82,1761.88,7,UPI,2025-06-28
2244,Andrew Harris,Tirunelveli,East,Electronics,Laptop,34425.84,16.28,2813.06,6,Net Banking,2024-07-18
2245,Rebecca Williamson,Tirunelveli,West,Furniture,Cupboard,47060.8,1.67,3037.42,10,Cash,2025-08-11
2246,Robert Duran,Madurai,North,Clothing,Kurti,39667.34,15.95,4031.26,8,Card,2024-04-03
2247,Jillian Rodriguez,Chennai,North,Groceries,Snacks,45537.6,23.76,7841.88,10,UPI,2024-11-20
2248,Sonya Hernandez,Madurai,East,Furniture,Sofa,24429.72,19.72,5348.91,1,Net Banking,2024-06-27
2249,Eric Burns,Coimbatore,South,Electronics,Mobile,25768.15,2.97,3851.2,5,UPI,2025-04-22
2250,Rebecca Miller,Coimbatore,North,Furniture,Cupboard,13350.02,6.3,1042.4,7,UPI,2025-10-04
2251,Wesley Morgan,Chennai,West,Electronics,Mobile,10716.82,4.81,1827.77,4,Net Banking,2024-12-08
2252,James Porter,Tirunelveli,West,Furniture,Chair,18003.93,20.86,3375.75,10,Card,2024-04-16
2253,Scott Lam,Trichy,South,Sports,Gym Bag,42121.1,23.46,7387.29,9,Card,2025-06-24
2254,Vincent Brooks,Tirunelveli,North,Electronics,Smart Watch,5124.05,26.96,1258.03,9,Net Banking,2024-12-14
2255,Leroy Black,Coimbatore,East,Clothing,T-Shirt,9801.94,28.75,2132.81,9,Card,2024-09-07
2256,Cameron Lara,Chennai,East,Electronics,Smart Watch,42052.49,19.06,8025.94,4,Card,2024-05-25
2257,Michael Miller,Salem,South,Groceries,Oil,37391.41,9.73,8467.11,8,UPI,2025-09-11
2258,Karen Jackson,Tirunelveli,West,Groceries,Snacks,37259.31,25.47,7171.03,6,Cash,2025-09-13
2259,Lisa Oconnor,Coimbatore,East,Sports,Gym Bag,13506.85,25.36,2904.15,3,Net Banking,2024-10-09
2260,Natalie Dean,Trichy,South,Groceries,Rice,28618.64,10.61,3895.26,2,Cash,2025-05-31
2261,Julia Jones,Trichy,North,Electronics,Mobile,43306.58,3.48,8782.09,7,Net Banking,2025-08-08
2262,Pamela Green,Coimbatore,North,Clothing,Kurti,7446.56,11.6,1772.75,9,Card,2024-01-07
2263,Ryan Ortiz,Chennai,North,Furniture,Sofa,35909.96,20.25,3743.48,6,Card,2025-07-24
2264,Austin Lang,Salem,West,Clothing,T-Shirt,3958.7,27.23,301.75,10,Cash,2024-11-09
2265,Sonya Robinson,Madurai,North,Sports,Football,23749.7,3.13,3619.37,2,Net Banking,2024-02-25
2266,Bryan Sanders,Salem,North,Sports,Gym Bag,6255.4,17.03,948.7,6,Cash,2024-10-04
2267,Jessica Miller,Trichy,North,Electronics,Mobile,35790.52,9.77,3423.85,1,Card,2024-03-26
2268,Bradley Brown,Salem,South,Furniture,Table,575.5,23.15,73,8,UPI,2025-04-30
2269,Sandra Hamilton,Trichy,East,Sports,Gym Bag,30643.37,22.12,6316.48,2,Card,2025-08-11
2270,Timothy Thomas,Madurai,South,Sports,Cricket Bat,29172.79,5.7,2753.74,4,Cash,2025-11-29
2271,Denise Johnson,Chennai,West,Clothing,T-Shirt,14068.48,21.71,3304.51,2,Cash,2024-08-16
2272,Kenneth Stafford,Trichy,West,Sports,Gym Bag,16422.64,9.87,850.67,8,Cash,2025-09-29
2273,Louis Macias,Madurai,West,Groceries,Snacks,13845.92,18.85,1323.3,4,Net Banking,2024-11-01
2274,Jason Flowers,Salem,South,Clothing,T-Shirt,48523.17,16.14,4609.07,1,Cash,2025-04-09
2275,William Beasley,Trichy,North,Electronics,Mobile,13934.75,1.42,1568.2,1,Card,2024-09-17
2276,Jasmine Cruz,Salem,East,Groceries,Oil,16586.27,29.5,2646.14,2,UPI,2024-03-03
2277,Neil Hall,Coimbatore,South,Electronics,Headphones,33350.6,13.58,3756.01,2,UPI,2025-01-30
2278,Travis Vasquez,Salem,West,Sports,Gym Bag,17363.38,6.63,1481.93,6,Card,2025-08-15
2279,Margaret Stewart,Trichy,West,Furniture,Cupboard,19048.85,10.61,3982,5,Card,2024-06-05
2280,Jason Underwood,Tirunelveli,South,Electronics,Headphones,3399.64,14.77,793.64,8,Net Banking,2025-08-22
2281,Stephanie Fowler,Chennai,North,Clothing,Jeans,24538.37,17.31,5219.74,3,Cash,2024-03-29
2282,Andrea Singh,Salem,West,Electronics,Headphones,41993.31,10.53,8637.67,3,UPI,2025-02-07
2283,Monica Hanson,Chennai,South,Furniture,Sofa,40396.85,5.44,2623.96,5,Cash,2024-08-15
2284,Mary Evans,Coimbatore,North,Furniture,Cupboard,29132.73,15.47,2390.27,7,UPI,2024-04-21
2285,Tracy Ibarra,Coimbatore,East,Groceries,Rice,33413.35,0.89,6663.36,9,Net Banking,2025-06-02
2286,Jennifer Donaldson,Madurai,North,Furniture,Cupboard,49258.25,5.6,8703.36,3,Net Banking,2025-06-20
2287,Megan Jimenez,Salem,North,Electronics,Smart Watch,34659.75,29.72,4433.33,7,UPI,2025-12-31
2288,Laura Marsh,Coimbatore,North,Electronics,Smart Watch,4329,20.45,311.83,9,Card,2025-05-14
2289,Jeffrey Castillo,Coimbatore,North,Clothing,T-Shirt,6598.51,25.65,562.72,8,UPI,2024-05-07
2290,Alexis Roth,Madurai,West,Groceries,Snacks,18031.94,8.98,4338.49,6,Net Banking,2024-03-14
2291,Nicholas Jackson,Madurai,North,Groceries,Milk,9604.63,29.79,1059.91,3,Card,2025-01-20
2292,Charles Anderson,Tirunelveli,South,Sports,Cricket Bat,30249.63,23.19,6587.54,8,Net Banking,2024-08-04
2293,Kayla Ellis,Trichy,East,Clothing,Jeans,36557.91,6.88,8051.5,8,Card,2025-07-24
2294,Margaret Cannon,Tirunelveli,West,Sports,Gym Bag,33387.96,12.02,5388.78,5,Net Banking,2025-10-28
2295,Amber Price,Madurai,South,Clothing,Jeans,21751.78,16.32,2879.99,2,Cash,2024-12-09
2296,Jennifer Coleman,Coimbatore,South,Furniture,Sofa,2182.15,14.23,535.98,10,Card,2024-01-21
2297,Juan Romero,Trichy,South,Clothing,Jacket,45656.33,9.97,10368.18,1,Cash,2024-01-09
2298,Timothy Coleman,Coimbatore,North,Groceries,Snacks,25673.89,7.18,4080.06,9,Card,2024-03-16
2299,Tabitha Frey,Trichy,South,Sports,Shoes,8918.07,14.86,1092.08,1,Net Banking,2024-01-31
2300,Larry Tucker,Coimbatore,East,Groceries,Oil,33882.48,12.09,6811.67,6,Card,2025-07-10
2301,Leah Wallace,Salem,South,Clothing,Kurti,31015.69,26.61,4357.85,8,Net Banking,2024-10-22
2302,Matthew Fields,Madurai,East,Furniture,Table,40019.1,17.51,8666.22,3,Cash,2024-01-28
2303,Elizabeth Coleman,Tirunelveli,South,Electronics,Headphones,39515.32,11.38,3693,9,Net Banking,2025-03-20
2304,Sarah Odom,Chennai,South,Clothing,T-Shirt,44801.31,25.27,2857.6,2,Cash,2024-10-04
2305,Tonya Gomez,Tirunelveli,West,Clothing,Jeans,42103.55,25.64,9965.89,10,Cash,2025-03-20
2306,Dennis Lee,Chennai,North,Furniture,Chair,47486.82,8.75,8482.34,2,Cash,2025-01-12
2307,Justin Nelson,Salem,North,Groceries,Rice,40242.52,29.87,4628.28,2,UPI,2024-07-12
2308,Sharon Shepard,Trichy,North,Groceries,Snacks,34792.07,8.52,2271.24,4,UPI,2024-01-23
2309,Anita Hunt,Tirunelveli,North,Furniture,Table,30558.32,29.76,5505.88,3,Net Banking,2024-04-29
2310,Nicole Kline,Trichy,East,Clothing,T-Shirt,42047.76,23.56,4127.19,4,UPI,2024-11-10
2311,Jacob George,Trichy,South,Furniture,Sofa,5164.69,8.32,519.32,2,Card,2024-03-30
2312,Alyssa Woodward,Chennai,West,Sports,Cricket Bat,28446.34,13.66,6153.46,10,Cash,2024-12-01
2313,Eileen Brown,Tirunelveli,East,Electronics,Smart Watch,20324.11,2.83,4265.6,9,Card,2024-07-24
2314,Dylan Johnson,Madurai,West,Electronics,Smart Watch,32583.37,26.29,5606.51,8,UPI,2025-12-14
2315,Tamara Colon,Trichy,North,Sports,Cricket Bat,13475.55,4.92,2565.48,7,UPI,2024-09-07
2316,Dillon Young,Trichy,North,Clothing,Kurti,2587.68,0.96,361.24,7,UPI,2025-07-24
2317,Stephanie Bauer,Madurai,North,Sports,Shoes,35517.24,27.26,7474.38,7,Cash,2025-11-24
2318,Jack Gonzalez,Coimbatore,East,Electronics,Headphones,20015.65,8.8,2961.68,1,UPI,2024-06-20
2319,Brittany Greer,Trichy,South,Sports,Shoes,42379.61,24.15,10301.73,7,Cash,2024-09-17
2320,Julia Butler,Madurai,West,Clothing,T-Shirt,936.04,22.4,79.51,2,Net Banking,2024-06-27
2321,Andre Joseph,Chennai,East,Furniture,Chair,40015.85,3.4,6387.42,4,Cash,2024-07-08
2322,Hunter Cook,Chennai,South,Furniture,Sofa,48802.37,10.84,10505.09,10,Net Banking,2025-03-02
2323,Clinton Cochran,Tirunelveli,East,Furniture,Sofa,24491.98,2.67,2317.96,5,Card,2025-07-31
2324,Laura Andrews,Trichy,East,Groceries,Rice,10423.01,17.02,1267.68,6,UPI,2025-06-06
2325,Sarah Adkins,Madurai,East,Furniture,Cupboard,41259.14,4.6,9182.3,5,Net Banking,2025-12-25
2326,Jessica Gallegos,Madurai,West,Groceries,Snacks,41505.52,11.73,9137.93,9,Card,2024-11-14
2327,Michelle Martinez,Madurai,West,Furniture,Sofa,14640.19,17.4,2873.19,7,Cash,2025-03-07
2328,Vincent Nguyen,Madurai,North,Groceries,Milk,12764.85,8.43,2047.39,2,UPI,2025-09-10
2329,James Davis,Madurai,East,Furniture,Sofa,4510.41,19.73,448.5,9,UPI,2025-05-24
2330,Ronnie Davila,Coimbatore,North,Furniture,Chair,17920.8,12.74,3037.91,2,Cash,2025-04-23
2331,Robert Mckinney,Madurai,North,Sports,Cricket Bat,36136.71,0.08,8924.67,8,UPI,2024-02-26
2332,Tammy Gibson,Chennai,West,Furniture,Chair,43771.81,24.89,7413.45,8,Card,2024-07-04
2333,Amy Garcia,Coimbatore,East,Furniture,Sofa,33704.9,15.85,6072.43,8,Net Banking,2025-01-24
2334,Brandy Martinez,Tirunelveli,North,Furniture,Table,48197.22,26.01,3974.74,6,Cash,2024-03-26
2335,Kimberly Rogers,Trichy,East,Clothing,Jeans,26936.3,6.34,2516.97,2,Card,2025-03-22
2336,Samantha Bush,Tirunelveli,East,Electronics,Mobile,43362.93,20.11,7881.22,6,UPI,2024-04-13
2337,Ian Stein,Chennai,East,Sports,Gym Bag,24700.37,15.16,1605.13,1,UPI,2024-12-08
2338,Kevin Hansen,Trichy,South,Clothing,Kurti,8601.37,4.58,1487.97,1,UPI,2025-06-02
2339,Kevin Underwood,Trichy,South,Furniture,Sofa,23808.16,19.67,2072.29,1,Cash,2025-11-17
2340,Stanley Thomas,Coimbatore,North,Groceries,Milk,28792.46,8.62,5740.63,4,Net Banking,2025-04-28
2341,Brittany Jimenez,Madurai,West,Clothing,Jacket,32764.18,8.72,2712.35,3,Cash,2024-01-21
2342,Daniel Skinner,Chennai,West,Groceries,Milk,25253.18,21.05,4767.25,2,Net Banking,2025-11-20
2343,Kimberly Rose,Salem,South,Electronics,Laptop,17781.27,12.58,3518.82,9,UPI,2025-02-10
2344,Alejandra Jensen,Madurai,South,Clothing,Kurti,32152.57,22.36,5494.11,7,Card,2024-10-17
2345,Mrs. Jennifer Boyd MD,Salem,South,Clothing,Jeans,11325.52,20.26,1030.71,8,Cash,2025-02-28
2346,Steven Garrett,Madurai,West,Groceries,Oil,24914.6,6.53,1338.26,6,Card,2024-02-01
2347,Sarah Morris,Tirunelveli,East,Groceries,Oil,31670.91,27.36,7790.46,1,Card,2024-02-02
2348,Deborah Howard,Madurai,North,Furniture,Sofa,10728.34,6.88,2498.28,7,Net Banking,2025-07-07
2349,Jack Sullivan,Madurai,North,Electronics,Headphones,18556.94,3.53,1274.76,8,Card,2025-01-23
2350,Jennifer Smith,Trichy,North,Groceries,Snacks,31762.41,4.16,6867.29,10,Net Banking,2025-03-24
2351,Michelle Thompson,Coimbatore,West,Sports,Cricket Bat,33172.71,3.62,5889.73,9,Net Banking,2024-08-19
2352,Jennifer Arroyo,Tirunelveli,East,Clothing,Jacket,13566.32,10.77,2386.21,4,Net Banking,2025-12-14
2353,Robert Carson,Trichy,East,Electronics,Mobile,46897.48,24.49,4840.3,2,UPI,2024-04-29
2354,Eric Byrd,Madurai,East,Groceries,Rice,25823.43,13.12,2975.64,8,Cash,2024-05-03
2355,Linda Daniels,Madurai,North,Sports,Football,26357.44,22.96,4128.68,6,Card,2024-05-01
2356,Melissa Alexander,Trichy,West,Clothing,Jacket,37515.29,19.41,6329.09,8,Cash,2024-06-26
2357,Daniel Underwood,Tirunelveli,North,Sports,Gym Bag,47856.95,23.37,3690.29,8,Net Banking,2025-07-13
2358,Mr. Kevin Arias,Coimbatore,East,Groceries,Rice,2691.69,26.67,465.11,1,Net Banking,2024-06-09
2359,Justin Payne,Coimbatore,South,Groceries,Rice,32440.17,27.61,2719.25,2,Net Banking,2024-05-22
2360,Phillip Lee,Madurai,South,Groceries,Milk,24806.72,2.15,4981.26,7,Net Banking,2025-05-28
2361,Maxwell Pope,Madurai,South,Furniture,Sofa,20988.98,16.19,2180.14,8,UPI,2024-02-03
2362,Ray Stokes,Tirunelveli,North,Furniture,Sofa,16507.25,27.37,1378.64,7,Card,2025-12-22
2363,Bryan Diaz,Trichy,South,Clothing,T-Shirt,830.16,17.52,153.54,3,Net Banking,2025-06-14
2364,Billy Maxwell,Trichy,East,Sports,Cricket Bat,42066.95,17.71,2648.72,6,UPI,2025-08-15
2365,Nicholas Burke,Trichy,East,Groceries,Oil,49749.53,0.26,7156.96,10,Cash,2025-11-30
2366,Sharon Petersen MD,Madurai,East,Clothing,Jacket,45891.05,16.23,5640.55,9,Card,2025-03-17
2367,Terry Harrington,Salem,North,Furniture,Sofa,9135.28,9.39,2101.94,9,UPI,2025-12-26
2368,Teresa Herrera,Chennai,North,Electronics,Laptop,38323.14,26.23,5729.9,1,UPI,2024-11-19
2369,Dr. Sonya Gonzales,Salem,South,Groceries,Oil,33835.56,15.93,4718.97,1,Cash,2024-01-26
2370,Tricia Jacobs,Trichy,West,Sports,Gym Bag,12798.58,15.79,1157.08,10,Net Banking,2024-05-14
2371,Clifford Phelps,Salem,North,Sports,Shoes,43841.75,8.96,2723.38,1,Net Banking,2025-11-01
2372,Megan Hines,Madurai,South,Clothing,Jacket,40034.8,8.18,3953.62,4,Cash,2024-07-07
2373,Amanda Morales,Trichy,North,Sports,Football,48854.66,14.78,9503.06,3,Cash,2024-01-18
2374,David Bennett,Coimbatore,South,Sports,Football,37625.81,17.56,3104.37,10,UPI,2024-10-10
2375,Rodney Richardson,Salem,North,Furniture,Cupboard,31824.7,19.63,5377.12,3,Card,2024-05-03
2376,Mr. Christopher Flores,Tirunelveli,North,Furniture,Sofa,16824.36,20.18,1384.38,5,Cash,2024-12-11
2377,Michael Jordan,Tirunelveli,East,Clothing,Jeans,3383.88,9.91,462.92,6,UPI,2025-01-26
2378,Dawn Weaver,Coimbatore,West,Electronics,Smart Watch,39952.07,9.24,8871.85,9,UPI,2024-11-19
2379,Sheila Long,Trichy,East,Clothing,Jacket,44242.8,26.72,7963.72,7,Net Banking,2025-11-19
2380,Brian Hicks,Tirunelveli,North,Clothing,Jeans,8030.45,2.59,417.97,5,Cash,2025-11-02
2381,Gregory Todd,Tirunelveli,East,Furniture,Sofa,8299.48,21.67,929.61,10,Net Banking,2025-02-28
2382,Sharon Robles,Chennai,West,Clothing,Kurti,10052.8,10.98,2217.15,10,Cash,2025-10-18
2383,Kim Williams,Salem,North,Clothing,Jeans,26040.29,24.32,6413.59,10,Cash,2024-01-21
2384,Christopher Reynolds,Madurai,East,Sports,Shoes,23682.56,7.57,5869.52,6,Net Banking,2024-09-26
2385,Michelle Allen,Madurai,East,Sports,Football,25085.16,24.07,5628.34,7,Cash,2025-05-22
2386,Megan Lucas,Madurai,East,Sports,Cricket Bat,35863.84,0.24,3299.52,2,UPI,2025-06-30
2387,Sean Owen,Salem,South,Sports,Shoes,49527.58,22.1,12106.37,2,UPI,2024-08-18
2388,Jesus Garcia,Salem,West,Furniture,Sofa,24794.82,14.03,2187.74,8,UPI,2024-03-01
2389,Hannah Diaz,Salem,South,Clothing,Jacket,31747.01,19.83,7087.3,6,Cash,2024-01-30
2390,Holly James,Coimbatore,West,Groceries,Snacks,21332.57,11.2,4162.6,3,Cash,2024-01-22
2391,Doris Frazier,Chennai,North,Clothing,Jacket,41521.97,17.97,9040.82,10,Card,2025-10-04
2392,Christopher Garcia,Chennai,East,Groceries,Oil,31111.14,29.7,2418.98,8,Net Banking,2025-08-12
2393,Daniel Cobb,Chennai,North,Groceries,Rice,9611.43,7,2022.02,8,UPI,2025-01-03
2394,Toni Morgan,Tirunelveli,North,Electronics,Smart Watch,30661.01,11.8,2395.66,6,Cash,2025-10-26
2395,Samuel Anderson,Trichy,South,Groceries,Snacks,33059.02,18.37,5713.63,9,Card,2025-11-30
2396,John Griffin,Coimbatore,South,Furniture,Table,20309.39,27.15,2832.27,7,UPI,2025-10-14
2397,Misty Morris,Trichy,North,Electronics,Headphones,4234.3,21.06,683.81,3,Net Banking,2024-02-11
2398,Patrick Neal,Tirunelveli,South,Sports,Football,26443.43,28.79,6230.7,4,Cash,2024-05-05
2399,Carl Mccormick,Tirunelveli,South,Electronics,Mobile,38670.54,12.02,7205.86,2,UPI,2024-08-26
2400,Jeffery Roman,Coimbatore,North,Sports,Cricket Bat,8784.32,5.29,1663.11,4,UPI,2024-04-20
2401,Amy Coleman,Coimbatore,East,Sports,Football,15927.21,4.99,2637.69,4,Cash,2024-03-06
2402,Mr. Christopher Hernandez,Tirunelveli,East,Electronics,Laptop,8461.66,6.61,1031.02,6,Cash,2024-04-28
2403,Jacqueline Taylor,Tirunelveli,East,Groceries,Oil,5817.28,5.87,1422.5,4,Net Banking,2024-09-10
2404,Michael Farley,Salem,East,Furniture,Chair,42848.36,23.23,9484.49,7,Card,2024-09-27
2405,Allison Bell,Chennai,West,Groceries,Oil,6400.23,0.45,375.98,4,Card,2025-11-27
2406,Susan Howard,Coimbatore,West,Electronics,Mobile,47219.97,14.58,5472.15,7,UPI,2024-08-21
2407,Travis Davis,Madurai,South,Clothing,Kurti,27373.88,1.89,3484.92,6,Cash,2024-11-09
2408,Matthew Baker,Salem,North,Clothing,T-Shirt,35500.7,16.69,6903.6,3,Cash,2025-12-06
2409,Nicole Nguyen,Coimbatore,East,Groceries,Snacks,1181.93,0.28,217.97,4,Net Banking,2025-11-22
2410,Brian Duncan,Salem,South,Groceries,Oil,8954.25,29.71,1327.25,1,Net Banking,2025-07-22
2411,Diana Stevenson,Salem,North,Electronics,Laptop,46990.53,9.63,8122.4,10,Net Banking,2025-02-15
2412,April Ross,Madurai,South,Clothing,Kurti,39567.57,29.96,4218.01,6,Net Banking,2025-07-17
2413,Carmen Martinez,Coimbatore,West,Groceries,Oil,48159.66,15.49,9769.89,4,UPI,2025-10-05
2414,Peter Thompson,Tirunelveli,West,Electronics,Headphones,34828.39,3.94,2906.26,2,Net Banking,2025-08-10
2415,Eric Osborn,Salem,West,Furniture,Sofa,4415.15,0.51,573.31,6,UPI,2024-07-29
2416,Alexandra Bowman,Coimbatore,East,Clothing,T-Shirt,41629.53,7.09,4835.95,10,Cash,2025-05-06
2417,Eric Cooley,Coimbatore,East,Groceries,Milk,8035.87,27.42,1172.58,10,Net Banking,2025-07-21
2418,Walter Perry,Tirunelveli,South,Groceries,Rice,27989.5,16.73,3217.13,3,Cash,2024-05-13
2419,Sue Santana,Madurai,East,Groceries,Rice,32021.4,20.82,3423.85,10,UPI,2024-04-01
2420,Elijah Ayala,Coimbatore,North,Furniture,Chair,45470.27,6.86,3192.54,6,UPI,2025-01-10
2421,Mark Miller,Madurai,West,Clothing,Jeans,13210.4,6.21,835.3,8,Cash,2024-10-02
2422,Jason Martin,Chennai,East,Groceries,Rice,13268.4,15.48,3284.9,9,UPI,2024-05-22
2423,Pam Schmidt,Chennai,West,Furniture,Table,13024.03,15.53,704.13,1,Cash,2024-01-29
2424,Mark Snyder,Trichy,West,Clothing,Kurti,42284.81,0.73,10287.49,6,Cash,2025-10-19
2425,William Riley,Salem,North,Sports,Football,17571.94,18.16,3982.85,3,UPI,2025-06-12
2426,Abigail Walton,Chennai,South,Clothing,Jeans,42372.37,24.66,9751.86,1,Cash,2024-10-19
2427,David Davenport,Salem,South,Clothing,Kurti,49314.68,21.81,11002.51,9,Net Banking,2024-12-04
2428,Jesse King,Tirunelveli,South,Clothing,Jeans,14370.38,23.12,3205.93,1,Cash,2025-02-11
2429,Kerry Barry,Salem,East,Electronics,Mobile,42405.46,18.42,5048.37,6,Cash,2024-10-27
2430,Nichole Webster,Coimbatore,South,Electronics,Laptop,46799.33,1.54,5257.94,6,Cash,2025-07-02
2431,Jerry Salas,Chennai,West,Groceries,Oil,12623.35,29.33,1028.61,4,Card,2024-04-27
2432,Anthony Bennett,Coimbatore,West,Groceries,Snacks,2718.92,18.46,256.47,4,Card,2024-06-06
2433,John Evans,Coimbatore,South,Groceries,Rice,10244.47,29.02,1992.29,1,UPI,2024-03-03
2434,Mallory Thompson,Trichy,West,Sports,Gym Bag,38262.58,20.46,3227.08,3,UPI,2025-03-04
2435,James Sanchez,Coimbatore,South,Furniture,Chair,44220.41,3.32,3519.62,8,Net Banking,2025-04-09
2436,Benjamin Peterson,Coimbatore,East,Furniture,Sofa,7252.52,11.6,1323.86,10,Card,2025-09-02
2437,Christopher Cardenas,Madurai,East,Clothing,Jacket,17532.83,8.95,3442.85,1,Cash,2025-09-04
2438,Amy Morales,Trichy,South,Sports,Cricket Bat,25159.74,9.51,5709.47,2,Net Banking,2025-08-27
2439,Roy Mclaughlin,Madurai,South,Clothing,Jacket,19267.37,22.45,3857.26,9,UPI,2025-01-14
2440,Ross Cruz,Coimbatore,South,Electronics,Headphones,8845.51,3.92,1870.1,10,Card,2024-01-02
2441,Jason Hunter,Trichy,West,Sports,Football,28393.86,11.51,5356.92,5,Card,2025-12-11
2442,Thomas Miller,Tirunelveli,East,Furniture,Table,8715.64,22.61,1520.18,3,Cash,2025-12-20
2443,Jacqueline Rhodes,Chennai,South,Clothing,Jacket,29813.98,28.29,2648.83,8,Cash,2025-10-12
2444,John Nguyen,Coimbatore,West,Groceries,Milk,29040.9,20.47,2886.85,4,Card,2024-08-14
2445,Angela Black,Salem,North,Electronics,Mobile,9368.25,2.09,1997.94,10,Cash,2025-07-12
2446,Jeanette Nichols,Coimbatore,South,Furniture,Cupboard,39501.82,8.1,9103.45,6,Cash,2025-06-01
2447,Taylor Cummings,Salem,South,Sports,Cricket Bat,44311.56,29.82,6980.5,1,UPI,2025-08-26
2448,Evan Russell,Coimbatore,West,Groceries,Milk,20644.58,7.86,2600.65,10,Net Banking,2025-02-23
2449,Shirley Walker,Tirunelveli,East,Electronics,Laptop,14209.95,29.8,886.16,2,Cash,2024-03-07
2450,Jay Krause,Madurai,South,Electronics,Headphones,16492.83,26.88,3776.59,10,Card,2024-07-24
2451,Jennifer Benson,Chennai,East,Furniture,Cupboard,41792.92,27.18,5662.17,6,Card,2024-12-08
2452,Tina Stokes,Trichy,West,Groceries,Snacks,15604.92,16.72,2325.92,9,Cash,2025-10-03
2453,Derek Nguyen,Tirunelveli,South,Electronics,Laptop,28464.86,4.37,7107,4,Cash,2024-09-17
2454,Benjamin Cooper,Madurai,West,Groceries,Snacks,16842.41,13.39,2376.5,8,Net Banking,2024-05-07
2455,Scott Carrillo,Coimbatore,West,Furniture,Sofa,21192.98,14.01,5013.96,9,Net Banking,2025-06-08
2456,Megan Dominguez,Tirunelveli,South,Groceries,Milk,2228.15,21.63,419.5,6,Cash,2025-12-21
2457,Yolanda Ford,Chennai,West,Clothing,Jeans,35573.65,21.09,6697.33,4,Cash,2024-07-21
2458,Michelle Allison,Tirunelveli,East,Clothing,Jeans,31934.2,23.39,7456.42,6,UPI,2024-09-23
2459,Heidi Lowery,Trichy,East,Clothing,T-Shirt,29413.3,20.23,4193.79,5,UPI,2025-09-25
2460,Brittany Fuentes,Tirunelveli,West,Furniture,Chair,43034.64,10.31,8685.8,2,UPI,2024-03-03
2461,Nicole Leonard,Madurai,South,Groceries,Snacks,12572.98,2.21,1556.67,4,Cash,2024-06-29
2462,John Long,Chennai,East,Furniture,Cupboard,42080.89,1.85,2576.44,10,Card,2025-10-19
2463,Jackie Brewer,Madurai,East,Sports,Football,19811.62,26.32,4929.41,2,Net Banking,2024-05-16
2464,Adrienne Moore,Chennai,West,Furniture,Sofa,1390.27,11.32,206.48,7,Net Banking,2025-08-08
2465,Pamela Lin,Salem,East,Electronics,Laptop,35495.21,9.04,4772.76,3,Card,2025-10-15
2466,Joan Gutierrez,Tirunelveli,South,Electronics,Mobile,15011.42,5.48,3717.99,8,Card,2025-10-27
2467,Jeffery Anderson,Trichy,South,Furniture,Cupboard,38228.85,1.48,8169.28,9,Cash,2024-07-10
2468,Scott Ramirez,Salem,North,Sports,Gym Bag,21656.13,7.23,4084.05,7,Cash,2024-08-04
2469,Melissa Griffith,Coimbatore,East,Groceries,Oil,1060.74,0.95,59.74,7,UPI,2025-01-30
2470,Carl Simmons,Chennai,North,Sports,Football,401.76,15.85,28.69,3,Cash,2024-04-30
2471,Marissa Silva,Madurai,North,Sports,Shoes,277.36,16.23,34.46,4,UPI,2024-01-19
2472,Michael Payne,Chennai,West,Groceries,Snacks,21426.51,0.09,5146.81,6,UPI,2025-11-02
2473,Tina Harvey,Tirunelveli,East,Sports,Gym Bag,7365.15,23.37,945.7,8,Net Banking,2024-12-27
2474,Michelle Mcgee,Trichy,North,Clothing,T-Shirt,1957.85,9.51,182.25,7,Net Banking,2025-07-26
2475,Kevin Juarez,Chennai,East,Groceries,Oil,11096.93,0.58,1904.38,3,Net Banking,2025-01-22
2476,Jordan Taylor,Trichy,West,Clothing,Jeans,22645.27,7.49,5017.18,3,Cash,2025-09-06
2477,Brittany Watson,Salem,East,Groceries,Oil,34483.69,7.21,6582.66,6,Card,2024-04-27
2478,Randy Jackson,Tirunelveli,South,Furniture,Chair,13517.05,28.33,2476.87,1,UPI,2025-10-29
2479,Jill Wright,Salem,South,Sports,Cricket Bat,6925.18,0.03,799.22,3,UPI,2025-08-03
2480,Shannon Sampson,Madurai,West,Sports,Football,9705.39,2.54,1016.55,4,Cash,2024-08-01
2481,David Jones,Salem,West,Groceries,Snacks,31557.69,15.84,5770.97,5,Net Banking,2024-04-27
2482,Brian Carpenter,Tirunelveli,South,Furniture,Cupboard,49553.65,12.31,8951.19,8,UPI,2025-09-09
2483,Kristine Oliver,Tirunelveli,North,Furniture,Chair,28592.17,8.03,2444.93,5,UPI,2025-01-11
2484,Darrell Mckinney,Madurai,East,Electronics,Mobile,6503.1,12.74,804.19,10,UPI,2025-03-06
2485,Dawn Lee,Trichy,North,Sports,Cricket Bat,22366.27,18.87,1970.85,10,UPI,2025-08-17
2486,Mrs. Stacy Evans,Coimbatore,West,Clothing,T-Shirt,12953.53,25.69,1055.29,10,Card,2024-12-03
2487,Alexis Myers,Salem,South,Electronics,Headphones,27348.04,19.96,3252.88,9,Cash,2025-08-18
2488,Shane Francis,Madurai,West,Furniture,Sofa,33175.71,11.61,7874.59,5,Cash,2025-06-29
2489,Matthew Rose,Coimbatore,North,Clothing,T-Shirt,34684.8,29.54,3194.32,2,UPI,2024-10-31
2490,Theresa Salinas,Trichy,North,Electronics,Mobile,11007.15,9.24,1514.48,1,Card,2024-07-03
2491,Christopher Zimmerman PhD,Trichy,West,Furniture,Cupboard,35663.32,28.13,2248.7,1,Cash,2024-01-10
2492,Geoffrey Johnson,Tirunelveli,West,Electronics,Smart Watch,14867.7,11.25,2098.09,2,Cash,2024-05-25
2493,Timothy Norman,Coimbatore,North,Furniture,Table,13413.98,28.71,1514.35,8,Cash,2024-10-28
2494,Albert Hanson,Coimbatore,North,Sports,Cricket Bat,48490.63,24.36,9385.3,3,UPI,2024-02-20
2495,Nicole Rogers,Madurai,South,Sports,Cricket Bat,6802.51,17.87,347.48,2,UPI,2024-01-15
2496,Kelsey Hart,Coimbatore,West,Groceries,Milk,49243.63,26.13,7651.83,7,UPI,2025-02-26
2497,Dr. Kristopher Rich,Coimbatore,East,Clothing,Jacket,19796.56,26.97,3035.02,6,UPI,2025-04-19
2498,Sandra Bautista,Tirunelveli,West,Clothing,Kurti,17767.54,21.46,3045.84,7,Cash,2025-02-14
2499,Rebecca Hawkins,Trichy,East,Sports,Shoes,9249.66,28.06,2234.28,2,Cash,2024-12-18
2500,Allison Mitchell,Coimbatore,North,Sports,Cricket Bat,38747.66,25.51,2832.39,6,Card,2024-07-24
2501,Chris Miller,Coimbatore,East,Electronics,Smart Watch,25913.47,27.79,4364.02,10,UPI,2024-10-22
2502,Jean Obrien,Chennai,North,Furniture,Cupboard,7425.42,20.52,771.68,1,Net Banking,2025-01-06
2503,Mrs. Emily Jacobs MD,Trichy,South,Groceries,Rice,25692.07,21.48,6411.97,7,Net Banking,2025-02-13
2504,Jacqueline Smith,Tirunelveli,South,Groceries,Snacks,12355.82,14.08,776.71,6,Cash,2024-05-16
2505,Karla Gardner,Chennai,North,Electronics,Laptop,11929.84,3.9,876.77,4,Cash,2024-06-15
2506,Shelby Mcbride,Madurai,South,Sports,Shoes,34357.99,25.57,5533.04,6,UPI,2025-07-13
2507,Adam Becker,Tirunelveli,East,Groceries,Rice,27182.42,27.6,2304.54,10,Net Banking,2025-02-26
2508,Mary Campbell,Trichy,South,Electronics,Headphones,9866.04,21.57,2226.93,6,Net Banking,2024-05-20
2509,Kevin Kim,Chennai,East,Groceries,Snacks,15937.2,5.92,3120.11,7,Cash,2025-03-21
2510,Ryan Fritz,Madurai,East,Furniture,Chair,32693.39,22.92,3491.55,1,UPI,2025-12-27
2511,Susan Riley,Salem,South,Groceries,Milk,27809.52,18.23,3315.8,7,Cash,2024-01-16
2512,Adam Jones,Coimbatore,West,Furniture,Sofa,10620.99,15.79,1984.83,9,UPI,2024-07-31
2513,Charles Jones,Trichy,South,Groceries,Rice,48199.81,11.22,9318.93,9,Net Banking,2024-04-09
2514,Samuel Wright,Salem,North,Groceries,Milk,36354.76,9.58,5732.14,8,Cash,2025-12-27
2515,Maria Medina,Salem,West,Furniture,Cupboard,34467.49,2.19,2689.79,1,Card,2025-12-27
2516,Karen Andrews,Coimbatore,North,Groceries,Milk,41996.12,17.69,5701.83,6,UPI,2024-12-04
2517,Carol Kelly,Salem,North,Furniture,Cupboard,33113.13,4.67,8278.07,10,Card,2024-07-02
2518,Donald White,Madurai,East,Groceries,Snacks,31755.87,6.82,3098.11,10,Net Banking,2025-10-08
2519,Vincent Wright,Coimbatore,West,Furniture,Cupboard,9425.49,8.28,1432.92,4,Net Banking,2025-01-13
2520,Matthew Johnson,Salem,West,Sports,Gym Bag,33264.63,19.07,4324.16,5,Card,2025-12-08
2521,Veronica Aguirre,Trichy,South,Electronics,Laptop,44749.88,1.02,9499.2,7,Net Banking,2024-09-11
2522,Connor Mcclain,Salem,East,Electronics,Smart Watch,13614.07,23.28,2140.05,1,UPI,2025-01-18
2523,Destiny Peters,Trichy,East,Clothing,Kurti,14477.91,2.28,759.71,6,UPI,2024-05-18
2524,Darrell Green,Chennai,North,Sports,Football,25934.22,28.28,1950.4,3,UPI,2024-07-21
2525,Jonathan Whitaker,Salem,East,Furniture,Table,30639.71,9.22,3659.25,4,Cash,2025-03-14
2526,Sandra Page,Chennai,South,Furniture,Table,45000.23,14.91,3474.36,5,Card,2025-11-10
2527,Kristy Smith,Salem,North,Clothing,Jeans,17579.25,23.46,3729.42,4,Cash,2024-03-31
2528,Jacob Guerra,Tirunelveli,North,Electronics,Headphones,12851.16,20.69,1488.1,6,Card,2024-12-19
2529,Michele Moore,Coimbatore,West,Sports,Football,28487.89,17.59,6932.43,7,UPI,2024-01-16
2530,Mrs. Julia Hays,Trichy,East,Sports,Cricket Bat,34744.34,16.15,1997.51,3,Cash,2024-03-09
2531,Tammy Kane,Tirunelveli,West,Furniture,Sofa,3328.05,7.2,700.88,7,Card,2024-08-29
2532,Crystal Harrington,Chennai,East,Groceries,Oil,44612.99,26.42,3072.66,1,Cash,2025-09-09
2533,Garrett Lloyd,Trichy,North,Electronics,Headphones,18205.91,17.14,1867.63,5,Net Banking,2024-11-01
2534,Joseph Brown,Madurai,West,Clothing,Kurti,49951.78,16.53,9838.29,1,Net Banking,2024-10-09
2535,Casey Smith,Salem,West,Furniture,Cupboard,2436.87,18.19,402.72,4,Cash,2024-08-17
2536,Monica Wood,Salem,East,Clothing,Jacket,47979.09,20.84,11915.14,9,Cash,2025-02-11
2537,Tyler Kim,Coimbatore,East,Furniture,Cupboard,36979.43,3.21,2013.45,8,Cash,2025-09-08
2538,Kenneth Figueroa,Madurai,East,Furniture,Table,20538.25,28.22,1898,6,UPI,2025-02-17
2539,Justin Ramirez,Tirunelveli,South,Clothing,Jeans,14087.98,22.69,1904.15,7,UPI,2024-12-08
2540,Gary Diaz,Chennai,West,Groceries,Oil,25486.27,26.27,4367.23,7,Cash,2024-10-01
2541,Martin Christensen,Tirunelveli,North,Sports,Cricket Bat,5362.34,5.13,603.08,6,UPI,2025-09-22
2542,Amanda Franklin,Salem,North,Sports,Shoes,9966.02,29.11,707.45,5,UPI,2025-09-11
2543,Katherine Bass,Madurai,North,Furniture,Sofa,4093.85,16.49,652.9,6,Card,2025-03-20
2544,Gregory Robinson,Madurai,North,Electronics,Laptop,3334.69,9.5,763.6,3,Net Banking,2025-09-29
2545,Austin Pollard,Coimbatore,East,Furniture,Sofa,24930.59,18.25,3562.32,10,Card,2024-07-29
2546,Nathan Armstrong,Madurai,East,Groceries,Oil,33434.02,15.27,5858.1,7,Net Banking,2024-09-05
2547,Julie Lindsey,Chennai,West,Sports,Gym Bag,33361.25,23.58,2448.76,10,UPI,2025-03-24
2548,Julie Rodriguez,Trichy,East,Electronics,Headphones,47580.59,3.09,9787.38,3,UPI,2025-03-13
2549,Brandy Crawford,Tirunelveli,North,Furniture,Cupboard,13787.87,22.69,2828.68,1,UPI,2024-11-21
2550,Ashley Middleton,Salem,East,Electronics,Laptop,30721.91,23.96,7009.72,2,Cash,2024-10-31
2551,David Perry,Salem,East,Sports,Football,7922.47,11.99,1003.44,10,Cash,2025-01-17
2552,Jason Blackwell,Trichy,West,Clothing,T-Shirt,26882.99,18.55,4793.34,9,Cash,2025-03-18
2553,Angela Madden,Salem,East,Furniture,Chair,29632.56,9.79,7267.89,6,Net Banking,2025-10-29
2554,Jennifer Baker,Salem,West,Groceries,Oil,15506.45,3.03,3666.57,9,Card,2025-04-27
2555,Chad Lynn,Salem,East,Electronics,Headphones,14557.91,1.22,3107.15,7,Card,2024-11-27
2556,Samuel Tucker,Coimbatore,West,Clothing,T-Shirt,31732.36,2.46,7706.08,3,Net Banking,2024-08-08
2557,Robert Collins,Chennai,North,Electronics,Headphones,46038.22,8.27,7335.08,9,Card,2024-10-20
2558,Robert Underwood,Trichy,South,Furniture,Chair,13993.12,12.78,1163.9,6,UPI,2025-03-27
2559,Mr. Brent Santana,Madurai,East,Electronics,Smart Watch,48892.89,14.69,4578.4,7,Card,2024-03-18
2560,Jessica Buchanan,Tirunelveli,North,Furniture,Chair,47247.76,6.62,4929.68,9,Cash,2025-09-26
2561,Rose Bowman,Salem,West,Sports,Football,46178.29,5.54,7539.27,6,Net Banking,2025-10-04
2562,Christopher Thomas,Madurai,West,Groceries,Milk,23523.53,13.14,3856.02,3,Cash,2025-07-18
2563,Anthony Parker,Chennai,South,Sports,Gym Bag,9975.53,20.54,1794.92,9,Cash,2024-02-07
2564,Mitchell Thompson,Madurai,East,Groceries,Oil,47414.74,9.5,2906,3,UPI,2025-04-22
2565,Debbie Ruiz,Tirunelveli,West,Groceries,Snacks,42824.68,29.47,9530.07,9,Net Banking,2025-12-03
2566,Steven Avery,Madurai,North,Groceries,Oil,29461.56,20.41,6257.86,5,Net Banking,2024-07-18
2567,Joshua Cooper,Tirunelveli,West,Sports,Football,20169.35,24.24,4072.44,2,UPI,2024-11-14
2568,Thomas Black,Chennai,East,Electronics,Mobile,14162.64,0.23,3214.05,3,Cash,2025-06-28
2569,Allison Perez,Salem,North,Clothing,Jeans,12936.55,7.97,2394.15,2,UPI,2024-09-17
2570,Michael Campbell,Salem,East,Groceries,Snacks,16992.95,7.84,2094.86,7,UPI,2025-08-23
2571,Troy Morse MD,Salem,West,Sports,Shoes,20373.84,10.45,2115.13,8,Net Banking,2025-03-15
2572,Gary Cruz,Chennai,East,Sports,Gym Bag,22898.37,1.01,4381.79,4,UPI,2024-07-05
2573,Phillip White,Tirunelveli,West,Electronics,Mobile,45080.91,27.05,11052.78,4,UPI,2025-03-31
2574,Melvin Hunt,Chennai,South,Furniture,Table,46829.18,5.57,5848.41,5,UPI,2024-12-27
2575,Cynthia Martinez,Tirunelveli,North,Electronics,Smart Watch,26153.83,13.69,5794.36,7,UPI,2025-11-30
2576,Sergio Kramer,Tirunelveli,North,Electronics,Smart Watch,34595.21,9.49,2312.92,4,Cash,2025-03-13
2577,Jennifer Harris,Coimbatore,West,Furniture,Cupboard,48620.4,12.02,5203.3,8,Card,2024-01-07
2578,Emma Day,Chennai,West,Sports,Shoes,9357.86,14.28,742.92,1,UPI,2025-05-22
2579,Christopher Sandoval,Madurai,East,Clothing,Kurti,21353.34,13.86,2664.91,9,Card,2024-10-07
2580,Fernando Williams,Coimbatore,South,Furniture,Cupboard,35091.37,16.82,3183.64,2,Card,2025-09-18
2581,Andrea Gordon,Chennai,North,Clothing,Jacket,36769.57,18.14,7799.28,6,Net Banking,2025-11-25
2582,Gregory Rich,Chennai,North,Clothing,T-Shirt,24769.71,19.39,4184.76,4,Cash,2024-12-11
2583,Christopher Warren,Chennai,South,Electronics,Laptop,5764.76,15.44,1341.32,3,Cash,2025-05-03
2584,Tami Wilson,Trichy,South,Groceries,Rice,38688.1,15.93,4210.81,8,Card,2025-12-06
2585,Amanda Clark,Madurai,South,Furniture,Table,46360.79,10.15,5816.65,2,Card,2025-04-15
2586,Curtis Kaufman,Chennai,South,Groceries,Oil,32214.84,12.13,4806.6,4,Card,2025-09-12
2587,Devin Moore,Trichy,South,Clothing,Jeans,1387.39,18.58,219.68,10,UPI,2025-12-20
2588,Veronica Mendez,Madurai,East,Electronics,Laptop,43131.53,1.21,2707.06,2,Cash,2025-11-06
2589,Tina Howell,Chennai,South,Groceries,Rice,21343.72,25.69,1900.4,10,Net Banking,2024-04-03
2590,Donna Jarvis,Trichy,South,Electronics,Headphones,38325.45,21.98,9066.95,1,Card,2025-03-04
2591,David Miller,Coimbatore,North,Clothing,Jacket,8160.21,12.48,2039.59,9,Card,2024-08-13
2592,Michael Mack,Madurai,East,Groceries,Milk,37625.63,6.45,8453.89,2,Card,2025-04-14
2593,Lisa Gonzales,Madurai,East,Electronics,Mobile,11092.62,6.16,1894.09,1,Cash,2024-11-21
2594,Tammy Miller,Tirunelveli,North,Furniture,Cupboard,39421.67,5.67,3739.31,7,Cash,2024-08-25
2595,Michael Wagner,Madurai,West,Groceries,Milk,38783.2,29.62,6380.79,10,Cash,2024-01-01
2596,Linda Galvan,Salem,East,Furniture,Table,30567.25,27.21,4933.09,4,Net Banking,2024-10-25
2597,Jesus Gross,Salem,West,Clothing,T-Shirt,12896.21,6.44,1215.81,8,UPI,2024-07-08
2598,Julie Anthony,Salem,East,Groceries,Snacks,33266.23,28.67,3390.92,2,Cash,2025-05-09
2599,Michelle Smith,Coimbatore,West,Groceries,Oil,48753.29,15.48,4570.83,1,Cash,2025-11-30
2600,Valerie Garcia,Trichy,North,Electronics,Headphones,45525.15,20.69,8754.63,4,UPI,2025-02-28
2601,Jennifer Perkins,Madurai,North,Clothing,T-Shirt,47547.84,16.31,11569.15,3,Cash,2024-08-16
2602,Rhonda Wright,Trichy,North,Clothing,Jeans,34889.09,1.17,7650.31,9,UPI,2025-07-18
2603,John Garcia,Chennai,East,Furniture,Chair,39812.16,13.65,6467.32,9,UPI,2024-06-01
2604,Michael Lambert,Madurai,East,Clothing,T-Shirt,27209.76,3.06,4514.8,3,Cash,2025-02-28
2605,Michelle Lewis,Chennai,South,Electronics,Mobile,47526.73,10.62,7578.05,9,Card,2024-08-19
2606,Teresa Hood,Chennai,North,Electronics,Laptop,42589.96,0.43,7114.94,5,Net Banking,2025-06-06
2607,Patricia Jimenez,Trichy,East,Sports,Gym Bag,43053.13,21.12,4757.65,4,Cash,2025-02-25
2608,Lisa Middleton,Trichy,West,Electronics,Laptop,11879.01,7.55,2803.72,10,Card,2024-05-05
2609,Tammy Sutton,Coimbatore,East,Electronics,Laptop,24865.57,6.99,1643.79,4,UPI,2024-01-15
2610,Robert Davis,Coimbatore,West,Sports,Cricket Bat,2579,26.69,464.74,2,Cash,2025-10-23
2611,John Patel,Salem,West,Furniture,Table,9224.84,9.52,501.94,6,Card,2024-01-20
2612,Michelle Wright,Trichy,South,Clothing,T-Shirt,24274.79,8.91,4679.59,4,Net Banking,2025-05-09
2613,Katie Wall,Tirunelveli,West,Groceries,Snacks,25407.19,21.84,4744.84,7,Card,2025-12-24
2614,Susan Jones,Madurai,West,Clothing,T-Shirt,14571.86,25.77,969.24,9,Card,2025-01-10
2615,Michele Wilson,Trichy,West,Electronics,Smart Watch,3212.58,20.05,446.67,3,Card,2025-02-20
2616,Natalie Franklin,Salem,West,Sports,Gym Bag,43298.91,6.37,8850.37,9,Card,2025-07-05
2617,Samantha Garcia,Madurai,North,Furniture,Table,8663.22,20.65,1601.23,10,UPI,2024-07-02
2618,Patricia Anderson,Chennai,South,Sports,Shoes,9795.02,6.25,1999.56,1,Cash,2024-12-05
2619,Richard Herrera,Coimbatore,South,Clothing,T-Shirt,6121.71,6.27,1248.96,3,Cash,2025-05-15
2620,Victoria Foster,Trichy,South,Groceries,Snacks,4851.62,22.03,266.23,7,Card,2025-05-30
2621,Taylor Jones,Trichy,West,Sports,Shoes,20410.13,13.25,2104.55,9,Cash,2024-11-19
2622,Eric Pierce,Trichy,South,Furniture,Table,16123.24,6.91,980.21,2,UPI,2025-06-29
2623,Michael Hardy,Tirunelveli,East,Clothing,Kurti,44792.39,29.67,5490.35,3,UPI,2024-03-24
2624,Ashley Morales,Salem,West,Clothing,Jeans,33709.15,4.16,2714.55,4,Card,2024-08-21
2625,Sandra Abbott,Salem,South,Electronics,Mobile,23729.56,29.55,3146.1,9,Cash,2024-05-29
2626,Daniel Brewer,Salem,East,Furniture,Table,3861.93,14.02,910.77,6,Card,2025-03-12
2627,Courtney Martinez,Trichy,West,Electronics,Smart Watch,11118.6,29.83,985.8,1,Card,2024-11-21
2628,Victoria Walker,Trichy,East,Clothing,Jacket,20404.69,26.23,1239.34,1,Card,2025-11-08
2629,Michael Roman,Chennai,West,Clothing,T-Shirt,31943.01,17.63,5271.45,3,Cash,2024-06-18
2630,Sabrina Parker,Chennai,South,Electronics,Smart Watch,17933.55,19.54,2844.6,7,Card,2024-09-14
2631,Richard Peck,Salem,South,Sports,Gym Bag,38833.47,28.44,2565.21,5,Cash,2024-07-14
2632,Sharon Smith,Chennai,North,Electronics,Smart Watch,32024.41,4.92,1995.09,2,UPI,2025-03-07
2633,Robin Cordova,Tirunelveli,North,Electronics,Smart Watch,5074.15,28.78,1099.34,7,Cash,2024-03-04
2634,Gabriel Tucker,Coimbatore,South,Groceries,Milk,46676.87,15.97,7361.21,10,UPI,2024-09-11
2635,Kimberly Keller,Trichy,East,Groceries,Milk,37369.33,27.66,4440.15,4,Net Banking,2025-05-15
2636,Monica Butler,Salem,West,Groceries,Milk,17041.14,10.79,1323.79,7,Cash,2024-11-29
2637,Kelly Andrews,Chennai,North,Sports,Gym Bag,11264.45,10.93,1291.99,8,UPI,2025-08-30
2638,Heather Clark,Salem,West,Sports,Football,24201.55,8.37,3209.47,8,Net Banking,2025-10-29
2639,Julian Webster,Coimbatore,West,Electronics,Headphones,49236.18,23.53,6990.27,9,Cash,2024-05-16
2640,Connie Porter,Salem,East,Furniture,Cupboard,27058.64,23.95,6469.16,1,Net Banking,2025-09-27
2641,Nicole Moore,Madurai,West,Clothing,T-Shirt,2352.62,25.77,359.62,6,UPI,2024-12-10
2642,Annette Cannon,Salem,North,Furniture,Cupboard,7842.12,3.86,1635.63,7,Net Banking,2024-07-03
2643,David Munoz,Trichy,North,Clothing,Kurti,30825.64,29.68,2844.88,5,Net Banking,2025-02-12
2644,Phillip Wise,Chennai,North,Clothing,Kurti,18501.75,21.46,2053.88,6,UPI,2024-03-12
2645,Katherine Gonzalez,Coimbatore,West,Electronics,Mobile,361.9,20.88,44.92,5,UPI,2024-06-09
2646,Courtney Beard,Tirunelveli,South,Clothing,Kurti,1429.27,18.02,123.55,8,UPI,2025-05-14
2647,Tiffany Moran,Tirunelveli,North,Sports,Gym Bag,42407.13,6.63,10559.92,8,UPI,2025-02-10
2648,Mr. Gary Smith,Chennai,West,Electronics,Headphones,7212.78,10.75,550.06,9,Net Banking,2024-02-24
2649,Miss Barbara Dickerson DVM,Trichy,South,Furniture,Table,562.29,25.17,101.68,7,UPI,2024-03-03
2650,John Gray,Tirunelveli,North,Sports,Cricket Bat,47154.13,20.66,7923.28,10,Net Banking,2024-12-28
2651,Stephanie Jones,Salem,West,Groceries,Milk,42216.79,7.52,10430.22,6,Cash,2024-08-17
2652,Ryan Campos,Trichy,South,Sports,Football,23196.08,27.87,5463.64,10,Cash,2024-09-02
2653,Rebecca Henson,Tirunelveli,West,Groceries,Milk,22418.18,23.37,2729.19,6,UPI,2025-09-13
2654,Anna Patterson,Chennai,South,Groceries,Rice,43106.5,7.5,4090.08,4,Cash,2024-09-10
2655,Kristen Zimmerman,Tirunelveli,East,Furniture,Table,19701.75,5.8,1734.38,1,UPI,2025-12-12
2656,Stephen Mcdonald,Madurai,South,Sports,Gym Bag,40735.18,7.83,8823.25,4,Cash,2024-02-24
2657,Jill Silva,Chennai,West,Furniture,Chair,1402.23,0.57,199.89,3,UPI,2025-06-11
2658,Sergio Wallace,Coimbatore,North,Sports,Shoes,7076.46,15.23,1527.08,10,Net Banking,2024-06-11
2659,Joshua Cooper,Trichy,East,Sports,Football,40528.55,18.44,7389.46,9,Cash,2024-04-21
2660,Jo Parker,Salem,South,Clothing,Jeans,26147.08,10.06,6490.42,2,Net Banking,2024-10-03
2661,Michelle Williams,Salem,East,Electronics,Mobile,44188.48,15.97,3885.14,6,Cash,2024-12-12
2662,Kimberly Mitchell,Trichy,West,Clothing,T-Shirt,14225.92,29.68,1909.68,9,Net Banking,2025-04-09
2663,Betty Wolfe,Salem,East,Furniture,Table,40848.62,6.06,7393.58,5,Net Banking,2025-11-30
2664,Daniel Holland,Coimbatore,West,Groceries,Rice,16955.83,29.09,3481.73,2,Cash,2024-05-22
2665,Daniel Ibarra,Coimbatore,West,Clothing,Jeans,39379.05,15.8,6574.59,1,Card,2024-08-28
2666,Kim Malone,Trichy,East,Clothing,Kurti,25318.35,25.05,5217.45,6,UPI,2025-10-29
2667,Mrs. Phyllis Green,Chennai,South,Furniture,Chair,31166.77,25.34,3768.57,2,Card,2024-03-18
2668,Scott Mccarthy,Coimbatore,South,Furniture,Chair,49592.34,18.74,11240.52,4,Card,2025-12-27
2669,Kevin Burke,Madurai,East,Furniture,Sofa,3089.89,14.87,340.92,2,Card,2025-01-26
2670,Christine Terry,Tirunelveli,East,Clothing,Jeans,45675.6,14.64,5067.04,8,Cash,2024-10-23
2671,Tara Jensen,Chennai,East,Furniture,Table,19638.45,11.76,1949.8,9,Card,2025-06-03
2672,Clarence Nichols,Coimbatore,South,Clothing,Jacket,19001.2,21.78,4304.51,3,Card,2025-03-20
2673,Emily Jones,Salem,West,Electronics,Laptop,39719.52,5.81,3299.73,3,UPI,2024-01-29
2674,Betty Edwards,Coimbatore,East,Groceries,Snacks,27686.48,17.5,3650.38,4,Net Banking,2024-04-21
2675,Lawrence Small,Salem,West,Sports,Gym Bag,6912.06,29.78,497.88,4,Card,2025-02-13
2676,Amber Wilson,Madurai,East,Electronics,Mobile,32162.6,1.01,5175.47,4,Cash,2025-07-05
2677,Jenna Welch,Tirunelveli,East,Clothing,T-Shirt,3579.81,22.19,707.69,8,Card,2024-06-18
2678,Justin Yu,Coimbatore,East,Furniture,Table,20583.77,26.97,2615.04,7,UPI,2024-07-01
2679,Joshua Dickerson,Salem,South,Electronics,Laptop,36544.4,10.3,2850.57,3,Net Banking,2024-08-02
2680,Tammy Porter,Trichy,North,Electronics,Laptop,14169.87,26.74,2987.56,9,Card,2024-08-11
2681,Andrea Mills,Trichy,North,Groceries,Snacks,34779.08,18.2,6330.69,1,Card,2025-05-24
2682,Dr. Tracy Townsend,Madurai,East,Electronics,Laptop,36047.96,25.46,6267.4,5,Card,2024-02-24
2683,Harry Hall,Chennai,North,Sports,Gym Bag,14838.61,12.58,3093.34,7,Cash,2024-10-16
2684,Bobby Lynch,Madurai,East,Sports,Football,36090.75,10.96,4927.26,5,Card,2025-04-15
2685,Emily Beasley,Coimbatore,South,Groceries,Oil,8538.34,3.69,1478.72,1,Net Banking,2024-04-22
2686,Michael Freeman,Tirunelveli,North,Groceries,Snacks,29807.16,16.86,4792.44,1,UPI,2024-12-29
2687,Billy Miles,Trichy,West,Electronics,Mobile,23302.36,29.38,3767.14,8,Card,2024-09-12
2688,Kevin Baker,Salem,North,Groceries,Oil,8430.88,20.49,1976.88,9,Card,2025-08-29
2689,James James,Madurai,East,Sports,Football,15546.75,16.4,1237.39,2,Card,2024-09-01
2690,Jeffrey Jones,Salem,South,Clothing,Jacket,47895.63,18.35,10265.31,3,Net Banking,2025-06-26
2691,Christopher Watson,Chennai,West,Clothing,Jacket,6223.33,10.44,476.91,6,Net Banking,2025-01-25
2692,Eric Patel,Tirunelveli,South,Clothing,Jeans,11995.64,25.41,2509.57,8,Card,2024-11-15
2693,William Moore,Salem,West,Clothing,Jacket,6601.82,7.57,1469.6,8,Card,2024-08-15
2694,Sharon Johnson,Salem,South,Sports,Football,31478.17,10.61,5993.06,8,Net Banking,2024-02-29
2695,Melissa Terry,Coimbatore,South,Furniture,Sofa,45899.82,21.55,6123.34,1,Cash,2025-10-30
2696,Brent Brown,Madurai,East,Furniture,Cupboard,12874.25,10.01,1012.15,6,Net Banking,2025-06-24
2697,Kevin Valencia,Trichy,South,Groceries,Snacks,12171.66,21.14,1873.99,9,Net Banking,2024-01-31
2698,Jacob Williams,Coimbatore,South,Sports,Gym Bag,33873.32,6.6,6278.53,4,Cash,2024-08-11
2699,Kristin Terry,Salem,West,Furniture,Sofa,47544.19,20.66,9282.3,2,Net Banking,2025-03-25
2700,Caitlin Rodriguez,Tirunelveli,South,Groceries,Rice,1919.56,14.42,361.26,2,UPI,2024-06-14
2701,Brianna Adams,Coimbatore,South,Sports,Cricket Bat,15800.59,23.03,2471.85,3,UPI,2025-12-05
2702,Keith Maxwell,Coimbatore,East,Clothing,Kurti,24202.32,3.86,2779.26,7,Cash,2024-10-17
2703,Katherine Dean,Salem,South,Clothing,T-Shirt,522.95,28.54,123.17,1,Card,2024-06-01
2704,Jonathon Pena,Salem,East,Clothing,Kurti,7523.49,23.93,1743.37,1,Cash,2024-06-25
2705,Mr. Richard Silva,Trichy,West,Electronics,Headphones,30370.53,28.85,6308.69,5,Cash,2025-06-15
2706,Natalie Evans,Chennai,East,Groceries,Snacks,29197.44,5.14,4777.12,4,UPI,2025-11-26
2707,Corey Kennedy,Salem,South,Furniture,Sofa,25635.43,8.21,2550.01,9,Card,2025-02-23
2708,Kayla Perez,Tirunelveli,North,Groceries,Oil,48671.9,8.78,10390.27,8,UPI,2024-08-14
2709,Theresa Kelly,Madurai,North,Sports,Football,12502.19,26.36,1972.83,1,Net Banking,2025-10-04
2710,Daniel Wallace,Madurai,South,Sports,Gym Bag,4171.96,1.85,209.99,5,Cash,2024-09-08
2711,Cynthia Clarke,Coimbatore,North,Furniture,Cupboard,39192.22,0.48,4880.02,10,UPI,2025-02-06
2712,Christopher Benton,Coimbatore,North,Electronics,Smart Watch,11767.24,16.81,1999.08,3,Card,2025-05-16
2713,Heather Frank,Tirunelveli,West,Furniture,Cupboard,33817.43,9.52,5836.76,2,Net Banking,2024-01-22
2714,Leah Barnes,Tirunelveli,West,Sports,Gym Bag,45440.56,10.79,2383.23,10,Card,2025-04-11
2715,Mark Torres,Tirunelveli,East,Clothing,T-Shirt,27525.49,25.73,3299.83,2,UPI,2024-12-17
2716,Ian Wheeler,Coimbatore,North,Clothing,Jacket,48380.52,25.06,10888.59,6,Cash,2025-12-26
2717,Darrell Duran,Madurai,East,Sports,Shoes,12850.53,24.95,2819.67,9,Net Banking,2025-03-25
2718,Andrew Burton,Madurai,South,Groceries,Rice,6846.62,23.67,642.17,7,UPI,2024-08-03
2719,Randy Lewis,Chennai,East,Groceries,Rice,2033.11,16.33,173.66,8,Card,2025-08-08
2720,Lisa Zavala,Madurai,North,Electronics,Smart Watch,36176.11,28.03,3119.75,5,Card,2025-12-13
2721,Kimberly Miller,Coimbatore,East,Groceries,Rice,24212.71,14.07,3052.98,5,UPI,2024-08-13
2722,Lonnie Perez,Tirunelveli,South,Sports,Cricket Bat,18176.22,18.26,4097.67,1,Net Banking,2025-04-11
2723,Darin Kelly,Tirunelveli,North,Clothing,Jeans,30377.75,2.57,5970.37,1,UPI,2025-03-23
2724,Frank Huynh,Trichy,North,Groceries,Rice,17908.51,11.63,4210.11,6,Card,2024-10-08
2725,Kelly Woodard,Salem,East,Electronics,Laptop,7960.22,16.37,659.38,7,UPI,2025-12-29
2726,Randall Middleton,Trichy,West,Furniture,Sofa,5274.72,20.95,880.04,7,UPI,2025-11-30
2727,Derek Powell,Madurai,East,Clothing,Kurti,42871.88,22.33,8374.56,7,Card,2024-11-26
2728,Laurie King,Tirunelveli,West,Sports,Gym Bag,14599.86,0.25,808.44,8,Card,2025-03-25
2729,John Ruiz,Madurai,North,Sports,Gym Bag,38777.17,21.71,4626.07,4,UPI,2025-12-27
2730,Mr. Jeffrey Gray MD,Salem,South,Clothing,Kurti,20263.53,21.26,4535.3,2,Net Banking,2024-06-29
2731,Justin Bernard,Madurai,West,Electronics,Mobile,2162.48,25.11,281.75,8,Cash,2024-06-23
2732,Rhonda Moore,Trichy,West,Groceries,Rice,36225.57,6.35,2031.05,8,Card,2024-07-06
2733,Andrew Jones,Chennai,South,Furniture,Chair,41187.58,6.88,4630.27,7,UPI,2025-02-23
2734,Patricia Hamilton,Coimbatore,West,Groceries,Milk,10365.82,11.67,2325.25,10,Cash,2025-11-13
2735,Amber Bradley,Trichy,West,Furniture,Table,31513.93,16.63,7709.39,3,UPI,2024-09-07
2736,Tiffany Boyd,Chennai,East,Sports,Gym Bag,15723.05,24.58,1021.61,1,Cash,2025-02-20
2737,Stephanie Fry,Madurai,South,Sports,Gym Bag,21398.47,27.97,1914.64,8,UPI,2025-01-06
2738,Brian Thompson,Tirunelveli,West,Sports,Football,36352.06,2.54,7513.66,6,Net Banking,2025-06-02
2739,Phillip Sanchez,Trichy,West,Clothing,T-Shirt,40100.62,13.13,2498.14,9,UPI,2024-07-03
2740,Jamie Franklin,Tirunelveli,West,Furniture,Table,40705.39,26.97,8754.24,7,Net Banking,2024-01-20
2741,Jeremy Walton,Trichy,South,Furniture,Chair,28820.29,16.64,7096.23,8,UPI,2024-08-03
2742,Beth Miller,Madurai,South,Electronics,Smart Watch,30328.66,26.42,7035.5,8,Cash,2024-09-14
2743,Christopher Mcclain,Salem,South,Groceries,Milk,45937.8,5.08,2863.02,2,Cash,2025-01-10
2744,Sharon Murray,Trichy,West,Groceries,Oil,34041.83,8.79,6145.29,10,UPI,2025-12-27
2745,Christian Martinez,Coimbatore,East,Sports,Shoes,5172.47,10.02,723.26,8,Net Banking,2024-10-12
2746,Robin Johns,Chennai,South,Electronics,Smart Watch,15551.87,18.06,3157.08,5,Cash,2024-12-07
2747,Teresa Henry,Coimbatore,South,Electronics,Laptop,37024.53,14.28,4311.86,3,Card,2025-07-16
2748,Kimberly Long,Salem,North,Sports,Gym Bag,28979.9,21.27,2348.66,5,UPI,2024-04-22
2749,Allison Stewart,Chennai,South,Electronics,Mobile,15847.08,27.9,2064.68,8,UPI,2024-04-28
2750,Gina Strickland,Chennai,North,Sports,Gym Bag,43463.09,29,3744.41,7,UPI,2024-06-28
2751,Charles Martinez,Chennai,North,Furniture,Table,47361.33,23.97,9304.91,7,UPI,2024-05-23
2752,Justin Powers,Chennai,East,Clothing,T-Shirt,21113.33,9.47,4186.37,3,Net Banking,2024-04-10
2753,Laura Rivera,Coimbatore,North,Groceries,Rice,22493.06,11.32,4985.99,2,UPI,2024-06-05
2754,Dr. Sara Morris,Tirunelveli,South,Sports,Gym Bag,27921.77,27.21,3314.85,7,UPI,2025-09-01
2755,Ms. Pamela Jones MD,Chennai,West,Electronics,Smart Watch,24421.07,12.04,4741.35,8,Card,2025-09-23
2756,Linda Barnett,Madurai,South,Electronics,Smart Watch,27581.88,22.38,2908.63,8,Card,2024-08-27
2757,Bradley Smith,Trichy,South,Furniture,Chair,16882.49,28.36,3936.66,3,Card,2025-07-15
2758,Andrew Robbins,Salem,South,Sports,Shoes,20079.66,17.01,1984.77,2,UPI,2025-12-22
2759,Denise Jackson,Trichy,West,Sports,Football,29769.88,19.23,6491.37,4,Cash,2025-02-15
2760,Amy Brady,Chennai,West,Electronics,Mobile,21231.2,24.07,2262.26,4,Cash,2024-04-09
2761,Jennifer Trujillo,Coimbatore,North,Clothing,Jeans,16721.29,2.43,3051.16,3,Net Banking,2024-02-13
2762,Michelle Martin,Tirunelveli,South,Clothing,T-Shirt,4263.25,28.69,1026.77,9,UPI,2025-06-19
2763,Beth Cooke,Trichy,North,Groceries,Oil,28404.5,21.45,2244.15,7,Net Banking,2024-05-13
2764,Ronald Martinez,Chennai,East,Electronics,Headphones,2539.26,16.54,390.02,9,Card,2025-06-24
2765,Derrick Horne,Madurai,South,Electronics,Mobile,46031.08,23.3,11222.15,1,UPI,2025-10-16
2766,Monica Taylor,Chennai,West,Furniture,Cupboard,33881.84,3.11,4031.63,9,Card,2025-03-25
2767,Amanda Clayton,Chennai,East,Groceries,Oil,2116.14,15.06,263.82,1,Net Banking,2025-09-28
2768,Tamara Pierce,Madurai,North,Sports,Shoes,25081.88,27.34,1771.98,8,Net Banking,2025-05-23
2769,Lawrence Zimmerman,Coimbatore,South,Sports,Gym Bag,37011,10.14,6758.11,1,Net Banking,2024-04-14
2770,Sarah Ward,Chennai,North,Furniture,Table,36804.77,16.41,3383.84,8,Net Banking,2024-11-06
2771,Alyssa Gonzalez,Madurai,East,Groceries,Milk,10703.56,4.65,2451.11,10,Card,2025-10-17
2772,Fred Benson,Tirunelveli,South,Electronics,Mobile,4018.88,8.83,791.5,1,Card,2025-11-02
2773,Jessica Williams,Coimbatore,South,Clothing,Kurti,32203.25,24.33,5942.9,9,Cash,2024-11-24
2774,Matthew Hernandez,Salem,North,Electronics,Headphones,11270.67,15.64,2631.88,4,Cash,2025-09-18
2775,Derek Olsen,Trichy,North,Electronics,Headphones,34561.53,5.7,2936.29,8,Cash,2024-03-09
2776,Mitchell Williams,Trichy,South,Groceries,Rice,21291.43,28,4162.94,4,UPI,2024-07-23
2777,Karen Mays,Madurai,South,Groceries,Snacks,13206.62,20.2,827.65,2,Cash,2024-06-17
2778,Susan Robertson,Coimbatore,East,Sports,Gym Bag,22887.39,21.01,5105.52,4,UPI,2025-03-10
2779,Christopher Mejia,Salem,East,Furniture,Table,34024.53,10.31,3176.99,2,UPI,2024-11-21
2780,Mary Moore,Madurai,West,Electronics,Smart Watch,14846.74,20.59,3471.72,10,Net Banking,2024-12-03
2781,Douglas Molina,Coimbatore,East,Groceries,Snacks,13094.69,22.26,2935.68,2,UPI,2025-09-12
2782,Tracy Matthews,Coimbatore,East,Sports,Gym Bag,32542.04,25.68,6071.36,3,Net Banking,2025-01-13
2783,Judy Colon,Chennai,East,Furniture,Chair,34759.99,10.67,2694.54,6,UPI,2024-07-22
2784,Jessica Moreno,Trichy,West,Furniture,Table,18474.24,14.81,3885.28,1,UPI,2025-02-05
2785,Charles Williams,Trichy,South,Furniture,Chair,10607.71,2.49,2316.29,5,Cash,2025-08-22
2786,Robert Hamilton,Chennai,West,Electronics,Laptop,2123.27,11.49,254.64,5,Cash,2025-01-21
2787,Matthew Summers,Salem,South,Furniture,Cupboard,14375.3,1.68,3492.28,2,Card,2025-10-20
2788,Kevin Houston,Tirunelveli,West,Sports,Shoes,29976.15,4.8,3438.63,5,Cash,2025-08-04
2789,James Kelley,Madurai,West,Furniture,Cupboard,1600.18,27.62,138.92,4,Card,2025-12-08
2790,Adam Collins,Salem,West,Sports,Football,4597.04,23.93,422.8,2,UPI,2025-10-02
2791,William Gonzalez,Madurai,East,Furniture,Chair,49277.09,11.86,5602.14,2,Card,2025-04-03
2792,Rebecca Hubbard,Tirunelveli,North,Electronics,Mobile,4336.72,22.45,901.37,9,UPI,2024-07-20
2793,Joy Carpenter,Tirunelveli,South,Furniture,Cupboard,36389.78,28.68,8710.93,8,Card,2025-12-25
2794,Ana Rivera,Tirunelveli,North,Clothing,Jeans,1150.02,18.72,191.52,7,Cash,2024-10-20
2795,Cynthia Mendoza,Salem,East,Sports,Shoes,45075.86,16.69,6427.2,10,Net Banking,2025-02-14
2796,Matthew Jordan,Chennai,East,Electronics,Mobile,10433.63,3.29,1350,5,UPI,2025-08-17
2797,Ashley Lowery,Salem,North,Furniture,Table,41324.13,29.91,8489.44,9,Card,2025-05-08
2798,Sherry Garcia,Chennai,West,Furniture,Table,33088.31,8.47,3986.35,6,Card,2024-09-27
2799,Mrs. Cheryl Morris,Chennai,West,Groceries,Oil,24935.65,10.66,5345.32,3,Card,2024-12-01
2800,Julie Jones,Trichy,North,Clothing,Jacket,32115.65,13.43,4183.5,1,Cash,2025-11-06
2801,Kara Lopez,Madurai,North,Furniture,Chair,20570.25,0.35,1342.98,2,Cash,2025-03-10
2802,Sarah Marshall,Trichy,West,Clothing,Jeans,21158.4,17.44,3541.99,10,UPI,2025-01-18
2803,Rachel Glass,Coimbatore,North,Clothing,Kurti,25255.18,0.58,1775.7,3,Net Banking,2025-11-30
2804,Linda Cook,Chennai,East,Sports,Shoes,20550.71,12.63,2597.39,5,Card,2024-03-12
2805,Brooke Henderson,Trichy,South,Furniture,Sofa,10101.25,15.45,1868.58,6,Cash,2025-05-22
2806,Maria Rodriguez,Coimbatore,South,Sports,Football,44235.97,2.13,3105.09,9,Net Banking,2025-09-05
2807,Susan Miller,Salem,South,Furniture,Table,25314.7,23.07,2879,10,Cash,2024-09-17
2808,Jose Atkins,Coimbatore,North,Furniture,Sofa,47624.73,5.49,9719.32,1,Card,2025-09-03
2809,Patrick Torres,Chennai,South,Furniture,Sofa,29684.68,7.02,6450.25,7,Card,2025-01-19
2810,Veronica Fuller,Chennai,South,Clothing,Jacket,28389.19,29.75,6017.41,7,UPI,2024-01-04
2811,Jose Bird,Chennai,North,Sports,Football,4853.5,26.18,872.56,7,UPI,2024-10-30
2812,Lynn Riley,Salem,South,Furniture,Chair,28091.48,8.18,6276.44,4,Card,2025-10-31
2813,Angela Pruitt,Chennai,South,Furniture,Cupboard,5105.72,21.34,472.93,3,Net Banking,2025-03-10
2814,William Miller,Madurai,South,Furniture,Sofa,19243.72,8.24,2684.1,10,Net Banking,2025-07-23
2815,Jennifer Joyce,Trichy,East,Clothing,T-Shirt,20131.89,27.18,1663.81,4,Cash,2025-07-22
2816,Jacob Sosa,Chennai,South,Sports,Cricket Bat,2863.14,7.83,240.65,4,UPI,2025-11-23
2817,Erik Smith,Madurai,South,Groceries,Milk,313.38,2.12,42.87,4,Card,2024-12-23
2818,Carla Melton,Chennai,North,Clothing,Jacket,4915.12,11.19,1042.84,4,Net Banking,2025-10-31
2819,Amanda Melton,Madurai,East,Groceries,Snacks,39072.96,5.59,5701.45,7,Card,2025-08-17
2820,Wayne Walters,Trichy,East,Clothing,Jeans,35177.63,16.09,3623.36,4,Card,2025-06-18
2821,Kathryn Garcia,Madurai,North,Furniture,Sofa,15706.91,3.96,1056.65,6,Cash,2024-09-30
2822,Crystal Rodriguez,Tirunelveli,South,Groceries,Snacks,25693.03,28.61,2209.63,5,Card,2025-11-08
2823,Travis Davis,Trichy,West,Clothing,Kurti,16297.97,6.49,1611.46,3,Net Banking,2025-03-06
2824,Mary Chapman,Coimbatore,North,Furniture,Table,25731.01,21.62,5176.41,2,Net Banking,2025-09-07
2825,Douglas Morris,Coimbatore,North,Electronics,Laptop,37460.75,18.46,6247,10,Card,2025-02-11
2826,Dylan Williams,Trichy,West,Clothing,T-Shirt,30763.35,25.56,6612.23,10,Card,2025-08-20
2827,Jeffery Curtis,Salem,East,Furniture,Sofa,3074.56,22.61,395.85,2,Cash,2025-04-23
2828,Rita Martinez,Madurai,South,Groceries,Oil,42806.25,4.96,3234.72,2,Card,2024-01-02
2829,Hayden Roberts,Chennai,West,Sports,Gym Bag,18725.33,28.22,4415.96,3,Card,2025-09-13
2830,Jason Scott,Madurai,South,Sports,Shoes,48271.58,23.2,8760.94,2,UPI,2025-11-29
2831,Amanda Golden,Salem,South,Groceries,Milk,47433.79,9.4,5558.38,3,UPI,2024-08-16
2832,Sarah Buchanan,Tirunelveli,East,Groceries,Oil,36316.52,21.83,5259.16,5,Cash,2024-11-21
2833,Diamond Wright,Salem,South,Clothing,Jeans,36217.03,16.73,4412.29,3,Cash,2024-10-14
2834,Mr. Michael Stephens MD,Salem,West,Sports,Football,22501.93,28.57,4730.08,9,Net Banking,2024-08-23
2835,Anthony Hoffman,Salem,North,Sports,Football,40098.37,2.28,4272.2,4,Card,2024-02-27
2836,Amy Newman,Tirunelveli,East,Sports,Gym Bag,11163.39,11.67,684.25,9,Card,2025-06-25
2837,Anna Flores,Chennai,East,Groceries,Milk,36515.57,22.25,4216.86,1,Card,2024-05-04
2838,Sarah Acosta,Tirunelveli,West,Electronics,Smart Watch,20337.41,28.58,2728.02,9,Card,2024-05-19
2839,Mary Davenport,Madurai,West,Electronics,Laptop,31142.68,6.48,6610.84,5,Card,2025-02-17
2840,Tammy Holt,Salem,South,Sports,Shoes,31824.34,17.35,3862.52,3,UPI,2025-10-08
2841,Michelle Morris,Salem,East,Sports,Gym Bag,20407.73,11.63,4844.38,6,Cash,2025-04-30
2842,Michael Espinoza,Madurai,North,Sports,Cricket Bat,48249.41,15.78,3751.77,1,UPI,2024-06-26
2843,Joanna Bailey,Madurai,North,Electronics,Headphones,46151.56,12.99,7703.28,7,Net Banking,2025-07-01
2844,Kevin Miller,Salem,West,Furniture,Sofa,20079.56,22.2,1332.69,8,Net Banking,2024-02-14
2845,Maureen Young,Chennai,East,Sports,Cricket Bat,40440.87,19.4,2468.08,4,Net Banking,2024-05-28
2846,Trevor Malone,Coimbatore,West,Electronics,Laptop,21864.54,22.7,4184.7,8,Cash,2024-05-23
2847,Phillip Hansen,Tirunelveli,West,Groceries,Milk,24641.71,22.99,5501.23,7,Card,2025-12-08
2848,Jason Wheeler,Tirunelveli,West,Furniture,Chair,441.4,18.15,106.13,6,UPI,2024-07-21
2849,Michael Green,Salem,East,Clothing,Jacket,36700.95,18.75,4674.78,1,Card,2024-01-01
2850,Tammy Espinoza,Coimbatore,South,Furniture,Cupboard,13944.23,13.29,2817.59,2,Card,2025-06-08
2851,Mary Ponce,Chennai,East,Furniture,Cupboard,11768.2,2.3,1267.81,7,Card,2025-04-08
2852,Preston Houston,Madurai,West,Clothing,Jacket,17150.79,9.45,4061.29,2,Card,2024-05-27
2853,Bonnie Miller,Madurai,West,Clothing,Kurti,12870.72,5.3,1776.76,5,Cash,2024-12-12
2854,Robert Lewis,Tirunelveli,South,Groceries,Rice,39568.41,28.36,4067.54,8,Card,2024-03-21
2855,Jennifer Johnson,Salem,West,Electronics,Smart Watch,15624.5,2.27,1821.41,9,Card,2024-09-28
2856,Justin Page,Trichy,South,Sports,Football,5500.93,3.4,745.74,10,Card,2024-02-27
2857,Gloria Pennington,Salem,West,Sports,Football,29968.97,15.91,7214.42,9,Net Banking,2025-05-18
2858,Heather Carter,Madurai,North,Electronics,Mobile,47498.27,28.67,9598.72,9,UPI,2024-09-28
2859,Rebecca Wood,Coimbatore,East,Electronics,Mobile,49260.25,10.71,11192.15,9,Net Banking,2024-09-06
2860,Patricia Potter MD,Salem,East,Furniture,Cupboard,35698.74,5.29,8516.7,3,Card,2024-01-01
2861,Kyle Howard,Tirunelveli,North,Electronics,Headphones,7508.49,22.2,1413.6,1,Net Banking,2024-10-26
2862,Vincent Walters,Madurai,East,Furniture,Chair,33842.52,6.8,3326.81,6,UPI,2025-09-11
2863,Tamara Williams,Tirunelveli,East,Clothing,Jacket,4943.31,12.18,869.18,9,Card,2024-12-31
2864,Kathryn Bell,Tirunelveli,South,Electronics,Headphones,44404.05,16,9870.98,4,Cash,2025-12-02
2865,Natasha Walker,Tirunelveli,West,Furniture,Sofa,14144.56,11.18,2800.38,2,Card,2024-07-19
2866,Gloria Medina,Trichy,West,Sports,Shoes,25141.42,20.54,3112.63,9,Cash,2024-09-11
2867,Michael Jordan,Chennai,East,Electronics,Headphones,37534.9,13.15,3023.8,6,Cash,2025-10-03
2868,Jesse Smith,Trichy,South,Clothing,Jeans,22251.49,27.5,1849.82,7,Net Banking,2025-04-01
2869,Donna Sanchez,Tirunelveli,North,Furniture,Chair,42970.73,18.93,8844.54,6,Card,2024-08-10
2870,Breanna Henry,Salem,South,Furniture,Table,1736.8,11.14,410.01,4,Card,2025-07-09
2871,Steven Juarez,Trichy,South,Electronics,Laptop,36185.64,27.69,8469.61,3,Card,2024-07-26
2872,Steven Kelley DVM,Trichy,North,Furniture,Table,35429.61,16.04,7839.1,3,Cash,2025-05-03
2873,Shelley David,Tirunelveli,North,Electronics,Laptop,20573.53,19.88,3181.66,10,Card,2024-10-02
2874,Michael Owens,Madurai,West,Groceries,Snacks,8007.42,26.7,593.85,7,UPI,2025-08-26
2875,Jacob Melton,Salem,East,Clothing,Jeans,15890.66,14.12,3933.55,6,Cash,2025-06-24
2876,Samuel Olsen,Madurai,East,Electronics,Smart Watch,1604.29,11.38,370.91,4,Card,2025-12-15
2877,Carolyn Harris,Trichy,West,Sports,Football,24202.1,14.98,4879.12,9,Cash,2024-03-17
2878,Faith Howard,Chennai,North,Clothing,T-Shirt,47910.43,22.97,8713.17,1,Card,2025-07-07
2879,Susan Erickson,Coimbatore,West,Furniture,Sofa,1763.78,0.48,270.86,8,UPI,2025-02-02
2880,Valerie Cruz,Trichy,East,Furniture,Chair,14669.16,5.96,2671.1,4,Net Banking,2025-06-19
2881,George Walton,Trichy,East,Furniture,Sofa,33718.14,18.93,3012.64,10,UPI,2024-11-16
2882,Kristy Pierce,Madurai,West,Electronics,Mobile,13446.91,13.16,2693.24,3,Net Banking,2025-07-02
2883,Jacob Smith,Salem,South,Clothing,T-Shirt,13588.92,2.19,2132.58,1,Card,2025-07-12
2884,Sara Floyd,Trichy,West,Electronics,Laptop,12841.9,7.98,1151.73,8,UPI,2025-08-31
2885,Maria Garcia,Madurai,South,Furniture,Cupboard,21211.48,9.74,1930.84,1,Card,2025-10-15
2886,Johnny Garcia,Coimbatore,South,Sports,Football,20213.48,0.27,1318.56,7,Cash,2024-07-01
2887,Tara Calhoun,Madurai,West,Furniture,Table,14046.27,1.06,3067.45,9,Cash,2025-01-09
2888,Wendy Mata,Coimbatore,North,Furniture,Chair,21457.85,23.16,2285.3,4,Cash,2025-08-30
2889,David Howell,Trichy,North,Furniture,Sofa,41918.19,15.92,3766.38,3,Card,2025-03-06
2890,Mark Fox,Chennai,East,Electronics,Laptop,20903.01,16.8,1995.97,8,Card,2025-08-05
2891,Andres Gregory,Madurai,West,Groceries,Rice,11185.03,14.61,1917.1,10,Cash,2024-04-14
2892,Sherri Mcgee,Salem,North,Clothing,Kurti,49362.28,24.56,6098.95,6,UPI,2025-12-04
2893,Tracy Hatfield,Salem,East,Furniture,Cupboard,27530.71,14.26,4912.48,8,Net Banking,2025-11-03
2894,William Choi,Salem,North,Electronics,Smart Watch,43717.93,26.68,4590.06,3,Card,2025-12-31
2895,Frank Moran,Coimbatore,North,Sports,Cricket Bat,28248.33,22.91,2050.05,9,Cash,2024-03-23
2896,Erika Brown,Tirunelveli,East,Groceries,Rice,46151.71,24.62,4088.99,8,Net Banking,2024-05-19
2897,James Tyler,Tirunelveli,East,Electronics,Mobile,10009.87,28.15,2459.89,10,Cash,2024-07-02
2898,Kyle Wilson,Trichy,East,Clothing,Kurti,13027.14,22.58,1300.56,6,UPI,2024-10-13
2899,Gloria Nguyen,Coimbatore,East,Groceries,Oil,42135.92,4.74,8637,5,UPI,2024-06-18
2900,Sarah Campos,Trichy,North,Groceries,Milk,5263.77,25.55,913.95,10,UPI,2024-01-17
2901,Dr. Andrea Vargas,Chennai,West,Electronics,Headphones,12716.1,2.27,2361.56,2,Net Banking,2025-01-06
2902,Nicole Beard,Madurai,South,Sports,Gym Bag,23815.91,10.03,2028.66,6,UPI,2025-06-17
2903,Joseph Schmitt,Coimbatore,North,Furniture,Cupboard,20977.28,21.19,4124.02,7,Card,2025-10-18
2904,Francisco Boone,Salem,West,Groceries,Oil,29770.38,11.05,6418.28,8,UPI,2025-02-05
2905,Michael Downs,Coimbatore,North,Electronics,Headphones,34815.47,0.76,2530.09,9,Card,2024-01-25
2906,Kirsten Brown,Tirunelveli,North,Sports,Gym Bag,35538.9,12.89,7721.07,9,Cash,2025-04-11
2907,Amber Oneill,Trichy,West,Furniture,Chair,3951.11,22.83,785.5,9,UPI,2024-04-21
2908,Andrew Fernandez,Madurai,East,Electronics,Laptop,558.14,7.64,113.23,10,UPI,2024-11-29
2909,Willie Blackwell,Coimbatore,South,Electronics,Mobile,14322.62,1.7,3448.81,7,Card,2025-03-15
2910,Scott Bridges,Trichy,East,Clothing,Kurti,12289.6,3.62,3062.97,3,Card,2025-03-25
2911,Heather Parker,Madurai,West,Groceries,Milk,31774.01,0.94,5474.83,10,Cash,2025-08-08
2912,Nancy Mccullough,Salem,North,Clothing,Jacket,38628.9,27.53,7889.3,8,Net Banking,2025-04-19
2913,Ashley Wolf,Chennai,South,Groceries,Rice,40646.35,29.35,5487.07,7,Cash,2024-02-15
2914,Chad Watson,Coimbatore,East,Electronics,Smart Watch,44109.82,2.18,10218.16,10,Net Banking,2025-01-19
2915,Jennifer Thompson,Madurai,East,Clothing,Kurti,44529.21,17.61,6694.55,9,Net Banking,2025-08-18
2916,Tara Hatfield,Coimbatore,West,Sports,Gym Bag,8023.49,13.73,1215.1,4,UPI,2025-04-25
2917,Kim Miller,Chennai,North,Electronics,Smart Watch,31175.37,29.71,6466.21,2,UPI,2025-07-16
2918,Thomas Malone,Coimbatore,North,Electronics,Laptop,35248.24,20.77,7082.48,6,Cash,2025-09-26
2919,Alice Johnson,Tirunelveli,South,Groceries,Milk,9300.24,0.56,1984.29,5,Card,2025-01-03
2920,Justin Mills,Chennai,North,Clothing,T-Shirt,5865.84,0.7,1275.82,5,UPI,2025-12-17
2921,Steve Mcguire,Chennai,East,Sports,Gym Bag,42861.94,11.08,8816,1,Card,2025-03-25
2922,Benjamin White,Chennai,North,Electronics,Smart Watch,15299.25,6.96,3580.75,8,UPI,2024-06-17
2923,Chris Anderson,Salem,North,Sports,Football,5734.17,21.83,605.91,2,Card,2025-03-05
2924,Mark Johnson,Coimbatore,North,Electronics,Smart Watch,27628.96,4.95,5506.85,10,UPI,2024-06-19
2925,Ashley Crawford,Trichy,South,Electronics,Headphones,228.16,3.2,29.73,9,UPI,2024-11-28
2926,Lisa Sherman,Coimbatore,North,Sports,Football,14852.47,4.51,2080.25,1,Net Banking,2024-09-17
2927,Jo Barton,Coimbatore,West,Sports,Football,5189.52,26.63,510.71,1,Card,2024-04-22
2928,Elizabeth Crane,Tirunelveli,West,Clothing,Jacket,9739.29,5.47,1441.51,4,Card,2024-07-19
2929,Brent Miranda,Trichy,East,Electronics,Mobile,12034.67,18.25,1202.15,8,UPI,2024-09-18
2930,Preston Young,Coimbatore,South,Sports,Football,41578.34,4.15,5659.54,3,Card,2025-09-30
2931,Samantha Taylor,Salem,South,Electronics,Mobile,32144.43,17.58,2713.58,3,Net Banking,2025-11-13
2932,Mr. Hunter Harrison,Tirunelveli,East,Clothing,Jeans,11355.96,11.07,2138.1,8,Cash,2024-10-26
2933,Katherine Dalton,Salem,East,Sports,Cricket Bat,49828.86,9.68,8704.13,3,UPI,2024-05-12
2934,Michael Rodriguez,Chennai,West,Groceries,Rice,20065.24,16.51,3443.12,9,Net Banking,2024-06-17
2935,Dr. Scott Johnson,Trichy,North,Clothing,T-Shirt,8407.02,17.43,1224.71,5,Cash,2024-12-17
2936,David Thompson,Tirunelveli,East,Groceries,Rice,33949.55,15.7,2430.37,7,Net Banking,2024-02-17
2937,Erika Chavez,Coimbatore,West,Electronics,Smart Watch,19371.77,7.59,3021.18,3,Cash,2024-06-17
2938,Chloe Keller,Tirunelveli,North,Electronics,Headphones,23407.89,8.43,3643.47,6,Cash,2025-05-09
2939,Melissa Brown,Madurai,North,Clothing,Kurti,25758.49,18.86,5560.5,6,Cash,2024-03-10
2940,Dustin Gilbert,Coimbatore,North,Electronics,Smart Watch,31360.6,19.72,4558.01,2,Cash,2025-06-09
2941,Margaret Edwards,Trichy,West,Furniture,Cupboard,28389.9,5.33,1642.68,9,Net Banking,2025-02-06
2942,Christopher Holmes,Chennai,West,Groceries,Oil,36705.82,10.83,3985.71,4,Net Banking,2025-11-20
2943,Herbert Phillips,Tirunelveli,North,Electronics,Mobile,4862.06,13.85,915.69,10,Cash,2025-07-02
2944,Julia Rios,Trichy,North,Groceries,Milk,49237.22,28.68,4832.92,6,UPI,2024-12-03
2945,Monique White,Madurai,East,Electronics,Smart Watch,37147.98,3.62,7736.32,4,Cash,2024-09-17
2946,Michelle Taylor,Salem,South,Groceries,Rice,36091,0.33,5320.38,8,Card,2025-10-25
2947,Joshua Porter,Madurai,East,Clothing,Jacket,48707.04,25.84,5173.13,10,Net Banking,2025-06-09
2948,Carrie David,Trichy,South,Electronics,Headphones,9490.81,11.54,1962.23,4,Cash,2024-04-20
2949,James Cannon,Trichy,South,Electronics,Headphones,1780.41,26.61,409.89,6,Net Banking,2024-07-11
2950,Michele Cox,Trichy,West,Sports,Gym Bag,44458.57,13.24,6956.42,8,Cash,2024-11-05
2951,Christopher Scott,Tirunelveli,West,Furniture,Table,10421.08,23.93,712.94,2,Card,2025-07-26
2952,Karen Rodriguez DVM,Trichy,North,Groceries,Rice,20946.68,2.79,5068.8,8,UPI,2024-04-20
2953,Beth Jenkins,Coimbatore,East,Sports,Shoes,13872,19.42,2898.94,10,Net Banking,2024-08-08
2954,Brittany Reid,Salem,West,Groceries,Milk,17381.91,14.91,2643.11,7,Net Banking,2025-06-14
2955,Amy Kemp,Chennai,South,Clothing,Jacket,19646.97,16.27,2862.92,6,Cash,2025-10-12
2956,Brittany Vincent,Tirunelveli,South,Electronics,Headphones,4284.31,29.45,661.6,2,Cash,2024-12-10
2957,Jerry Solomon,Salem,West,Furniture,Cupboard,1913.29,17.79,447.02,8,Net Banking,2024-05-28
2958,Kelly Estrada,Salem,South,Clothing,T-Shirt,28107.3,27.38,1863.92,4,Net Banking,2024-07-30
2959,Adrienne Smith,Madurai,East,Sports,Shoes,24554.09,29.15,5509.91,1,Net Banking,2025-07-17
2960,Stacy Phillips,Coimbatore,West,Sports,Football,16516.15,28.65,3383.64,2,Cash,2025-01-11
2961,Ryan Garza,Chennai,North,Sports,Gym Bag,33338.06,13.58,6125.71,4,Cash,2025-08-31
2962,Brent Brown,Madurai,South,Electronics,Smart Watch,31606.89,3.68,7012.78,4,UPI,2024-08-12
2963,Mary Gibson,Trichy,North,Groceries,Snacks,43925.84,13.43,7378.05,7,Card,2024-11-21
2964,Jenny Schultz,Coimbatore,North,Sports,Cricket Bat,28116.44,25.31,1891.77,3,UPI,2024-05-27
2965,Abigail Morris,Salem,West,Electronics,Mobile,42368.62,15.69,4293.39,7,Net Banking,2025-06-01
2966,Jody Robinson,Coimbatore,South,Groceries,Milk,42011.13,19.37,6887.96,3,Net Banking,2024-01-03
2967,Holly Rose DDS,Tirunelveli,North,Sports,Football,30362.42,3.62,1721.46,7,Net Banking,2025-06-09
2968,Robert Carr,Madurai,North,Groceries,Rice,11829.98,9.58,2191.14,5,Card,2025-02-11
2969,Sarah Christian,Trichy,East,Sports,Football,25572.31,14.66,4725.83,9,Cash,2024-07-14
2970,Eric Gaines,Coimbatore,West,Furniture,Table,5998.93,7.31,703.36,2,UPI,2025-06-02
2971,Matthew Robbins,Tirunelveli,South,Clothing,Kurti,21084.82,15.62,4727.22,8,UPI,2024-06-03
2972,Brian Wilson DDS,Trichy,West,Electronics,Mobile,1690.7,24.81,320.96,3,UPI,2024-12-30
2973,Samuel Olsen,Coimbatore,West,Electronics,Smart Watch,43926.39,25.98,5208.17,10,Card,2025-03-28
2974,Angela Lawson,Coimbatore,East,Furniture,Sofa,917.94,22.38,142.29,8,Net Banking,2025-07-22
2975,Stacey Estrada,Salem,West,Furniture,Cupboard,4383.16,10.77,313.49,9,Net Banking,2025-09-01
2976,Bryan Owens,Chennai,East,Furniture,Chair,7726.56,21.31,1823.95,9,Cash,2024-10-18
2977,Mr. Nathan James MD,Madurai,West,Sports,Football,5260.41,2.05,1134.66,8,Cash,2024-12-20
2978,David Ellis,Salem,West,Furniture,Table,14653.95,25.54,763.1,6,Cash,2024-07-15
2979,Sierra Hall,Chennai,East,Clothing,Jeans,11160.27,26.27,2482.68,9,Net Banking,2025-08-23
2980,Sergio Walton,Salem,East,Electronics,Headphones,43515.86,23.58,6461.05,4,Net Banking,2024-01-14
2981,Aaron Johnson,Salem,South,Electronics,Laptop,12119.22,10.92,2267.56,4,Net Banking,2025-10-13
2982,Susan Owens,Madurai,South,Electronics,Mobile,9438.67,8.01,1297.1,6,UPI,2024-02-07
2983,Hunter Lee,Chennai,East,Groceries,Rice,38175.41,10.44,6390.31,4,UPI,2025-01-05
2984,Jay Johnson,Chennai,North,Electronics,Laptop,34241.1,15.9,2179.08,8,UPI,2025-03-04
2985,Samantha Ellis,Tirunelveli,South,Clothing,Kurti,46816.4,27.23,2747.82,8,Cash,2024-05-06
2986,Matthew Morgan,Tirunelveli,West,Clothing,Kurti,44177.6,5.11,3401.97,6,Net Banking,2024-08-09
2987,Natalie Perez,Tirunelveli,North,Electronics,Smart Watch,27998.2,8.17,3281.09,2,Net Banking,2024-01-05
2988,Sean Hall,Coimbatore,East,Furniture,Sofa,14740.39,22.98,2673.19,7,UPI,2024-02-09
2989,Carly Skinner,Salem,North,Groceries,Snacks,4177.37,12.47,986.21,7,Net Banking,2025-08-02
2990,Samuel Goodman,Coimbatore,East,Electronics,Laptop,48913.19,8.26,5508.65,6,Net Banking,2024-06-03
2991,Melissa Barrera,Salem,North,Electronics,Mobile,27865.63,10.49,6000.57,9,Card,2024-01-26
2992,Marcus Nichols,Tirunelveli,West,Groceries,Rice,48996.29,16.44,7105.25,2,Net Banking,2024-06-15
2993,Mrs. Monica Roman,Salem,South,Clothing,T-Shirt,9922.9,4.82,1769.98,6,UPI,2024-07-29
2994,Jacob Fowler III,Trichy,West,Sports,Cricket Bat,38502.61,16.4,2950.84,3,Cash,2025-08-10
2995,Angela Norris,Salem,North,Clothing,T-Shirt,41062.7,24.34,2872.6,10,Net Banking,2025-01-10
2996,Jennifer Brown,Chennai,North,Clothing,Kurti,7805.92,22.41,735.22,8,Card,2025-02-03
2997,Louis Obrien,Madurai,East,Furniture,Table,23213.43,3.28,3074.9,6,Cash,2024-05-03
2998,Jonathan Carter,Tirunelveli,West,Clothing,Jacket,43386.9,27.05,4701.96,1,Card,2025-06-17
2999,Chad Carter,Coimbatore,North,Electronics,Laptop,21608.12,27.64,2507.76,7,Cash,2024-12-15
3000,Gregory Wood,Salem,South,Furniture,Sofa,43516.77,19.91,2478.44,2,Cash,2024-07-26
3001,Amy Daniels,Coimbatore,South,Sports,Cricket Bat,29542.47,28.74,5787.67,3,Cash,2024-08-06
3002,John Chung,Madurai,North,Furniture,Chair,47906.4,8.47,9282.53,4,UPI,2024-08-10
3003,Paul Johnson,Trichy,South,Electronics,Smart Watch,22009.45,27.5,4885.69,5,Cash,2024-06-30
3004,Erica White,Coimbatore,West,Furniture,Cupboard,19296.83,0.35,4380.34,8,UPI,2025-03-16
3005,Eric Dudley,Coimbatore,North,Clothing,Jacket,2432.24,9.37,376.17,7,Card,2024-08-15
3006,Michael Robinson,Coimbatore,West,Furniture,Chair,8757.87,23.41,881.93,2,Net Banking,2024-02-15
3007,Diana Burton,Tirunelveli,North,Furniture,Table,22936.94,24.09,5339.9,2,Cash,2025-12-26
3008,Vanessa Bell,Madurai,South,Furniture,Table,6853.77,21.34,1350.93,8,UPI,2025-01-12
3009,Gina Anderson,Madurai,North,Groceries,Milk,8635.77,6.57,687.38,7,Card,2024-10-07
3010,Joseph Hampton,Chennai,East,Sports,Cricket Bat,42970.66,19.57,8729.7,3,Net Banking,2024-01-11
3011,John Diaz,Tirunelveli,North,Sports,Shoes,28536.84,29.45,5647.37,5,Card,2024-03-18
3012,Keith Wolf,Chennai,North,Electronics,Headphones,35688.3,26.09,6014.82,5,Card,2024-10-16
3013,Mr. Robert Wheeler,Coimbatore,North,Clothing,Jeans,4877.41,14.95,261.18,10,UPI,2024-04-14
3014,Eric Bruce,Salem,West,Groceries,Milk,42159.16,9.11,8749.32,9,Cash,2025-04-06
3015,Brendan Stone,Coimbatore,West,Groceries,Milk,46706.29,10.21,10108.91,5,Net Banking,2025-11-14
3016,Kevin Yang,Chennai,East,Furniture,Chair,10008.27,29.61,1208.45,7,Net Banking,2024-12-05
3017,Sharon Dean,Salem,South,Electronics,Mobile,15023.08,4.96,2429.44,10,Card,2025-01-12
3018,Jon Nunez,Trichy,East,Sports,Cricket Bat,39904.93,4.24,6806.53,2,Net Banking,2025-02-01
3019,Alex Rodriguez,Chennai,West,Furniture,Chair,47077.26,14.83,8264.75,5,Cash,2024-07-21
3020,Ashley Powell,Madurai,South,Clothing,Kurti,13598.83,26.29,2728.32,7,UPI,2024-03-17
3021,Peter Allison,Chennai,East,Groceries,Oil,19404.21,6.69,3011.56,6,UPI,2025-07-09
3022,Elizabeth Hodge,Chennai,East,Sports,Shoes,9515.79,16.86,1676,8,Net Banking,2024-10-10
3023,Catherine White,Tirunelveli,East,Electronics,Headphones,41968.18,13.87,9666.12,8,UPI,2025-01-20
3024,Sydney Monroe,Chennai,North,Furniture,Table,8589.32,11.23,1460.21,8,Net Banking,2025-09-04
3025,Elaine Gray,Trichy,North,Sports,Gym Bag,17119.32,24.18,2302.41,4,UPI,2024-02-24
3026,Linda Todd,Coimbatore,North,Furniture,Cupboard,26307.88,23.73,6222.87,6,UPI,2025-11-07
3027,Robert Dean,Chennai,North,Clothing,Jeans,36013.88,19.83,7893.6,5,Card,2025-09-11
3028,Elizabeth White,Coimbatore,North,Clothing,Jeans,3905.22,13.81,815.61,8,Net Banking,2025-05-26
3029,Nancy White,Salem,East,Sports,Gym Bag,38963.38,16.51,4937.6,1,Cash,2024-08-05
3030,Timothy Smith,Trichy,North,Clothing,Jeans,33430.61,19.85,7480.47,6,Net Banking,2025-07-21
3031,Suzanne Robinson,Tirunelveli,West,Electronics,Headphones,40822.01,21.57,3238.27,7,Card,2024-05-04
3032,Kathy Pitts,Madurai,West,Sports,Football,14775.89,18.81,3241.71,9,UPI,2024-03-08
3033,Stacy Barrett,Trichy,South,Electronics,Laptop,22857.9,12.8,5568.92,9,Card,2025-11-06
3034,Tammie Tran,Chennai,North,Clothing,Kurti,34936.9,11.17,6414.14,10,Net Banking,2024-04-18
3035,Carl Swanson,Madurai,North,Furniture,Sofa,30068.29,23.95,4305.97,6,Cash,2025-03-27
3036,Cristian Davis,Tirunelveli,East,Furniture,Table,45554.26,25.15,11202.63,8,Cash,2024-12-29
3037,Jillian Anderson,Chennai,West,Clothing,T-Shirt,29340.22,13.01,4882.05,1,Card,2025-11-02
3038,Jennifer Taylor,Madurai,East,Sports,Football,18357.69,10.55,1827.97,10,UPI,2024-07-11
3039,Stacey Williams,Coimbatore,East,Clothing,Jacket,10653.41,10.26,982.85,9,UPI,2024-03-26
3040,Suzanne Wolfe,Madurai,East,Electronics,Smart Watch,12336.59,0.39,2129.88,9,Net Banking,2025-10-10
3041,Angela Robinson,Madurai,South,Furniture,Chair,25721.2,6.56,4794.26,1,UPI,2025-07-28
3042,Maria Martinez,Trichy,West,Sports,Shoes,39752.56,3.29,7572.12,7,Card,2025-02-13
3043,Tommy Daniels,Salem,West,Electronics,Mobile,48026.23,29.34,6195.88,4,Card,2024-08-05
3044,Leah Baker,Coimbatore,North,Clothing,Kurti,34440.59,4.08,4249.06,10,Cash,2025-04-30
3045,Holly Jackson,Madurai,South,Furniture,Sofa,1630.39,12,130.03,9,Cash,2025-07-19
3046,Jonathan Jacobs,Coimbatore,South,Groceries,Snacks,1111.95,20.24,277.59,9,Card,2024-08-08
3047,Paige Butler,Madurai,West,Groceries,Rice,9865.34,21.11,653.47,2,Net Banking,2025-10-02
3048,Makayla Briggs,Salem,East,Groceries,Snacks,44611.04,5.4,6178.5,9,Cash,2024-08-20
3049,Francis Johnson,Madurai,West,Clothing,Kurti,23893.42,21.35,5199.56,2,Net Banking,2025-11-19
3050,Megan Macias,Madurai,North,Electronics,Mobile,22837.6,4.35,2683.95,5,Net Banking,2024-10-23
3051,Erin Zimmerman,Chennai,West,Clothing,T-Shirt,48361.37,29.18,9339.47,6,Card,2024-07-14
3052,Mary Stone,Coimbatore,North,Groceries,Snacks,48119.65,24.8,5869.4,7,UPI,2024-11-07
3053,Scott Turner,Tirunelveli,North,Clothing,Jeans,14892.61,21.17,3057.05,6,Cash,2025-03-26
3054,James Clark,Salem,East,Groceries,Milk,40036.27,10.33,9386.42,7,Cash,2024-03-16
3055,Elizabeth Clark,Madurai,South,Electronics,Smart Watch,25809.75,12.82,1321.53,2,Net Banking,2024-07-16
3056,Jose Faulkner,Trichy,East,Groceries,Snacks,39180.21,24.6,5155.07,9,Net Banking,2024-12-14
3057,Kevin Barnes,Chennai,North,Clothing,T-Shirt,231.97,4.96,34.38,10,Net Banking,2024-02-23
3058,Katelyn Mclaughlin,Madurai,South,Sports,Football,31511.5,16.47,3626.76,4,Net Banking,2024-08-02
3059,Edward Bailey,Trichy,North,Electronics,Laptop,17406.28,28.92,1264.58,5,Cash,2024-11-07
3060,Rita White,Salem,North,Electronics,Mobile,10597.21,14.58,1889.1,9,UPI,2024-08-16
3061,Brenda Watkins,Trichy,North,Sports,Cricket Bat,14034.83,14.6,2189.76,9,Net Banking,2025-04-17
3062,David Alexander,Chennai,East,Clothing,Kurti,21167.85,26.92,3927.73,8,Cash,2024-04-22
3063,Connor Donovan,Coimbatore,North,Sports,Gym Bag,38190.56,19.78,6246.37,8,UPI,2025-12-20
3064,Pamela Jackson,Trichy,North,Electronics,Mobile,9508.67,29.38,706.05,8,Cash,2024-06-11
3065,David Jensen,Madurai,South,Sports,Cricket Bat,48655.55,24.28,8960.73,3,Card,2024-06-18
3066,Sean Fox,Coimbatore,South,Sports,Football,8147.43,3.42,1759.08,5,Cash,2025-07-20
3067,Donna Bishop,Salem,East,Groceries,Oil,253.62,20.25,53.63,3,UPI,2024-02-26
3068,John Dorsey,Madurai,West,Clothing,Kurti,30484.76,13.96,6716.06,4,Cash,2025-04-13
3069,Susan Stokes,Madurai,South,Furniture,Table,4827.6,23.89,495.51,3,Net Banking,2025-01-20
3070,Michael Morales,Tirunelveli,South,Clothing,Jacket,40147.91,11.84,9209.12,9,Cash,2025-10-16
3071,Danielle Jones,Tirunelveli,East,Clothing,T-Shirt,12626.28,16.06,700.38,9,Card,2025-08-17
3072,Michael Harris,Salem,South,Groceries,Milk,11441.96,15.16,2470.37,7,Card,2025-03-10
3073,Misty Scott,Salem,North,Clothing,Jeans,9838.44,25.31,2342.31,1,UPI,2025-06-08
3074,Brittany Casey,Trichy,South,Clothing,Jacket,42109.86,7.19,3843.1,9,Card,2025-11-09
3075,Misty Meyer PhD,Tirunelveli,West,Electronics,Smart Watch,668.32,8.73,158,6,Net Banking,2024-12-18
3076,Lauren Powers,Madurai,East,Sports,Football,23758.93,15.32,2397.62,9,Cash,2025-05-21
3077,Brianna Jefferson,Madurai,West,Clothing,Jeans,26546.68,5.88,6108.16,6,Net Banking,2025-06-28
3078,Paul Berry,Salem,North,Groceries,Milk,16493.24,25.51,937.64,10,Cash,2024-04-27
3079,Harold Davis,Chennai,East,Electronics,Laptop,36400.25,3.24,6764.98,6,UPI,2024-09-25
3080,Steven Grant,Trichy,South,Groceries,Oil,3119.64,2.64,289.21,10,UPI,2024-01-19
3081,George Gutierrez,Chennai,East,Sports,Gym Bag,41720.73,6.54,5075.08,8,UPI,2025-05-16
3082,Trevor Schaefer,Tirunelveli,East,Sports,Shoes,21516.12,28.04,3737.84,6,Net Banking,2025-08-29
3083,Maria Smith,Tirunelveli,West,Sports,Cricket Bat,5771.22,6.44,766.59,3,Net Banking,2025-06-02
3084,Joseph Joseph,Salem,North,Electronics,Headphones,10810.36,9.23,1472.76,9,Card,2025-10-15
3085,Beverly Moore,Madurai,West,Clothing,T-Shirt,33852.26,23.71,7956.25,4,Cash,2024-07-22
3086,William Myers,Trichy,East,Groceries,Milk,24585.31,20.55,4329.22,2,Card,2024-05-12
3087,Joshua Chung,Tirunelveli,East,Groceries,Oil,32077.17,29.14,2821.73,2,Cash,2025-07-30
3088,Derrick Wells,Madurai,South,Electronics,Smart Watch,11111.31,24.18,1260.04,8,Net Banking,2025-06-03
3089,Edward Miller,Madurai,West,Furniture,Sofa,20342.53,13.26,1700.61,4,Net Banking,2025-11-12
3090,Caitlin Powers,Salem,South,Groceries,Rice,43591.67,19.72,2903.09,4,Cash,2025-08-10
3091,Eric Maldonado,Trichy,North,Furniture,Cupboard,16043.25,8.96,2096.46,2,Card,2025-07-09
3092,Tracey Ramirez,Salem,West,Clothing,Jacket,14002.14,29.17,2771.13,8,Card,2024-04-08
3093,Tanya Clark,Chennai,West,Groceries,Rice,26943.63,18.82,2357.69,4,UPI,2024-01-07
3094,Andrea Jefferson,Madurai,West,Groceries,Snacks,675.07,4.26,162.01,4,Cash,2024-11-19
3095,Jennifer Jones,Tirunelveli,North,Furniture,Cupboard,26451.08,11.35,6587.65,2,Cash,2024-08-02
3096,Mrs. Angela Avila,Coimbatore,West,Electronics,Mobile,21575.86,19.76,1419.86,9,Net Banking,2025-07-06
3097,Justin Carrillo,Madurai,South,Clothing,Kurti,42100.93,9.88,2296.56,10,UPI,2025-07-07
3098,Jordan Richards,Salem,South,Sports,Cricket Bat,22858.78,24.19,3033.56,7,Card,2025-01-24
3099,Meagan Peterson,Trichy,East,Electronics,Laptop,41801.67,17.87,8299.51,2,Cash,2025-03-20
3100,Kimberly Robinson,Chennai,South,Electronics,Laptop,16508.86,15.18,1695.1,6,Net Banking,2024-01-29
3101,Megan Hernandez,Tirunelveli,South,Clothing,Jeans,11732.76,2.39,2756.7,10,UPI,2025-01-21
3102,Erica Hernandez,Coimbatore,South,Groceries,Rice,15018.74,2.24,2491.48,4,UPI,2024-02-07
3103,Linda Mckay,Chennai,South,Sports,Gym Bag,35730.33,15.55,6112.8,3,UPI,2024-09-02
3104,Heidi Harvey,Coimbatore,North,Groceries,Rice,1800.08,19.37,109.17,2,UPI,2025-05-22
3105,Whitney Stevens,Trichy,West,Electronics,Headphones,33157.61,24.25,1947.7,2,Cash,2025-04-09
3106,Hannah Hardin,Chennai,South,Furniture,Sofa,9741.25,22.68,1969.75,4,Net Banking,2025-11-08
3107,John Lambert,Tirunelveli,East,Electronics,Headphones,16709.02,19.76,3666.99,4,UPI,2024-05-28
3108,Jody Davis,Coimbatore,East,Clothing,Jeans,12465.66,27.5,718.97,10,UPI,2024-06-09
3109,Rebecca Rivera,Madurai,North,Groceries,Oil,44098.4,14.23,2274.53,1,Net Banking,2025-06-26
3110,David Jackson,Tirunelveli,East,Groceries,Milk,18818.17,11.49,2535.1,5,Cash,2024-01-21
3111,James Dominguez,Coimbatore,West,Clothing,Jeans,28297.27,3.5,3844.7,8,Net Banking,2025-05-04
3112,Evan Love,Madurai,North,Sports,Shoes,9532.24,16.94,1568.19,5,UPI,2025-09-05
3113,Andre Santiago,Chennai,North,Furniture,Sofa,31778.66,20.02,6308.35,1,Net Banking,2024-08-15
3114,Beth Martinez,Trichy,South,Furniture,Chair,29905.24,23.41,1797.97,10,Card,2024-08-15
3115,Jeffrey Kirby,Coimbatore,West,Clothing,Jacket,42621.33,15.08,7233.75,2,Net Banking,2025-06-16
3116,Susan Kelley,Coimbatore,North,Electronics,Smart Watch,47435.33,0.11,6880.9,1,Card,2024-12-10
3117,Thomas Weaver,Chennai,East,Furniture,Cupboard,41616.28,20.36,7350.71,1,Card,2024-10-20
3118,Dana Salazar,Coimbatore,West,Electronics,Mobile,9117.95,6.02,1719.07,2,Card,2024-03-01
3119,Jennifer Campos,Chennai,West,Electronics,Laptop,12118.57,14.35,2447.31,9,Net Banking,2024-09-22
3120,Andrew Rivera,Chennai,West,Groceries,Oil,48603.76,4.66,8516.58,3,Net Banking,2024-07-10
3121,Margaret Garcia,Chennai,North,Groceries,Oil,18889.06,27.14,2416.76,3,Net Banking,2024-11-09
3122,Nancy Scott,Coimbatore,East,Electronics,Smart Watch,1619.57,19.4,355.54,4,Cash,2025-02-11
3123,Julie Rodriguez,Tirunelveli,South,Furniture,Table,46109.26,17.22,4041.77,6,Net Banking,2024-06-12
3124,James Fletcher,Chennai,East,Clothing,Kurti,32289.88,10.9,7975.45,6,Net Banking,2025-08-04
3125,Wendy Roberts,Salem,East,Groceries,Oil,1989.66,15.43,436.56,4,Cash,2024-01-29
3126,Kenneth Huynh,Tirunelveli,South,Clothing,Kurti,23536.4,13.77,4855.95,6,Card,2024-05-17
3127,Dr. Lisa Garcia,Salem,North,Sports,Football,28244.81,18.64,6115.29,3,UPI,2025-11-02
3128,Rebecca Ward,Chennai,South,Clothing,Jacket,30638.23,3.17,6306.72,4,Net Banking,2025-01-05
3129,Veronica Martinez,Trichy,East,Clothing,Jeans,24518.35,9.66,3995.59,8,Cash,2025-09-04
3130,Randall Roth,Tirunelveli,East,Sports,Cricket Bat,46501.04,16.64,4908.89,5,Card,2025-10-03
3131,Jason Holloway,Madurai,North,Groceries,Milk,23992.84,8.28,4985.75,6,UPI,2025-07-19
3132,Clarence Wilson,Coimbatore,North,Electronics,Headphones,47384.93,8.93,9343.9,1,Net Banking,2025-01-05
3133,Margaret Washington,Madurai,South,Electronics,Headphones,43494.57,7.92,5803.14,2,Cash,2025-10-14
3134,Sean Clark,Trichy,North,Furniture,Table,26475.81,11.05,2005.35,3,Card,2024-09-07
3135,Andre Rhodes,Madurai,North,Electronics,Smart Watch,18616.16,13.07,1041.96,6,UPI,2024-01-12
3136,Benjamin Chan,Coimbatore,East,Groceries,Milk,2052.74,11.69,455.06,2,Cash,2025-02-19
3137,Rita Cruz,Tirunelveli,North,Electronics,Headphones,28073.46,0.95,5203.9,5,Net Banking,2024-07-15
3138,Logan Hudson,Chennai,North,Sports,Cricket Bat,36834.81,1.35,4718.25,4,Cash,2025-11-24
3139,Matthew Walker,Chennai,North,Electronics,Smart Watch,37748.15,22.5,8152.4,3,UPI,2024-09-11
3140,Stephen Lindsey,Madurai,South,Sports,Shoes,45559.76,25.7,10622.29,2,UPI,2024-12-27
3141,Barbara Smith,Salem,South,Clothing,Jeans,7968.47,15.8,1152.83,4,Net Banking,2025-07-10
3142,Megan Wilcox,Coimbatore,South,Groceries,Oil,48468.71,9.07,5684.47,3,UPI,2024-07-07
3143,Jeffrey Schneider,Trichy,West,Electronics,Laptop,26036.96,12.42,1841.09,5,UPI,2025-09-12
3144,Emma Lowery,Chennai,North,Furniture,Table,41351.25,6.14,8511.22,3,Card,2024-06-22
3145,Heather Berry,Tirunelveli,East,Sports,Cricket Bat,20746.29,26.63,2376.39,3,UPI,2025-03-25
3146,Lynn Moss,Trichy,East,Electronics,Smart Watch,3790.63,3.36,229.95,9,UPI,2025-01-20
3147,Stephanie Hudson,Chennai,East,Electronics,Laptop,22683.19,15.44,2129.94,2,Net Banking,2025-06-04
3148,Jonathan Mills,Trichy,South,Sports,Cricket Bat,26794.54,16.56,5715.96,9,Cash,2025-05-11
3149,Sarah Williams,Trichy,North,Clothing,Jeans,2836.94,4.86,592.05,5,Net Banking,2024-04-22
3150,Gary Miller,Tirunelveli,East,Groceries,Oil,11990.47,20.76,1801.3,7,UPI,2024-07-13
3151,Dr. Victoria Harris,Trichy,North,Sports,Gym Bag,49373.37,10.18,3202.52,8,Cash,2025-10-15
3152,David Johnson,Madurai,East,Groceries,Snacks,35150.27,12.35,2785.29,8,UPI,2025-06-16
3153,Gary Johnson,Madurai,North,Sports,Football,26510.07,10.09,1851,4,Card,2025-02-25
3154,Sara Mccarty,Tirunelveli,South,Furniture,Sofa,5572.48,4.8,330.43,6,Cash,2025-10-27
3155,John Nguyen,Trichy,North,Electronics,Laptop,33807.38,13.37,5927.07,7,Net Banking,2025-03-03
3156,Jeffrey Garza,Chennai,West,Sports,Cricket Bat,32910.8,9.43,5360.31,9,UPI,2025-03-31
3157,Shannon Stone,Trichy,North,Furniture,Table,11933.52,19.13,2765.99,10,Net Banking,2024-12-24
3158,Eric Montoya,Tirunelveli,North,Groceries,Milk,15450.17,13.78,3497.41,10,Net Banking,2024-10-10
3159,Jerry Barrett,Madurai,North,Furniture,Table,29098.22,8.4,1868.69,2,UPI,2025-04-29
3160,Luis Nguyen,Tirunelveli,North,Electronics,Smart Watch,36080.71,12.68,4351.53,4,UPI,2025-01-08
3161,Jessica Henry,Madurai,North,Furniture,Table,45584.83,7.79,9910.99,5,Cash,2024-12-29
3162,Laura Simpson,Trichy,South,Sports,Shoes,40214.34,28.03,5944.32,8,UPI,2024-08-27
3163,Douglas Smith,Tirunelveli,West,Sports,Shoes,4551.46,8.79,991.77,6,UPI,2024-09-09
3164,Kimberly House,Chennai,West,Groceries,Oil,27603.41,4.42,4042.9,4,UPI,2025-08-20
3165,Martha Parks,Trichy,North,Groceries,Milk,28576.36,12.83,1735.43,8,Cash,2025-06-03
3166,Eddie Mckenzie,Tirunelveli,North,Electronics,Headphones,42686.52,21.05,6546.21,4,Cash,2024-04-23
3167,Jessica Shaffer,Trichy,East,Groceries,Rice,44257.44,10.41,6105.33,10,Card,2025-11-27
3168,Martin Wells,Madurai,West,Clothing,Jacket,30568.19,25.15,6827.41,6,UPI,2024-10-05
3169,Justin Allen,Chennai,East,Electronics,Laptop,9723.48,5.67,1547.24,9,UPI,2025-12-03
3170,Aaron Hooper,Chennai,East,Clothing,Jeans,26059.78,4.85,2552.09,7,UPI,2024-04-05
3171,Kristina Wilson,Chennai,South,Groceries,Snacks,14679.24,26.52,1306.18,2,Card,2025-01-12
3172,Sean Rodriguez,Tirunelveli,West,Groceries,Rice,37712.58,3.43,4242.47,3,Net Banking,2024-06-23
3173,Phillip Rodriguez,Madurai,East,Electronics,Mobile,12602.72,27.66,1339.51,3,Card,2024-11-03
3174,Andrew Clark,Chennai,South,Groceries,Rice,3981.25,20.32,734.71,10,Net Banking,2025-03-07
3175,Joshua Sloan,Chennai,West,Electronics,Laptop,18907.4,17.18,1771.69,6,Cash,2025-05-23
3176,Vanessa Hanson,Madurai,East,Furniture,Cupboard,14603.6,0.81,2640.23,1,UPI,2025-04-20
3177,Kyle Ortiz,Coimbatore,North,Furniture,Table,24430.62,4.83,2115.98,7,Card,2025-01-24
3178,Adam Keith,Coimbatore,West,Furniture,Sofa,36867.44,2.88,2862.03,8,UPI,2024-03-26
3179,Latoya Scott,Coimbatore,South,Sports,Football,46732.92,7.7,6508.57,10,Cash,2025-04-04
3180,Michael Gray,Trichy,South,Clothing,Jacket,35869.5,6.65,8850.22,3,Cash,2024-12-29
3181,Jennifer Ponce,Coimbatore,North,Clothing,Kurti,35822.5,0.3,4237.33,9,Card,2025-04-17
3182,Brittany Russell,Madurai,South,Sports,Gym Bag,14877.03,17.96,1274.86,1,Net Banking,2025-07-26
3183,Heather Cantu,Tirunelveli,East,Groceries,Rice,42363.29,24.83,8923.98,5,Cash,2025-10-29
3184,Stacey Rogers,Coimbatore,North,Furniture,Chair,34096.37,15.19,3243.87,1,Card,2024-11-06
3185,Elizabeth Johnson,Trichy,West,Electronics,Smart Watch,11306.23,14.49,1685.26,5,Card,2025-01-03
3186,Jeremiah Gould,Madurai,North,Furniture,Cupboard,35978.45,4.99,8274.29,2,UPI,2025-08-28
3187,Renee Forbes,Coimbatore,North,Clothing,Kurti,28761.78,5.95,6972.66,2,Card,2025-06-30
3188,Miss Heather Taylor,Salem,East,Furniture,Cupboard,35183.08,29.64,2665.05,6,Net Banking,2024-02-13
3189,Richard Adams,Coimbatore,South,Clothing,Kurti,24085.57,8.11,5758.39,9,UPI,2025-01-08
3190,Dr. Julie Pierce,Madurai,West,Furniture,Cupboard,44596.04,26,3550.3,1,Cash,2025-09-20
3191,Mark Myers,Salem,South,Clothing,Jacket,10258.47,7.44,1237.23,3,UPI,2025-05-12
3192,Kimberly Bell,Coimbatore,South,Clothing,Jacket,34839.43,3.74,3999.65,6,UPI,2024-04-12
3193,Jessica Richardson,Trichy,West,Clothing,Jeans,16596.76,19.07,2726.35,5,UPI,2025-06-18
3194,Heather French,Chennai,North,Electronics,Headphones,34503.22,11.25,8209.02,5,Cash,2024-07-18
3195,Kristin Harrison,Madurai,East,Furniture,Cupboard,4761.06,0.78,828.93,3,Card,2025-11-18
3196,Carrie Baker,Chennai,North,Clothing,Jeans,35576.28,25.81,5507,10,Cash,2025-09-16
3197,Stephanie Taylor,Madurai,East,Sports,Cricket Bat,915.73,13.9,195.45,5,Net Banking,2024-11-10
3198,Kimberly Ryan,Madurai,South,Electronics,Headphones,5326.32,19.31,288.65,8,Net Banking,2025-01-24
3199,George Frank,Trichy,North,Clothing,T-Shirt,42002.04,0.89,4046.77,2,Net Banking,2024-10-19
3200,Jason Wise,Salem,South,Clothing,Kurti,6423.82,4.88,1461.53,7,UPI,2025-05-20
3201,Sara Martin,Tirunelveli,East,Sports,Shoes,21490.8,5.02,1491.54,9,UPI,2025-12-25
3202,Teresa Smith,Chennai,North,Clothing,Jeans,12940.69,22.26,1002.42,2,Card,2024-04-08
3203,John Perry,Salem,East,Clothing,Jeans,31886.83,20.19,2119.97,3,Card,2025-06-05
3204,Mr. James Watkins,Madurai,West,Electronics,Smart Watch,10240.33,19.02,1109.03,4,Card,2025-10-10
3205,Priscilla Gill,Trichy,North,Groceries,Oil,42147.97,6.18,5048.81,10,Net Banking,2024-05-20
3206,Scott Daniel,Salem,South,Sports,Football,43777.08,18.73,7042.02,6,Cash,2025-03-05
3207,James Clark,Chennai,South,Furniture,Table,44577.54,26.81,10474.55,8,Cash,2024-10-21
3208,Scott Coffey,Trichy,West,Clothing,T-Shirt,38619.91,28.62,7248.59,8,Net Banking,2024-05-08
3209,Jessica Ford,Coimbatore,East,Furniture,Cupboard,15144.84,13.92,3564.76,1,Net Banking,2024-04-26
3210,Emily Love,Chennai,South,Furniture,Sofa,6963.07,23.27,547.72,1,UPI,2025-01-05
3211,Lisa Weeks,Salem,South,Electronics,Headphones,43635.97,4.32,5982.05,1,Card,2024-06-27
3212,Valerie Ward,Trichy,West,Groceries,Milk,42462.36,29.02,3680.88,10,Card,2025-03-02
3213,Sylvia Allen,Salem,West,Furniture,Chair,45604.92,22.33,4311.2,2,Cash,2024-03-17
3214,Patrick Maxwell,Chennai,South,Furniture,Cupboard,43368.18,10.31,5964.54,4,UPI,2025-06-09
3215,Steven Green,Coimbatore,East,Electronics,Headphones,49625.75,2.27,8202.52,7,Cash,2024-09-27
3216,Dwayne Roberts,Trichy,North,Sports,Shoes,49490.73,25.11,11708.42,5,Card,2025-06-01
3217,Travis Griffin,Trichy,North,Sports,Shoes,39243.77,26.76,3037.77,10,Cash,2025-10-16
3218,Karen Anderson MD,Salem,East,Sports,Cricket Bat,24140.69,9.35,2817.61,9,Card,2024-12-26
3219,Michelle Morris,Tirunelveli,South,Electronics,Mobile,49327.46,5.32,7531.91,1,Cash,2024-05-04
3220,John Williams,Salem,East,Sports,Cricket Bat,1661.37,10.29,116.03,4,Card,2025-10-04
3221,Jon Sutton,Salem,East,Electronics,Laptop,42734.59,24.73,3794.61,7,UPI,2025-08-09
3222,Damon Hunter,Madurai,East,Electronics,Headphones,6935.56,1.23,927.92,7,Net Banking,2024-06-19
3223,Diane Jones,Salem,East,Sports,Shoes,5525.32,16.38,737.99,5,UPI,2024-05-12
3224,Jason Rodriguez,Tirunelveli,South,Clothing,Jeans,9350.94,21.56,1287.93,5,Card,2025-05-26
3225,Daniel Reyes,Tirunelveli,North,Groceries,Rice,29106.19,13.42,4512.25,9,Net Banking,2024-07-22
3226,Charles Adkins,Madurai,North,Sports,Cricket Bat,14346.84,8.58,2384.96,10,Net Banking,2025-06-06
3227,Leslie Carpenter,Tirunelveli,West,Furniture,Sofa,46821.27,28.41,5172.51,4,Card,2025-08-11
3228,Kimberly Walker,Salem,South,Clothing,Kurti,33580.22,28.24,6578.37,7,Cash,2025-09-25
3229,Tyler Hill,Salem,East,Electronics,Laptop,33397.17,15.4,7795.41,1,UPI,2024-12-06
3230,Frederick Tate,Tirunelveli,West,Clothing,T-Shirt,3023.03,1.15,521.73,7,UPI,2025-04-08
3231,Kenneth Jones,Madurai,East,Sports,Shoes,43450.34,3.47,10822.43,4,UPI,2024-12-02
3232,Richard Clarke,Salem,West,Clothing,T-Shirt,31648.48,2.17,1653.58,2,Net Banking,2024-11-17
3233,Crystal Jefferson,Coimbatore,West,Furniture,Table,1996.91,16.49,440.63,10,Cash,2024-03-31
3234,Benjamin Bailey,Tirunelveli,North,Furniture,Table,9204.66,28.33,1681.55,7,Net Banking,2024-08-16
3235,Heather Sloan,Chennai,East,Electronics,Headphones,41262.32,18.82,8676.47,4,Net Banking,2025-06-03
3236,Robert Austin,Coimbatore,East,Groceries,Milk,11598.79,8,1614.27,2,Card,2024-08-31
3237,Melvin Mendoza,Salem,West,Electronics,Laptop,18289.68,5.75,1228.61,1,Card,2025-02-11
3238,Laurie Church,Salem,North,Furniture,Table,4273.49,8.85,564.65,7,Card,2025-08-19
3239,Michael Oliver,Trichy,West,Electronics,Headphones,834.79,2.94,194.75,4,Cash,2024-04-20
3240,Jonathan Davis,Chennai,East,Groceries,Snacks,8796.66,28.6,1835.62,5,Card,2024-10-22
3241,Lisa Gilmore DVM,Tirunelveli,West,Electronics,Laptop,7163.62,24.21,479.26,3,UPI,2024-10-20
3242,Teresa Edwards,Salem,South,Groceries,Snacks,42328.12,4.62,6752.36,6,UPI,2024-02-17
3243,Mary Ramirez,Salem,West,Furniture,Sofa,23338.69,3.56,2879.8,6,UPI,2024-09-01
3244,David Conway,Madurai,South,Sports,Gym Bag,7592.91,29.26,915.94,5,UPI,2024-08-23
3245,Richard Wood,Madurai,West,Sports,Gym Bag,41840.54,0.59,5162.15,4,Cash,2025-10-22
3246,Jennifer Novak,Chennai,North,Sports,Gym Bag,48546.21,21.45,3957.58,7,UPI,2024-06-01
3247,Robert Edwards,Chennai,North,Groceries,Oil,9090.24,12.93,625.57,2,Card,2025-07-16
3248,Stephanie Lewis,Chennai,North,Furniture,Cupboard,6218.87,10.72,1167.34,4,UPI,2025-08-12
3249,Amanda Mclaughlin,Chennai,South,Sports,Gym Bag,35222.99,7.17,4805.9,10,Net Banking,2025-03-24
3250,Jessica Johnson,Coimbatore,South,Electronics,Laptop,34305.82,5.24,5848.86,8,Cash,2024-12-03
3251,Travis Ellis,Chennai,South,Furniture,Table,13267.72,16.4,1717.68,9,Net Banking,2024-03-29
3252,Jonathan Greene,Coimbatore,East,Furniture,Sofa,39203.92,0.75,3752.7,8,Net Banking,2024-11-03
3253,Jay Little,Madurai,East,Electronics,Mobile,14532.14,11.2,2520.7,6,UPI,2024-01-31
3254,Christopher Schroeder,Salem,West,Clothing,Jacket,3576.72,20.15,741.71,4,UPI,2025-09-23
3255,Mr. Adam Wong DDS,Chennai,North,Sports,Shoes,6372.55,24.31,1020.97,7,Card,2024-02-02
3256,William Bryan,Salem,West,Groceries,Rice,42987.63,25.18,4059.09,7,Cash,2025-12-07
3257,Kelsey Robertson,Trichy,East,Furniture,Sofa,2509.09,9.97,349.69,5,Card,2025-12-13
3258,Kristen Henderson,Chennai,West,Groceries,Milk,19185.52,2.7,2284.44,9,Card,2025-12-30
3259,Bobby Hendrix,Salem,East,Groceries,Oil,27881.4,2.43,6730.79,6,Cash,2025-03-22
3260,John Small,Trichy,South,Clothing,T-Shirt,43901.58,18.94,2385.09,4,UPI,2025-09-09
3261,Tyler Gross,Salem,South,Furniture,Cupboard,16791.48,20.19,3346.7,7,Net Banking,2025-08-01
3262,Joseph Shepherd,Chennai,South,Clothing,Jacket,34263.96,3.13,6601.27,2,UPI,2024-06-18
3263,Jeffrey Blair,Trichy,North,Sports,Football,29111.52,2.65,6606.88,10,Card,2024-09-25
3264,Valerie Hess,Salem,South,Clothing,Jeans,8963.27,13.45,997.63,7,UPI,2024-06-04
3265,Savannah White,Salem,South,Clothing,Kurti,1462.71,0.21,260.94,7,Cash,2024-08-10
3266,Claire Yates,Madurai,North,Groceries,Snacks,14700.32,20.66,2192.46,4,Cash,2025-03-01
3267,Carla Rivera,Trichy,East,Sports,Football,44728.23,17.42,8339.29,5,Cash,2024-08-17
3268,Cathy Ramos,Tirunelveli,North,Groceries,Milk,3243.35,8.32,459.23,1,UPI,2024-03-21
3269,Tara West,Tirunelveli,East,Clothing,Jeans,7434.78,25.35,619.93,5,Cash,2025-12-11
3270,Kristin Mendoza,Madurai,North,Groceries,Rice,20121.91,15.45,2209.03,3,Card,2025-08-12
3271,Donald Garner,Salem,West,Clothing,Kurti,26643.66,7.32,5244.26,6,Cash,2025-07-31
3272,Dylan Baldwin,Chennai,North,Sports,Football,43127.31,16.04,6670.21,7,Net Banking,2025-10-04
3273,Eric Evans,Coimbatore,South,Clothing,Jeans,1298.39,10.42,140.15,1,Cash,2025-07-22
3274,Caitlin Perry,Trichy,West,Clothing,T-Shirt,9455.57,18.72,1364.48,5,UPI,2024-01-13
3275,Theodore Mitchell,Coimbatore,West,Clothing,T-Shirt,9049.72,8.55,1165.05,1,Net Banking,2024-06-22
3276,Nicole Salazar,Coimbatore,West,Groceries,Snacks,7084.68,28.4,815.09,10,UPI,2025-12-23
3277,Charles Gray,Tirunelveli,North,Sports,Cricket Bat,42791.39,2.89,3725.33,9,Net Banking,2024-04-25
3278,Victoria Holland,Chennai,North,Sports,Football,5673.92,9.75,694.28,3,Net Banking,2024-02-28
3279,Mary Martinez,Tirunelveli,West,Sports,Shoes,23643.3,15.45,2457.13,7,Cash,2025-04-30
3280,Bethany Montes,Trichy,North,Electronics,Smart Watch,37615.58,29.89,6395.25,4,Cash,2025-12-14
3281,Allison Richardson,Madurai,East,Sports,Football,46147.36,3.78,5113.74,4,Net Banking,2024-04-12
3282,John Pearson,Chennai,East,Clothing,T-Shirt,10309.84,29.92,2143.76,8,UPI,2025-02-23
3283,Glenn Smith,Tirunelveli,East,Furniture,Cupboard,19932.33,23.74,2294.15,6,UPI,2024-05-02
3284,Andrew Leon,Tirunelveli,North,Clothing,Jeans,4106.63,13.91,228.18,5,UPI,2024-11-21
3285,Julia Hahn,Coimbatore,West,Furniture,Table,47601.47,8.03,8538.47,5,Net Banking,2024-01-28
3286,Charles Wells,Tirunelveli,South,Groceries,Oil,41298.52,28.69,10298.5,9,Cash,2024-12-19
3287,Crystal Jones,Chennai,North,Furniture,Table,42736.2,16.72,9332.62,2,UPI,2025-05-13
3288,Michael Medina,Salem,North,Furniture,Chair,28042.27,5.46,6065.45,7,Card,2024-02-22
3289,Jason Edwards,Salem,South,Sports,Shoes,19880.97,28.47,3671.71,9,Net Banking,2024-09-09
3290,Janice Doyle,Salem,South,Groceries,Snacks,32456.33,23.61,3291.35,10,Cash,2025-04-20
3291,Nathan Bradley,Madurai,East,Sports,Cricket Bat,29977.86,21.09,6682.52,1,Net Banking,2024-02-26
3292,Robert Wells,Coimbatore,West,Electronics,Mobile,3287.26,25.38,477.35,1,UPI,2024-09-24
3293,Joanna Shah,Trichy,North,Sports,Gym Bag,35572.62,9,6368.02,6,Net Banking,2024-02-02
3294,Alyssa Mason,Salem,East,Groceries,Milk,20699.28,19.65,3759.91,5,UPI,2024-08-04
3295,Joshua Watts,Salem,East,Clothing,Kurti,23941.96,25.3,5430.48,2,UPI,2025-09-16
3296,Stephanie Allen MD,Coimbatore,West,Sports,Gym Bag,45448.66,10.68,9489.59,8,Cash,2025-12-15
3297,Connie Martin,Trichy,South,Sports,Football,38999.7,3.6,6184.1,4,Card,2024-02-29
3298,Derek Zimmerman,Trichy,West,Clothing,Jeans,25148.18,20.9,1999.39,6,Card,2025-03-05
3299,Marissa Cohen,Coimbatore,East,Electronics,Headphones,6924.49,19.21,1291.26,10,Card,2025-08-04
3300,Jason Wallace,Madurai,South,Electronics,Headphones,21245.09,2.6,1961.16,10,Cash,2024-09-04
3301,Adam Patton,Coimbatore,East,Electronics,Smart Watch,34976.37,23.68,6446.03,4,UPI,2025-11-28
3302,Shawn Evans,Trichy,South,Sports,Shoes,10493.1,9.82,2138.85,6,Net Banking,2024-12-30
3303,Ryan Smith,Madurai,South,Sports,Cricket Bat,34226.94,9.1,7472.41,4,UPI,2024-01-16
3304,Brian Tapia,Salem,North,Electronics,Laptop,6885.52,13.45,1238.34,2,UPI,2024-12-24
3305,Cynthia Buchanan,Tirunelveli,North,Sports,Gym Bag,40289.14,1.54,9162.05,7,Cash,2025-12-15
3306,Jennifer Moss,Chennai,North,Clothing,Jacket,18419.51,16.15,3053.59,9,Card,2025-02-25
3307,Danielle Caldwell,Salem,West,Electronics,Headphones,22958.46,29.26,1814.22,4,Net Banking,2024-02-24
3308,Michael Giles,Tirunelveli,North,Clothing,Jeans,5198.13,6.79,363.59,1,Card,2024-02-10
3309,Nancy Knox,Madurai,North,Groceries,Rice,2438.8,8.99,473.02,3,Card,2025-01-05
3310,Justin Sanders,Trichy,North,Sports,Shoes,48197.53,7.3,8344.12,10,UPI,2025-11-20
3311,Alicia Chandler,Tirunelveli,North,Furniture,Chair,17561.81,27.91,1059.64,1,Card,2025-10-22
3312,Cindy Baldwin,Tirunelveli,West,Furniture,Sofa,31746.79,11.19,4434.91,4,UPI,2024-07-09
3313,Tina Collins,Coimbatore,East,Electronics,Headphones,27710.35,21.61,5335.09,10,Card,2024-04-30
3314,Roy Arnold,Chennai,South,Clothing,Jacket,36628.54,10.15,6945.93,3,UPI,2025-03-05
3315,Nicole George,Salem,West,Sports,Shoes,27367,24.12,4974.55,6,Cash,2025-12-07
3316,Mr. Mark Delacruz,Salem,West,Groceries,Rice,9326.23,10.84,1378.01,8,Card,2024-09-08
3317,Alex Shaw,Salem,South,Clothing,T-Shirt,38153.83,21.88,3481.26,2,Cash,2024-10-05
3318,Samuel Wallace,Coimbatore,North,Electronics,Headphones,22148.91,16.14,1571.94,8,Card,2025-06-12
3319,Joshua Barnes,Salem,East,Clothing,Jeans,30228.97,1.57,2587.13,7,Card,2025-11-07
3320,Mrs. Lisa Marshall DDS,Tirunelveli,East,Sports,Gym Bag,23850.92,29.76,4867.93,1,UPI,2024-04-02
3321,Kimberly Alexander,Salem,East,Furniture,Sofa,38126.01,26.03,8836.6,4,Cash,2025-01-04
3322,April Ward,Tirunelveli,South,Groceries,Oil,44305.12,12.88,3330.46,2,Card,2025-09-03
3323,Anna Miller,Chennai,North,Groceries,Rice,10679.75,20.97,796.82,4,Net Banking,2024-02-22
3324,Nicholas Edwards,Trichy,East,Sports,Shoes,38982.4,2.54,4201.03,6,Card,2024-10-04
3325,Christopher Conley,Madurai,East,Groceries,Snacks,2934.21,0.03,217.03,3,Card,2025-12-08
3326,Richard Mullins,Coimbatore,East,Clothing,Kurti,42341.26,28.38,7158.59,3,Card,2024-04-24
3327,Steven Duncan,Trichy,East,Clothing,Jacket,11164.59,7.58,2312.61,2,Card,2024-05-22
3328,Betty Gibson,Tirunelveli,North,Groceries,Oil,208.48,0.14,50.67,10,UPI,2024-07-27
3329,Bruce Mccormick,Chennai,East,Sports,Shoes,3421.03,24.36,449.59,2,UPI,2025-10-17
3330,Sandra Curtis,Madurai,North,Sports,Football,13746.57,20.86,2146.77,6,UPI,2024-03-10
3331,Katherine Cunningham,Coimbatore,West,Groceries,Oil,25495.15,6.07,1299.43,4,Net Banking,2024-12-28
3332,Jean Hobbs,Salem,East,Clothing,T-Shirt,46367.33,7.99,7286.45,5,UPI,2024-03-05
3333,Jeffrey Sullivan,Madurai,West,Groceries,Milk,31376.61,25.39,4415.69,10,Card,2024-05-14
3334,Jasmin Castillo,Trichy,East,Clothing,Jeans,28627.11,21.01,2825.52,6,Card,2024-11-12
3335,Christina Williams,Coimbatore,North,Sports,Shoes,36049.31,11.82,4240.93,5,Cash,2025-10-01
3336,Kevin Delacruz,Madurai,North,Electronics,Mobile,29815.3,14.1,5751.6,2,Cash,2025-09-18
3337,Christina Miller,Coimbatore,North,Clothing,Kurti,19806.18,23.67,1434.61,6,Card,2025-07-06
3338,Janet Wall,Coimbatore,North,Furniture,Sofa,29569.86,2.9,6623.54,7,Cash,2024-07-23
3339,Nichole Bishop,Trichy,West,Electronics,Headphones,16028.87,20.31,2583.25,8,Net Banking,2025-02-11
3340,Eric Montoya,Tirunelveli,South,Sports,Gym Bag,34574.7,2.58,2284.29,2,UPI,2024-01-22
3341,Deborah Hardy,Coimbatore,North,Electronics,Smart Watch,10733.83,16.84,2016.34,2,Net Banking,2024-10-04
3342,Eugene Marshall,Madurai,South,Clothing,Jacket,42662.76,18.48,8447.62,3,Cash,2024-07-29
3343,John Campos,Salem,South,Electronics,Mobile,7278.81,20.91,601.81,6,Net Banking,2025-07-03
3344,Jordan Jones,Madurai,South,Electronics,Laptop,39430.72,5.15,1987.5,3,UPI,2024-04-04
3345,Dustin Porter,Chennai,South,Sports,Gym Bag,13093.6,7.61,703.9,9,Cash,2025-02-05
3346,Daniel Blackwell,Coimbatore,West,Groceries,Milk,23530.58,21.6,5442.84,10,Card,2025-08-24
3347,Erica Brown,Madurai,South,Clothing,Kurti,19801.02,21.87,2139.82,1,Net Banking,2024-04-16
3348,Carlos Day,Coimbatore,West,Electronics,Smart Watch,31365.34,24.95,7342.63,7,Cash,2024-05-01
3349,Lisa Walters,Madurai,South,Clothing,Jeans,36281.75,0.29,3320.45,1,Net Banking,2024-11-21
3350,Randall Martinez,Tirunelveli,North,Sports,Gym Bag,14409.13,26.11,1382.25,1,Card,2024-04-27
3351,Angelica Lopez,Madurai,North,Clothing,T-Shirt,15404.12,29.94,1211.74,2,Card,2025-04-23
3352,Steven Jordan,Tirunelveli,East,Sports,Shoes,32036.86,4.31,2014.55,1,Cash,2024-06-25
3353,Kyle Davis,Trichy,East,Groceries,Oil,39155.94,22.93,4699.51,4,Net Banking,2024-01-10
3354,Sergio Duncan,Salem,East,Electronics,Smart Watch,21582.36,23.64,2465.87,8,Card,2024-07-11
3355,Kimberly Davis,Chennai,West,Electronics,Mobile,35285.43,10.7,2260.23,6,Net Banking,2024-11-05
3356,Pam Rodriguez,Tirunelveli,West,Furniture,Chair,16766.1,18.73,1748.85,5,Cash,2025-11-13
3357,Ann Strong,Trichy,South,Sports,Cricket Bat,44711.58,23.82,7943.58,3,Net Banking,2025-03-06
3358,Jennifer Brock,Trichy,North,Groceries,Oil,11137.53,2.8,1466.75,2,UPI,2024-09-15
3359,Dylan Clark,Salem,East,Sports,Shoes,21586.02,11.45,1812.77,10,Net Banking,2024-03-19
3360,Patricia Schultz,Tirunelveli,South,Electronics,Mobile,28007.55,18.03,4552.03,1,Net Banking,2025-12-19
3361,Daniel Jordan,Coimbatore,South,Groceries,Snacks,11556,20.05,2582.05,4,Net Banking,2024-11-19
3362,Teresa Davis,Coimbatore,East,Clothing,T-Shirt,10707.72,2.88,1995.49,1,UPI,2025-06-03
3363,Janice Wyatt,Coimbatore,South,Sports,Gym Bag,5620.11,14.62,601.83,2,Net Banking,2025-09-11
3364,Richard Huff,Coimbatore,South,Electronics,Laptop,8597.77,18.62,1659.19,6,Cash,2025-12-16
3365,Christina Valdez,Coimbatore,West,Groceries,Snacks,33567.32,10.11,3841.53,4,Card,2025-03-15
3366,Benjamin Odonnell,Salem,West,Groceries,Rice,15586.81,26.56,1482.01,5,UPI,2024-10-02
3367,Joseph Morales,Salem,South,Electronics,Headphones,12357.85,13.84,2486.36,1,Card,2024-06-08
3368,Tiffany Robinson,Tirunelveli,East,Furniture,Chair,15027.45,12.44,3418.06,1,UPI,2025-09-01
3369,Nicholas Hicks,Tirunelveli,North,Furniture,Sofa,22077.17,3.38,4544.81,4,Net Banking,2024-02-18
3370,Lisa Burns,Coimbatore,East,Furniture,Table,40952.96,1.76,3781.89,4,Net Banking,2024-08-01
3371,Rhonda Morgan,Chennai,South,Furniture,Cupboard,37643.84,4.07,6697.43,6,Net Banking,2024-02-29
3372,Eric Knight,Tirunelveli,East,Electronics,Smart Watch,29794.63,21.36,4491.46,2,UPI,2025-11-28
3373,Melissa Hernandez,Madurai,South,Groceries,Milk,41130.82,15.2,4987.15,3,Net Banking,2025-01-16
3374,Debra Sims,Salem,East,Groceries,Milk,11639.13,7.38,2904.51,8,Net Banking,2025-12-02
3375,Tammie Cruz,Salem,North,Groceries,Oil,14533.62,29.31,2488.52,8,UPI,2024-06-22
3376,Briana White,Madurai,North,Groceries,Milk,49462.86,19.39,8610.92,5,Card,2025-06-12
3377,Andrew Larsen,Tirunelveli,North,Electronics,Laptop,49822.49,2.22,6638.71,8,Net Banking,2024-02-20
3378,Melissa Rosario,Tirunelveli,North,Sports,Football,40803.24,19.84,6105.78,4,Cash,2024-03-21
3379,Patrick Thompson,Tirunelveli,West,Groceries,Milk,21978.25,13.76,3497.95,8,Cash,2024-12-08
3380,Deborah Johnson,Chennai,East,Clothing,Jacket,47161.6,24.32,2955.88,6,UPI,2024-04-02
3381,Christopher Nolan,Tirunelveli,North,Clothing,Kurti,24223.06,20.49,4161.88,10,Net Banking,2024-04-09
3382,Emily Webb,Chennai,South,Groceries,Snacks,44091.23,17.82,10401.77,5,Cash,2024-01-25
3383,Lindsay Downs,Tirunelveli,East,Electronics,Mobile,46858.9,27.47,4256.19,7,Cash,2024-09-13
3384,Mrs. Kimberly Lang,Tirunelveli,East,Electronics,Mobile,16828.43,29.11,1144.37,9,Net Banking,2024-08-06
3385,Sarah Cherry,Madurai,North,Sports,Shoes,34947.4,20.55,3253.02,3,Card,2024-03-24
3386,Kelly Lawson,Tirunelveli,East,Electronics,Smart Watch,23916.36,13.08,5305.42,8,UPI,2025-01-26
3387,Christopher Moore,Salem,West,Sports,Cricket Bat,14744.22,2.36,3576.4,1,Card,2025-11-04
3388,Mary Day,Salem,East,Clothing,Kurti,17168.78,16.34,1894.63,3,Card,2024-10-14
3389,Jason Patrick,Tirunelveli,North,Furniture,Chair,40234.89,9.67,5121.65,7,Cash,2024-02-11
3390,Wendy Rose,Tirunelveli,North,Sports,Cricket Bat,17105.83,7.91,2820.39,10,UPI,2025-05-06
3391,Lorraine Mooney,Madurai,North,Sports,Football,20606.54,9.68,2920.75,10,UPI,2024-01-04
3392,John Watson,Tirunelveli,East,Clothing,Jeans,3896.4,18.1,224.02,6,Cash,2024-09-27
3393,Kevin Wiggins,Trichy,North,Furniture,Chair,12042.18,11.38,1854.48,6,UPI,2024-08-02
3394,Nicole Sutton,Salem,North,Sports,Football,42768.36,1.17,10182.13,6,Net Banking,2024-10-20
3395,Michael Morgan,Trichy,West,Electronics,Smart Watch,38886.39,19.34,3290.25,8,Cash,2025-08-07
3396,Laura Smith,Chennai,South,Clothing,Jacket,34503.64,15.81,6450.63,4,Card,2025-01-15
3397,Ryan James,Trichy,East,Clothing,Kurti,3589.72,18.33,838.35,5,Card,2024-12-01
3398,Jeff Hughes,Madurai,East,Electronics,Smart Watch,45940.28,4.26,3322.21,6,UPI,2025-07-08
3399,Andrea Patterson,Madurai,South,Clothing,T-Shirt,5210.83,18.15,954.67,4,Net Banking,2024-05-18
3400,Maria Harris,Trichy,West,Electronics,Smart Watch,48590.35,4.68,10710.24,9,Cash,2024-01-27
3401,Karen Reyes,Madurai,East,Furniture,Cupboard,15372.33,7.31,1738.05,10,Net Banking,2024-08-15
3402,Alejandro Nelson,Chennai,North,Clothing,Kurti,6887.09,8.63,949.41,3,UPI,2024-09-20
3403,Curtis Gomez,Chennai,North,Furniture,Chair,28326.58,25.46,5862.29,3,Card,2024-05-06
3404,Juan Clark,Salem,South,Groceries,Oil,46367.24,5.12,2646.44,7,Card,2024-07-19
3405,Katherine Stanton,Tirunelveli,East,Sports,Football,24406.46,21.66,4325.42,10,Cash,2025-04-22
3406,James Davis,Coimbatore,West,Electronics,Smart Watch,47221.98,4.37,6421.19,7,Cash,2025-02-20
3407,Nicole Martinez,Salem,East,Furniture,Chair,37558.95,2.85,7765.04,4,Cash,2024-08-19
3408,Paul Ford,Trichy,North,Electronics,Laptop,5058.42,21.31,1136.48,10,Cash,2025-09-01
3409,William Jones,Tirunelveli,South,Clothing,T-Shirt,36633.61,26.95,5723.97,1,Card,2024-01-13
3410,Theodore Fox,Salem,West,Furniture,Table,38498.89,23.2,4598.2,9,Card,2025-07-01
3411,Brett Baker,Trichy,North,Sports,Football,6877.94,21.78,1273.01,6,Net Banking,2024-06-03
3412,Julie Alvarez,Chennai,South,Furniture,Sofa,19925.26,0.99,3421.12,9,Net Banking,2025-07-09
3413,Tracy Williams,Chennai,South,Groceries,Rice,20286.01,6.53,1215.1,2,Card,2025-03-09
3414,Adriana Ryan,Coimbatore,South,Clothing,Jacket,14783,0.24,3614.84,7,UPI,2024-12-22
3415,Stephen Rodriguez,Salem,South,Electronics,Smart Watch,31226.09,20.18,5223.64,5,Net Banking,2024-11-13
3416,Michael Diaz,Chennai,South,Sports,Gym Bag,30899.68,12.14,3104,4,Net Banking,2025-09-20
3417,Wendy Singh,Madurai,East,Electronics,Smart Watch,40415.24,7.91,4067.01,7,Net Banking,2024-09-07
3418,Donald Mclaughlin,Salem,North,Clothing,Kurti,31920.29,3.05,2745.12,2,Net Banking,2024-06-30
3419,Douglas Contreras,Salem,South,Furniture,Chair,33361.06,19.35,4636.11,10,Cash,2025-06-06
3420,Maurice Doyle,Salem,South,Groceries,Snacks,15717.18,19.08,1073.33,5,Card,2025-11-16
3421,Craig Dixon DDS,Madurai,North,Furniture,Sofa,12492.18,3.56,1413.76,2,Cash,2025-04-27
3422,George Smith,Madurai,West,Sports,Football,12211.65,6.49,1059.54,9,Cash,2025-02-04
3423,Ariel Clay,Trichy,West,Sports,Shoes,26058.5,27.35,2165.35,8,Net Banking,2025-07-04
3424,Edward Lopez,Madurai,West,Electronics,Headphones,41048.03,0.47,2081.98,2,UPI,2024-06-30
3425,Michael Taylor,Madurai,South,Clothing,Kurti,19881.58,5.04,1205.21,2,Card,2025-09-30
3426,Amanda Garner,Chennai,North,Sports,Shoes,18258.22,7.77,3462.96,4,Cash,2025-02-28
3427,John Taylor,Trichy,West,Furniture,Chair,12072.82,1.29,1529.25,4,Card,2024-07-19
3428,Shannon Ware,Salem,North,Groceries,Oil,46198.01,10.34,6266.73,10,Cash,2024-02-11
3429,Brenda Davis,Chennai,South,Sports,Cricket Bat,35164.12,1.14,6349.63,3,Cash,2025-02-12
3430,Carlos Bailey,Salem,South,Clothing,Jeans,10088.67,4.13,888.64,4,Cash,2024-04-18
3431,Devin Hicks,Madurai,North,Furniture,Cupboard,3262.09,26.75,683.62,5,Card,2024-06-17
3432,Tammy Young,Coimbatore,North,Furniture,Cupboard,27457.87,2.26,2260.28,1,Card,2024-10-07
3433,Ms. Amy Carpenter,Tirunelveli,West,Groceries,Rice,42507.5,18.41,4757.62,2,Card,2024-03-24
3434,Thomas Hall,Tirunelveli,South,Clothing,Jacket,37539.56,23.41,8228.17,1,Card,2025-08-07
3435,Rachel Reed,Tirunelveli,South,Sports,Cricket Bat,18993,26.36,4041.29,3,UPI,2024-07-22
3436,Daniel Chavez,Coimbatore,South,Groceries,Snacks,14159.35,17.12,820.25,4,Cash,2024-01-25
3437,Rita Lindsey,Tirunelveli,West,Electronics,Laptop,39903.6,11.11,5781.15,9,Card,2025-07-12
3438,Angela Scott,Coimbatore,North,Electronics,Smart Watch,32023.9,4.6,7575.09,6,Net Banking,2025-08-02
3439,Tiffany Barnes,Salem,South,Groceries,Rice,36058.77,8.79,6286.83,7,UPI,2024-11-04
3440,Travis Simmons,Madurai,East,Clothing,Jeans,34313.52,6.27,6892.28,10,UPI,2025-08-27
3441,Lauren Lee,Tirunelveli,East,Electronics,Laptop,10060.3,27.99,1131.69,8,UPI,2024-04-12
3442,Thomas Davis,Coimbatore,West,Groceries,Snacks,20460.96,15.01,2104.6,3,UPI,2025-10-31
3443,Gary Simmons,Tirunelveli,South,Clothing,T-Shirt,23483.6,29.87,3234.82,7,Net Banking,2024-04-02
3444,Charles Williams,Coimbatore,South,Furniture,Chair,24576.06,22.81,1908,1,Card,2025-11-03
3445,Stephanie Mccarthy,Salem,East,Electronics,Smart Watch,35203.72,6.11,5927.13,10,Cash,2025-09-14
3446,Beverly Wright,Trichy,North,Clothing,T-Shirt,33956.22,28.03,2885.4,2,Card,2024-09-29
3447,Jerry Short,Tirunelveli,West,Sports,Cricket Bat,27003.99,0.46,2764.46,5,Card,2024-06-11
3448,Jeffrey Robinson,Trichy,South,Groceries,Milk,11782.19,29.22,721.66,5,Cash,2024-09-06
3449,Rachel Vaughn,Trichy,East,Furniture,Table,22586.68,13.56,1808.33,1,UPI,2025-03-06
3450,Jordan Morrow MD,Coimbatore,West,Clothing,Jeans,41066.23,20.22,5578.04,9,Card,2024-12-19
3451,David Acosta,Madurai,East,Clothing,Jeans,20409.14,3.24,4662.56,8,Card,2025-12-27
3452,Sandra Hill,Chennai,West,Clothing,T-Shirt,30111.88,7.88,4671.08,5,UPI,2024-01-31
3453,Matthew Odom,Chennai,South,Sports,Cricket Bat,19339.04,13.91,3572.83,1,Cash,2024-02-13
3454,Andrew Hodges,Chennai,West,Furniture,Cupboard,15373.06,18.27,3039.14,4,Cash,2025-05-02
3455,Mitchell Kelley,Salem,South,Furniture,Table,33531.63,12.01,6863.22,7,Card,2025-03-31
3456,Joan Sullivan,Tirunelveli,East,Groceries,Oil,36512.78,10.17,2598.47,7,UPI,2024-10-01
3457,Robert Vargas,Salem,North,Sports,Shoes,48542.23,15.15,8534.63,5,UPI,2025-08-24
3458,Jeffrey Ponce,Salem,South,Clothing,Jeans,470.48,12.05,50.24,4,Net Banking,2025-10-09
3459,Heather Brown,Salem,South,Groceries,Snacks,24748.19,20.66,3655.6,10,Card,2024-09-13
3460,Heather Wilson,Chennai,West,Clothing,Jeans,16260.08,8.97,841.76,6,Net Banking,2025-11-13
3461,Katie Marsh,Coimbatore,North,Sports,Football,34580.05,29.68,4292.5,7,Cash,2025-02-17
3462,Kristina Thomas,Trichy,North,Sports,Football,21923.14,1.06,2599.81,9,Net Banking,2024-06-08
3463,Chad Lozano,Coimbatore,North,Furniture,Cupboard,46333.02,22.69,2650.87,1,UPI,2024-08-14
3464,Jesse Bryant,Tirunelveli,South,Clothing,Jeans,35312.59,10.25,3348.67,2,Card,2024-05-24
3465,Alexandra Collier,Tirunelveli,North,Clothing,Jeans,33473.65,13.48,1792.1,8,UPI,2025-10-21
3466,James Garcia,Coimbatore,West,Furniture,Cupboard,42570.28,18.81,6357.92,9,UPI,2024-07-17
3467,Melissa Hardy,Chennai,East,Clothing,T-Shirt,306.92,28.63,48.23,1,UPI,2024-07-26
3468,Lucas White,Madurai,West,Clothing,Jacket,42432.79,15.12,7088.15,7,Card,2025-10-31
3469,Elizabeth Hart,Tirunelveli,East,Clothing,Jacket,19535.51,3.84,2563.97,2,Card,2025-10-08
3470,Mia Gibson,Trichy,West,Furniture,Cupboard,17479.19,15.76,4031.66,5,Cash,2024-12-05
3471,James Barry,Coimbatore,South,Sports,Cricket Bat,23105.71,12.04,3976.36,4,Cash,2024-05-26
3472,Robert Huber,Trichy,North,Electronics,Smart Watch,26171.83,14.46,4255.52,8,Cash,2024-03-12
3473,Robert Johnson,Trichy,East,Furniture,Table,4651.29,13.48,881.49,10,UPI,2025-03-09
3474,Jessica Gibson,Chennai,West,Groceries,Rice,7387.82,24.8,1185.32,5,Card,2025-05-27
3475,Tammy Arroyo,Trichy,North,Furniture,Chair,47158.36,10.29,2489.84,10,Card,2024-10-01
3476,Michael Kennedy,Tirunelveli,South,Sports,Football,596.11,3.08,47.88,6,UPI,2025-12-08
3477,Michelle Mendoza,Chennai,South,Clothing,Kurti,5569.13,0.31,1266.19,5,Net Banking,2024-12-07
3478,Erin Gray,Madurai,North,Clothing,Jeans,30554.03,26.04,7549.3,1,Cash,2024-05-03
3479,Nicole Gallagher,Madurai,South,Sports,Football,34506.57,29.35,1895.98,9,UPI,2024-09-26
3480,Wendy Gibson,Madurai,North,Sports,Cricket Bat,28059.74,13.63,6928.99,8,UPI,2024-05-07
3481,Brian Robinson,Madurai,West,Groceries,Oil,43542.33,2.75,7977.14,10,UPI,2024-03-30
3482,Gabriel Daniels,Madurai,East,Furniture,Chair,38209.74,10.51,7176.22,7,UPI,2025-09-19
3483,Cody Dunn,Tirunelveli,South,Groceries,Oil,23894.33,27.16,3310.62,5,Cash,2024-03-30
3484,Alicia Johnston,Trichy,North,Electronics,Headphones,1030.03,20.59,207.25,3,Cash,2024-04-01
3485,Kyle Galvan,Salem,South,Furniture,Cupboard,32669.24,28.07,8133.59,2,UPI,2024-06-27
3486,Jose Hooper,Tirunelveli,South,Groceries,Milk,43431.83,5.28,10153.47,8,Card,2025-07-08
3487,Jeffrey Nixon,Madurai,West,Electronics,Mobile,25616.25,4.4,6372.93,10,UPI,2025-03-04
3488,Daniel Edwards,Trichy,North,Furniture,Table,24070.93,20.43,5121.44,5,Card,2024-03-27
3489,Mikayla Wood,Coimbatore,West,Groceries,Rice,18815.72,17.47,2447.61,9,UPI,2024-01-04
3490,Amanda Johnson,Coimbatore,North,Clothing,T-Shirt,14525.91,8.66,3129.36,6,Card,2024-04-27
3491,Drew Cline,Tirunelveli,West,Furniture,Table,13430.78,21.5,1097,7,Net Banking,2024-02-18
3492,Brandon Parks,Salem,South,Furniture,Sofa,15922.35,11.28,1763.91,2,Card,2024-09-16
3493,Allison Ortiz,Tirunelveli,North,Furniture,Table,679.83,28.44,58.36,8,Net Banking,2025-07-30
3494,Matthew Johnson,Tirunelveli,East,Clothing,Kurti,49417.65,12.1,7765.66,3,Card,2024-08-23
3495,Lori Charles,Madurai,East,Clothing,T-Shirt,46357.34,8.93,5376.58,5,Cash,2025-01-03
3496,Megan Johnson,Salem,North,Sports,Gym Bag,12025.84,17.99,2162.1,1,Card,2024-09-03
3497,Joshua Harmon,Salem,West,Furniture,Cupboard,47289.83,22.82,10055.16,6,UPI,2024-03-03
3498,Earl Matthews,Madurai,East,Electronics,Smart Watch,3001.01,9.77,393.27,10,Net Banking,2025-02-10
3499,Anne Mendoza,Madurai,South,Groceries,Rice,37334.52,10.05,8561.34,8,UPI,2025-10-29
3500,Megan Phillips,Salem,North,Groceries,Milk,34721.38,22.63,2291.79,8,Card,2024-12-21
3501,Diane Flores,Salem,West,Sports,Shoes,22825.21,17.53,2472.6,7,Net Banking,2024-10-02
3502,Suzanne Abbott,Salem,North,Electronics,Laptop,21473.73,16.45,3089.44,6,UPI,2024-06-19
3503,Susan Stafford,Trichy,South,Clothing,T-Shirt,19677.87,10.15,4255.11,8,Cash,2024-03-16
3504,Sergio Jackson,Madurai,South,Clothing,Kurti,5672.92,22.34,373.18,8,Card,2024-10-04
3505,Jared Wyatt,Coimbatore,West,Groceries,Snacks,12466.03,21.95,2858.62,2,Card,2025-08-25
3506,Robert Guerrero,Coimbatore,North,Sports,Football,7880.48,27.55,807.11,3,Card,2024-02-11
3507,Elizabeth Bowman,Coimbatore,South,Furniture,Cupboard,5113.74,12.93,976.97,7,Card,2024-03-20
3508,Nancy Montgomery,Chennai,North,Electronics,Laptop,31212.18,19.01,5320.15,3,Cash,2024-07-29
3509,Michaela Cardenas,Chennai,North,Clothing,Kurti,26897.94,29.63,6431.32,3,Card,2024-08-26
3510,Jason Lopez,Tirunelveli,East,Groceries,Oil,48504.76,0.45,4454.08,1,Net Banking,2024-12-25
3511,Leslie Yu,Chennai,East,Groceries,Snacks,9270.26,29.42,1794.65,6,Card,2024-03-25
3512,Stephanie Scott,Tirunelveli,North,Furniture,Table,2098.26,4.53,121.49,5,Cash,2024-04-08
3513,Robert Osborn,Madurai,North,Groceries,Rice,32413.19,6.56,6842.1,4,Cash,2025-09-04
3514,Anthony Scott,Chennai,West,Furniture,Table,34340.87,26.2,8196.81,5,Card,2025-05-01
3515,Joan Lee,Salem,West,Clothing,Jeans,6168.89,25.96,1371.7,6,Cash,2025-01-04
3516,Luis Bullock,Trichy,South,Groceries,Milk,2627.52,25.52,302.68,8,Cash,2024-09-14
3517,Martha Williams,Coimbatore,East,Clothing,Jacket,4693.02,24.47,726.24,7,Net Banking,2025-05-11
3518,Randy Joseph,Salem,East,Sports,Shoes,8351.55,14.94,438.34,9,UPI,2025-09-12
3519,Benjamin Norton,Chennai,South,Clothing,T-Shirt,23102.91,15.71,4277.56,6,UPI,2024-10-05
3520,Richard Diaz,Chennai,West,Electronics,Smart Watch,44749.1,28.1,10524,2,Card,2025-08-14
3521,Travis Whitaker,Madurai,West,Groceries,Milk,27024.66,29.3,5753.31,9,Cash,2024-11-28
3522,Benjamin Gates,Salem,South,Sports,Gym Bag,20978.27,17.67,4191.58,10,Card,2025-06-08
3523,Paul Lawson,Trichy,North,Sports,Football,44442.72,11.36,9686.56,3,Net Banking,2024-11-08
3524,Michelle Bowen,Salem,East,Clothing,T-Shirt,17141.89,10.11,1499.49,1,UPI,2025-07-13
3525,Carla Alexander,Madurai,East,Electronics,Smart Watch,12700.96,11.76,2380.24,8,Cash,2024-04-04
3526,Mary Monroe,Madurai,North,Groceries,Rice,32155.25,23.69,3739.81,10,Card,2025-05-06
3527,Lori Bryan,Coimbatore,North,Clothing,Kurti,1406.14,2.65,349.32,4,UPI,2025-07-10
3528,James Lopez,Chennai,North,Clothing,Jeans,43445.59,21.04,3189.7,3,Cash,2024-07-20
3529,Andrew Oliver,Madurai,West,Sports,Football,43255.52,20.39,3532.21,1,Net Banking,2024-12-15
3530,Thomas Anderson,Tirunelveli,West,Groceries,Milk,3282.51,4.55,361.12,5,Cash,2025-10-17
3531,David Wilson,Salem,South,Sports,Cricket Bat,39381.23,16.77,8509.37,3,UPI,2024-04-11
3532,Bryan Shields,Salem,South,Clothing,Jacket,40584.17,27.84,3789.91,3,Cash,2024-12-12
3533,Dominic Liu,Salem,East,Furniture,Sofa,40534.86,13.84,9418.36,8,UPI,2025-04-20
3534,William Lane,Coimbatore,West,Groceries,Snacks,40021.33,18.89,2888.14,8,Cash,2024-03-23
3535,Vincent Ray,Tirunelveli,West,Furniture,Chair,12046.32,1.42,1818.5,5,UPI,2025-07-29
3536,Samantha Ward,Madurai,West,Clothing,T-Shirt,33845.28,15.59,6674.47,2,Card,2025-06-18
3537,Stephen Lopez,Tirunelveli,North,Groceries,Oil,17484.8,18.68,1540.97,8,Card,2024-05-12
3538,Virginia Thompson,Trichy,East,Sports,Gym Bag,28918.28,7.55,4083.82,10,Net Banking,2025-05-17
3539,Renee Farmer,Trichy,East,Electronics,Mobile,3386.03,19.52,383.26,6,Cash,2024-10-21
3540,Tyler Blanchard,Chennai,North,Electronics,Laptop,15288.48,1.53,3218.22,6,Net Banking,2024-05-18
3541,Patricia Perry,Salem,East,Furniture,Chair,21268.71,28.74,4335.99,4,Net Banking,2024-01-23
3542,Erin Diaz,Tirunelveli,East,Furniture,Table,30339.91,22.85,5556.88,7,Card,2025-04-30
3543,Katie Jackson,Chennai,North,Groceries,Rice,36513.64,29.4,2970.53,1,Net Banking,2024-02-29
3544,Nathan Butler,Chennai,South,Clothing,T-Shirt,13644.83,2.37,2433.92,7,Card,2024-07-26
3545,Adam James,Coimbatore,West,Groceries,Snacks,6681.68,9.24,1631.34,2,Net Banking,2024-07-12
3546,James Barton,Trichy,West,Furniture,Chair,4568.65,29.05,1096.78,7,Net Banking,2024-12-12
3547,Michael Green,Tirunelveli,North,Clothing,Kurti,49709.37,7.9,5585.75,8,Net Banking,2024-05-09
3548,Jessica Payne,Tirunelveli,North,Clothing,Jeans,28447.01,17.62,3468.57,1,Card,2025-10-17
3549,Tony Henry,Chennai,North,Electronics,Smart Watch,23953.59,11.8,3950.17,9,Cash,2024-10-18
3550,Sarah Gonzalez,Tirunelveli,North,Clothing,Kurti,7487.74,16.09,508.35,1,UPI,2025-10-14
3551,Jessica Nunez,Tirunelveli,South,Electronics,Headphones,33314.97,1.08,7811.26,4,UPI,2025-12-04
3552,Monica Fisher,Coimbatore,North,Groceries,Oil,49839.32,24.97,9221.45,3,Net Banking,2024-09-26
3553,Jacob Stanley,Salem,West,Groceries,Rice,27044.66,16.56,2668.98,10,Net Banking,2024-11-18
3554,Allison Mendoza,Madurai,North,Electronics,Laptop,47987.27,4.31,11271.83,9,Card,2025-05-27
3555,Jose Kent,Trichy,North,Electronics,Headphones,32133.93,13.81,2275.74,10,Cash,2024-07-24
3556,Elizabeth Jordan,Salem,East,Clothing,Jeans,4344.86,3.69,861.12,3,Cash,2024-10-14
3557,Christine Jackson,Salem,East,Groceries,Snacks,510.24,7.59,117.66,6,Cash,2025-11-09
3558,Veronica Jensen,Madurai,North,Electronics,Mobile,11643.26,9.14,1370.34,5,Net Banking,2024-01-21
3559,Andrea Brown,Salem,South,Sports,Football,22422.45,22.17,4992.04,9,Cash,2025-05-30
3560,Amanda Burns,Salem,South,Furniture,Cupboard,49772.17,24.76,9597.37,6,Cash,2024-03-24
3561,Victoria Kim,Chennai,East,Clothing,Kurti,43084.96,15.91,9153.81,5,Net Banking,2024-04-06
3562,Daniel Rivera,Chennai,South,Groceries,Milk,33024.64,6,4332.31,9,UPI,2024-07-06
3563,Brian Allen,Tirunelveli,South,Clothing,Jeans,4623.04,18.86,875.21,2,Cash,2025-07-24
3564,Aaron Bennett,Salem,East,Groceries,Snacks,2665.81,2.91,358.54,1,Cash,2025-09-14
3565,Robert Diaz,Coimbatore,East,Sports,Gym Bag,8296.98,22.99,1849.75,5,UPI,2024-02-28
3566,Jennifer King,Salem,West,Sports,Gym Bag,9409.73,7.93,1031.12,3,Cash,2025-08-01
3567,David Miles,Salem,North,Sports,Cricket Bat,5341.35,9.94,891.77,9,Card,2024-09-02
3568,Amanda Moreno,Chennai,East,Groceries,Milk,44158.93,29.09,5396.85,6,Cash,2024-01-28
3569,Richard Smith,Trichy,West,Furniture,Chair,11257.88,3.46,1550.32,6,Net Banking,2024-05-02
3570,Donald Mcgrath,Salem,East,Groceries,Oil,11965.86,16.04,2173.92,8,Cash,2025-06-26
3571,Laura Smith,Madurai,East,Groceries,Rice,11888.58,14.49,747.87,2,Cash,2024-11-15
3572,Ann Stevens,Salem,South,Groceries,Rice,29517.57,12.66,5878.87,3,Cash,2024-03-04
3573,Patricia Schmidt,Tirunelveli,South,Electronics,Headphones,39349.07,26.16,4935.04,5,UPI,2024-01-09
3574,Abigail Payne,Salem,South,Electronics,Headphones,9341.51,1.92,1403.45,1,UPI,2025-11-03
3575,Brendan Chapman,Salem,West,Groceries,Rice,29511.57,3.77,2430.18,2,Card,2025-03-10
3576,Jesus Rivas,Salem,East,Sports,Cricket Bat,44913.74,5.96,9003.92,1,UPI,2025-09-18
3577,Jenna Huber DDS,Chennai,South,Sports,Shoes,40252.48,13.69,4726.32,8,Card,2025-08-23
3578,Laura Maldonado,Madurai,South,Sports,Gym Bag,39589.36,4.88,9879.2,10,UPI,2024-06-08
3579,Mrs. Ashley Ali,Chennai,East,Furniture,Cupboard,21344.35,7.37,1183.11,7,Net Banking,2024-02-05
3580,Suzanne Wilcox,Trichy,North,Clothing,T-Shirt,7815.3,22.26,1256.11,1,Net Banking,2024-06-30
3581,Melissa James,Salem,South,Sports,Cricket Bat,46390.99,10.12,5891.77,7,Net Banking,2025-02-17
3582,Jennifer Singh,Salem,North,Clothing,Jeans,8462.5,17.61,1635.8,9,Cash,2025-05-23
3583,Joseph Sharp,Madurai,North,Groceries,Oil,43548.59,2.32,3493.46,3,Cash,2025-05-24
3584,Michael Larson,Madurai,West,Groceries,Milk,21427.76,13.72,4020.06,9,Cash,2024-06-11
3585,David Johnson,Chennai,West,Electronics,Laptop,45146.21,2.17,5625.77,4,Net Banking,2024-02-25
3586,Tammy Dunn,Salem,West,Sports,Shoes,40843.32,15.24,5501.94,9,Net Banking,2024-08-18
3587,Jack King,Chennai,South,Electronics,Mobile,14165.5,18.21,1957.94,8,Net Banking,2024-07-21
3588,Jaclyn Smith,Coimbatore,South,Groceries,Oil,18854.25,10.59,3634.35,1,Net Banking,2025-05-29
3589,Dawn Rodriguez,Salem,South,Electronics,Mobile,15479.3,1.31,2270.01,7,Net Banking,2025-06-07
3590,Jessica Pierce,Chennai,South,Groceries,Milk,16148.1,0.12,2792.69,8,UPI,2025-05-25
3591,Mike Marquez,Madurai,North,Clothing,Jeans,13642.13,7.5,1552.78,4,UPI,2025-08-22
3592,Thomas Moreno,Salem,North,Clothing,Kurti,21848.05,7.92,2211.54,4,Net Banking,2024-08-11
3593,Erica Wang,Coimbatore,East,Sports,Gym Bag,13154.82,16.14,806.21,3,Net Banking,2024-03-12
3594,Steven Gonzalez,Madurai,South,Furniture,Sofa,23821.66,19.14,4419.33,10,UPI,2024-11-03
3595,Zachary Sanders,Coimbatore,West,Groceries,Snacks,4262.25,12.33,628.74,1,Card,2025-04-06
3596,Nancy Wilkins,Coimbatore,West,Furniture,Chair,33959.66,3.89,6544.63,8,Card,2025-04-21
3597,Courtney Smith,Coimbatore,West,Furniture,Sofa,33851.86,8.07,7062.5,5,UPI,2025-07-02
3598,Michael Reilly,Salem,East,Sports,Football,21414.63,8,1188.06,4,UPI,2024-03-03
3599,Marissa Caldwell,Coimbatore,South,Furniture,Chair,13435.74,2.34,3106.09,3,Cash,2025-11-13
3600,Jerry Burgess,Madurai,West,Sports,Cricket Bat,9996.89,13.07,2399.86,7,Net Banking,2025-06-02
3601,Pamela Russell,Trichy,North,Clothing,T-Shirt,39081.97,21.62,9728.15,6,Cash,2024-01-28
3602,Kevin Stevens,Coimbatore,North,Electronics,Headphones,30251.85,14.91,5871.64,3,Net Banking,2025-03-23
3603,Karen Smith,Tirunelveli,West,Clothing,Kurti,20507.36,25.19,1600.25,8,Card,2024-09-23
3604,Jonathan Davis,Salem,North,Electronics,Headphones,20269.15,8.76,1957.06,8,Cash,2025-04-09
3605,Marissa Thompson DDS,Tirunelveli,West,Clothing,Jacket,43887.87,27.56,10066.73,1,Card,2024-02-07
3606,Lisa Wong,Tirunelveli,East,Furniture,Sofa,21413.68,0.45,4384.86,5,Card,2025-10-11
3607,Erik Hernandez,Salem,South,Sports,Shoes,13620.33,9.8,1681.34,5,Card,2025-10-14
3608,Timothy Simmons,Trichy,South,Groceries,Oil,38720.91,18.42,5642.83,4,Card,2024-11-19
3609,Kyle Richardson,Tirunelveli,North,Groceries,Rice,1247.48,2.05,297.83,8,Net Banking,2025-01-12
3610,Amber Williams,Trichy,West,Electronics,Smart Watch,12811.42,9.98,2066.08,5,Card,2025-07-02
3611,Sherri Odom,Coimbatore,East,Furniture,Cupboard,43245.38,29.39,6836.79,2,Cash,2025-08-23
3612,Leon Yu,Salem,North,Electronics,Smart Watch,49302.13,1.08,5372.82,3,Card,2024-08-07
3613,Alexandria Wagner,Trichy,South,Clothing,Kurti,22221.69,7.74,5440.74,4,Card,2024-05-18
3614,Isabella Norris,Tirunelveli,West,Clothing,Jeans,43541.77,13.54,8692.44,8,Card,2024-06-22
3615,Timothy Castillo,Salem,North,Groceries,Snacks,42866.31,16.1,2344.41,1,Cash,2024-08-21
3616,Michael Lee,Salem,East,Sports,Cricket Bat,10586.97,2.68,1129.6,3,Card,2024-01-01
3617,Michael Long,Tirunelveli,East,Clothing,Jacket,44805.15,16.19,10079.56,10,Net Banking,2024-06-30
3618,Robert Cruz,Coimbatore,South,Furniture,Table,28372.9,21.83,5599.28,10,UPI,2024-10-15
3619,Kara Molina,Salem,South,Clothing,Jacket,9075.66,9.28,678.61,6,Cash,2024-03-02
3620,Michael Murray,Chennai,South,Clothing,Kurti,49960.85,1.45,7826.56,5,Net Banking,2025-01-26
3621,Jose Perry,Salem,West,Clothing,Jacket,21902.67,18.96,4644.53,2,UPI,2025-03-14
3622,Martha Page,Madurai,West,Groceries,Milk,24710.6,5.3,3311.74,4,UPI,2025-08-31
3623,Melanie Mullen,Coimbatore,East,Groceries,Snacks,33961.02,13.04,4935.58,8,Card,2024-07-28
3624,John Baker,Salem,West,Sports,Football,47299.45,19.82,8630.97,1,UPI,2024-07-01
3625,Diana Mcdonald,Trichy,West,Furniture,Cupboard,18135.42,0.63,3348.62,6,Card,2024-07-26
3626,Patrick White,Coimbatore,North,Electronics,Smart Watch,29818.7,6.56,5556.26,5,Net Banking,2025-08-29
3627,Tracy Smith,Madurai,West,Sports,Gym Bag,11619.8,26.04,2230.05,2,UPI,2025-02-04
3628,Kayla Sims,Chennai,North,Groceries,Rice,28575.55,7.72,4849.26,10,Card,2024-09-22
3629,Adam Owens,Salem,East,Electronics,Headphones,4623.03,6.99,276.71,4,Net Banking,2025-11-09
3630,Alexis Brown,Coimbatore,North,Electronics,Smart Watch,23824.44,25.08,2409.26,10,UPI,2025-06-22
3631,David Davis,Madurai,East,Electronics,Laptop,23045.12,24.54,3233.93,8,Cash,2024-01-10
3632,Elizabeth Carson,Madurai,West,Furniture,Chair,2815.34,4.32,316.81,2,Cash,2025-07-20
3633,Emily Meadows,Coimbatore,North,Sports,Gym Bag,8553.48,22.12,1276.88,2,Net Banking,2024-02-16
3634,Ricky Perry,Tirunelveli,West,Sports,Shoes,49938.37,17.48,7856.8,2,Net Banking,2024-04-18
3635,Tami Kim,Coimbatore,North,Groceries,Snacks,12323.01,9.11,816.91,7,UPI,2025-10-15
3636,Jacqueline Anderson,Tirunelveli,North,Electronics,Laptop,29177.65,22.15,2369.5,9,UPI,2025-01-13
3637,Elizabeth Pena,Salem,South,Electronics,Mobile,12325.61,11.25,906.28,7,Net Banking,2025-06-16
3638,Robert Bates,Tirunelveli,East,Electronics,Headphones,47360.19,20.85,10256.04,2,Net Banking,2025-06-10
3639,Destiny Odonnell,Coimbatore,North,Furniture,Table,44308.9,14.29,10392.17,6,Net Banking,2025-03-07
3640,Nicholas Johnson,Chennai,East,Furniture,Sofa,16953.85,16.43,3899.82,5,Cash,2025-08-17
3641,Tyler Frank,Salem,East,Clothing,Jeans,15220.58,1.17,3062.86,8,UPI,2024-10-10
3642,Angela Clark,Tirunelveli,North,Sports,Shoes,17388.4,22.26,3219.28,6,Cash,2025-07-11
3643,Timothy Perkins,Tirunelveli,South,Sports,Shoes,13387.31,2.92,2116.27,2,UPI,2024-08-26
3644,Taylor Thompson,Tirunelveli,East,Sports,Cricket Bat,1180.47,9.96,62.98,2,Cash,2024-12-17
3645,Ian Collier DDS,Tirunelveli,West,Electronics,Laptop,36809.46,3.6,5953.19,10,UPI,2025-07-27
3646,Dustin Williams,Tirunelveli,West,Clothing,Jeans,388.1,0.21,83.41,3,Cash,2025-03-25
3647,Jennifer Paul,Coimbatore,East,Electronics,Headphones,34439.69,19.21,8052.01,10,Cash,2025-08-08
3648,Margaret Davis DDS,Coimbatore,East,Furniture,Chair,6597.85,19.16,1038.25,4,Card,2025-12-29
3649,Summer Carter,Salem,North,Furniture,Sofa,18869.87,9.41,2011.3,2,Cash,2024-07-05
3650,Bruce Stevens,Trichy,North,Sports,Football,20471.61,18.88,2375.96,1,Card,2025-07-06
3651,Mrs. Michelle Lowery,Madurai,East,Furniture,Chair,45066.91,19.47,9014.16,1,Cash,2024-11-29
3652,Melissa Meyers,Madurai,North,Electronics,Headphones,24734.33,2.18,2636.34,8,Cash,2024-11-19
3653,Lori Davis,Madurai,North,Sports,Shoes,47941.98,7.54,8722.89,9,Card,2024-11-27
3654,James Campos,Madurai,North,Groceries,Milk,5032.95,1.47,1204.25,8,Cash,2025-08-26
3655,Sandra Bridges,Coimbatore,South,Furniture,Sofa,4706.03,2.34,601.13,3,Card,2025-06-26
3656,Jeffrey Turner,Salem,South,Sports,Shoes,17625.25,24.05,3119.04,6,Card,2025-07-18
3657,Michael Davila,Trichy,South,Clothing,Jacket,24077.65,28.07,3436.49,1,Cash,2025-09-02
3658,Mark Brooks,Tirunelveli,West,Clothing,Jeans,33927.44,26.67,2634.44,7,Card,2025-10-24
3659,Robert Sanchez Jr.,Tirunelveli,South,Sports,Football,28691.17,10,2692.03,6,Cash,2025-12-22
3660,Matthew Mclaughlin,Salem,South,Sports,Football,26607.06,10.77,1349.28,9,UPI,2025-05-16
3661,Joseph Hampton,Salem,North,Furniture,Cupboard,45703.07,10.66,9064.07,3,Net Banking,2024-08-03
3662,Amy Murphy,Trichy,South,Clothing,Jeans,22403.75,23.35,3958.89,6,Net Banking,2024-09-27
3663,Mary Morales,Trichy,East,Electronics,Laptop,35976.73,13.39,7347.25,2,Card,2024-05-25
3664,Mr. Frederick Martinez,Madurai,South,Clothing,Kurti,23734.7,9.97,1383.18,1,Net Banking,2025-11-23
3665,Denise Greene,Trichy,South,Clothing,T-Shirt,7591.38,21.59,1511.99,7,Net Banking,2024-08-02
3666,Denise Cummings,Madurai,South,Electronics,Headphones,34400.76,18.14,8447.89,5,Card,2024-12-07
3667,Christian Anderson,Coimbatore,South,Furniture,Cupboard,18668.35,5.38,1395.6,1,UPI,2025-08-31
3668,Mary Tucker,Madurai,South,Groceries,Milk,4464.9,16,1009.45,5,Net Banking,2025-09-03
3669,Curtis Hernandez,Tirunelveli,East,Electronics,Mobile,38431.02,26.11,7634.47,6,UPI,2024-04-29
3670,Latoya Hernandez,Trichy,South,Electronics,Headphones,48260.82,17.06,5273.49,1,UPI,2024-11-15
3671,Gregory Barrett,Coimbatore,East,Sports,Cricket Bat,21203.15,16.01,4046.04,3,Net Banking,2025-08-28
3672,Haley Patel,Tirunelveli,East,Clothing,Kurti,4578.82,10,824.32,10,Card,2024-07-05
3673,Ashlee Smith,Tirunelveli,East,Furniture,Table,45093.45,6.86,5988.05,6,Cash,2024-09-09
3674,Nathan Jordan,Trichy,North,Furniture,Chair,23770.24,29.96,5231.98,9,Cash,2024-05-04
3675,Sherry Davis,Salem,East,Groceries,Oil,17291.26,7.96,1930.62,4,Cash,2024-05-23
3676,Garrett Kennedy,Tirunelveli,North,Furniture,Cupboard,13289.22,19.36,1192.59,1,UPI,2024-11-26
3677,Madeline Miller,Madurai,West,Sports,Cricket Bat,15459.15,12.31,2099.14,5,Card,2024-01-11
3678,Alexander Montoya,Coimbatore,East,Electronics,Mobile,40879.86,16.14,9720.5,4,Cash,2025-11-26
3679,Richard Savage,Tirunelveli,West,Clothing,Jeans,9510.66,12.07,1296.63,7,Net Banking,2025-08-17
3680,Jasmine Price,Madurai,East,Furniture,Cupboard,14226.83,17.7,2553.01,8,Net Banking,2025-10-19
3681,Allen Rivera,Madurai,South,Furniture,Chair,15729.45,13.63,1888.02,2,Cash,2025-04-09
3682,Chad Castaneda,Madurai,East,Sports,Cricket Bat,16074.03,22.11,2718.91,5,Card,2024-09-26
3683,April Williams,Trichy,North,Electronics,Laptop,47695.59,10.47,11394.84,2,UPI,2024-03-17
3684,Stephen Davis,Salem,North,Clothing,T-Shirt,31258.68,3.31,7229.1,5,Cash,2024-08-29
3685,Danielle Lopez,Tirunelveli,West,Clothing,T-Shirt,31167.36,20.09,5437.48,10,Net Banking,2024-01-16
3686,Matthew Bennett,Chennai,North,Sports,Shoes,15114.39,27.77,773.71,4,UPI,2025-12-02
3687,Eric Gomez,Trichy,East,Clothing,Jacket,40751.44,26.73,2536.94,1,Net Banking,2024-11-15
3688,Jacob Duarte,Madurai,West,Sports,Gym Bag,40555.99,22.41,3352.21,2,UPI,2025-01-23
3689,Tina White,Madurai,North,Sports,Football,40885.76,0.01,10086.78,1,UPI,2024-04-06
3690,Thomas Williams,Chennai,West,Furniture,Table,47682.26,0.44,3100.27,8,Card,2025-10-06
3691,Brian Lawrence,Tirunelveli,South,Sports,Cricket Bat,32682.07,25.98,2683.33,7,Net Banking,2024-01-09
3692,Kelly Lee,Tirunelveli,West,Clothing,T-Shirt,9288.65,17.55,1972.21,8,Card,2025-08-08
3693,Kyle Dawson,Salem,East,Groceries,Oil,23213.4,26.07,5454.62,7,Cash,2025-01-20
3694,Sydney Jackson,Tirunelveli,West,Groceries,Rice,30287.36,23.14,2121.26,1,Card,2025-09-02
3695,Wendy Smith,Chennai,East,Electronics,Smart Watch,36371.93,3.25,6041.82,9,Card,2025-06-08
3696,Robert Davidson,Salem,North,Electronics,Mobile,46928.26,3.78,5516.22,7,Net Banking,2025-02-26
3697,Alexandra Lewis,Coimbatore,East,Clothing,Jeans,49551.95,19.46,2479.79,4,Card,2025-08-16
3698,Tonya Patterson,Chennai,South,Groceries,Oil,48673.95,23.57,3432.75,8,UPI,2025-04-24
3699,Steven Miller,Trichy,West,Clothing,Jeans,2404.08,1.79,529,1,Card,2024-04-15
3700,Jacob Brewer,Salem,West,Furniture,Chair,13241.24,4.72,1645.45,10,Net Banking,2024-01-09
3701,Kara Castillo,Coimbatore,North,Clothing,Jeans,32235.45,28.27,5053.91,5,Cash,2025-10-07
3702,Benjamin Turner,Chennai,North,Groceries,Milk,41670.6,6.88,4492.07,4,Cash,2024-05-14
3703,Alyssa Estrada,Tirunelveli,East,Electronics,Smart Watch,47617.38,10.58,6464.07,1,UPI,2025-11-27
3704,Leslie Owens,Chennai,East,Furniture,Table,39870.31,19.36,6141.77,10,Net Banking,2025-03-16
3705,Daniel Riley,Madurai,East,Clothing,T-Shirt,33812.29,17.84,4532.4,3,UPI,2024-11-16
3706,Jennifer Bradley,Chennai,East,Clothing,Jeans,14680.82,3.02,991.11,10,Cash,2025-11-17
3707,Jonathan Bennett,Tirunelveli,West,Electronics,Headphones,24801.39,25.28,4664.78,8,UPI,2025-12-14
3708,William Avila,Trichy,South,Clothing,T-Shirt,7403.96,28.55,646.75,1,Card,2025-08-15
3709,Carrie Davis,Trichy,North,Clothing,Jacket,24317.66,13.53,3469.28,8,Card,2024-01-04
3710,Joseph Oconnor,Trichy,West,Furniture,Table,3166.52,0.97,267.41,10,Card,2024-02-03
3711,Richard Duran,Coimbatore,South,Groceries,Milk,3319.15,8.31,755.76,7,Net Banking,2025-08-16
3712,Michelle Johnson,Coimbatore,South,Sports,Shoes,2386.41,27.66,454.46,2,Net Banking,2024-04-27
3713,Sierra Dillon,Madurai,North,Groceries,Oil,39458.11,12.5,5345.97,6,UPI,2024-07-09
3714,Kyle Nelson,Coimbatore,North,Electronics,Laptop,45294.66,7.01,11075.41,8,UPI,2024-04-01
3715,Joe Robinson,Tirunelveli,South,Groceries,Snacks,25478.5,17.94,3066.16,4,Card,2024-07-12
3716,Paul Barrera,Chennai,North,Sports,Football,14679.39,27.57,1596.64,8,Card,2024-10-15
3717,Andrew Schwartz,Trichy,South,Groceries,Rice,26079.89,2.1,3659.68,6,Cash,2024-11-01
3718,Eddie Moran,Madurai,North,Groceries,Rice,3202.98,6.47,249.19,8,UPI,2025-04-14
3719,Henry Blankenship,Coimbatore,South,Furniture,Chair,19172.49,14.64,2210.47,8,Cash,2024-05-09
3720,Carrie Harrell,Chennai,West,Groceries,Rice,31179.64,4.32,7015.89,3,UPI,2025-02-11
3721,Robert Dunn,Coimbatore,East,Sports,Cricket Bat,24448.21,4.33,3365.42,1,UPI,2025-03-09
3722,Kyle Hughes,Coimbatore,South,Groceries,Milk,14091.32,2.96,3120.2,10,UPI,2024-10-26
3723,Katherine Sanchez,Coimbatore,East,Clothing,Kurti,35392.88,12.54,7600.92,8,Net Banking,2025-01-18
3724,Sharon Watkins,Salem,North,Electronics,Smart Watch,43183.25,20.87,9716.6,8,Card,2024-12-01
3725,Megan Rodriguez,Coimbatore,East,Furniture,Cupboard,39575.29,9.11,2599.68,9,Net Banking,2024-04-29
3726,Phillip Wright,Tirunelveli,South,Sports,Cricket Bat,24939.81,5.26,3698.55,7,Cash,2025-01-25
3727,Grant Reynolds,Coimbatore,East,Clothing,T-Shirt,33769.22,10.24,8226.54,2,Card,2024-01-27
3728,Brittany Hicks,Coimbatore,East,Electronics,Laptop,45062.62,16.63,5414.56,4,Card,2025-03-30
3729,Christopher Curtis,Coimbatore,South,Groceries,Snacks,26530.5,4.54,1511.99,2,Net Banking,2024-06-02
3730,Thomas Hall,Madurai,West,Groceries,Rice,43718.6,21.03,8257.92,7,Net Banking,2024-08-11
3731,Christopher Meadows,Tirunelveli,North,Groceries,Oil,10535.44,3.11,629.61,1,UPI,2025-08-28
3732,Pamela Silva,Chennai,West,Groceries,Snacks,18017.3,11.66,2123.57,5,Net Banking,2024-08-16
3733,Stephanie Diaz,Trichy,West,Groceries,Snacks,33605.07,11.3,6168.15,3,Cash,2024-03-22
3734,Loretta Martin,Chennai,East,Electronics,Laptop,36592.94,10.77,5204.39,7,Cash,2025-10-30
3735,Joseph Ramirez,Madurai,West,Sports,Cricket Bat,28370.44,24.07,2222.81,6,Card,2025-06-29
3736,Anthony Hinton,Chennai,North,Sports,Shoes,42943.3,21.73,2948.18,4,UPI,2024-12-15
3737,Erin Bailey,Tirunelveli,West,Sports,Gym Bag,24079.47,19.35,3813.88,1,Net Banking,2024-01-25
3738,Jodi Durham,Madurai,East,Sports,Football,27738.96,17.82,6844.68,9,UPI,2025-09-01
3739,Dustin Smith,Chennai,East,Furniture,Chair,574.9,6.56,35.42,6,Net Banking,2024-01-12
3740,Brian Williams,Chennai,West,Furniture,Cupboard,5234.89,21.35,290.31,9,Card,2025-04-27
3741,Angela Anderson,Chennai,South,Groceries,Oil,10428.72,15.7,1574.76,9,Net Banking,2024-07-23
3742,Mark Welch,Madurai,South,Clothing,Jeans,14546.4,0.66,916.04,10,UPI,2024-06-20
3743,Shawna Mcfarland,Salem,West,Groceries,Rice,12447.83,9.21,2121.9,7,Card,2025-11-17
3744,Casey Cooper,Chennai,West,Sports,Gym Bag,47239.22,22.7,6129.05,2,UPI,2025-06-06
3745,Jessica Perez,Trichy,East,Furniture,Table,28720.16,8.49,2796.05,1,Net Banking,2024-10-02
3746,Micheal Mason,Madurai,East,Clothing,T-Shirt,28813.67,25.75,2960.17,9,UPI,2025-02-24
3747,James Smith,Trichy,West,Groceries,Oil,43684.7,14.83,4177.14,6,Cash,2025-04-05
3748,Amy Yates MD,Trichy,East,Clothing,T-Shirt,36907.93,24.54,5295.18,7,Net Banking,2025-04-03
3749,Kelli Quinn,Salem,North,Electronics,Headphones,11589.62,10.15,2495.66,8,Card,2025-03-29
3750,Michael Gibson,Chennai,North,Furniture,Chair,27821.94,1.13,3105.47,1,Cash,2024-08-05
3751,Sara Stephens,Trichy,West,Groceries,Rice,34198.69,25.26,3266.91,5,Net Banking,2024-12-14
3752,Mrs. Lorraine Newman,Trichy,North,Clothing,Jacket,3532.42,13.73,296.2,7,Cash,2024-06-22
3753,Mark Greene,Salem,South,Groceries,Milk,43141.81,19.81,2273.65,1,Net Banking,2025-06-15
3754,Timothy Cunningham,Tirunelveli,South,Sports,Gym Bag,46128.32,25.92,8627.1,1,Net Banking,2025-07-16
3755,Kimberly Wolf,Chennai,West,Electronics,Smart Watch,47685.8,11.33,6195.44,2,Card,2024-02-15
3756,Stacy Williams,Chennai,East,Groceries,Milk,44026.92,11.93,7858.3,6,UPI,2025-12-13
3757,Mr. Frank Johnson Jr.,Chennai,South,Groceries,Oil,31467.8,19.01,3860.41,8,Card,2025-03-14
3758,Rachel Thomas,Coimbatore,South,Clothing,Kurti,49704.8,7.49,11079.7,4,Card,2024-05-10
3759,Katherine Salas,Trichy,West,Sports,Shoes,12367.29,18.14,1691.18,10,UPI,2024-03-09
3760,Anthony Ruiz,Chennai,North,Furniture,Chair,18117.99,26.18,1522.19,8,Card,2025-10-26
3761,Kimberly Gordon,Salem,West,Groceries,Milk,6737.03,15.57,678.44,10,UPI,2024-11-01
3762,Levi Hardy,Salem,South,Furniture,Table,25235.99,25.17,3509.94,10,Card,2025-05-22
3763,Martha Hunt,Trichy,West,Clothing,Jeans,32892.54,15.42,6688.8,9,Cash,2024-03-12
3764,Thomas Moran,Tirunelveli,East,Clothing,Kurti,21674.5,27.62,5261.04,1,Net Banking,2024-01-28
3765,Brian Brown,Chennai,East,Furniture,Sofa,16260.87,9.39,1024.13,3,UPI,2025-11-10
3766,Paul Beard,Tirunelveli,South,Groceries,Milk,9400.02,23.26,2295.33,8,Net Banking,2024-08-17
3767,Nancy Greene,Salem,South,Furniture,Chair,38680.37,13.42,4878.75,5,UPI,2024-08-13
3768,Laurie Boyd,Coimbatore,North,Clothing,Jacket,16508.87,6.88,1076.04,5,Cash,2024-10-09
3769,Megan Oconnor,Coimbatore,South,Furniture,Chair,47286.83,20.23,3193.11,4,Card,2025-06-14
3770,Meredith Mullins,Tirunelveli,North,Sports,Shoes,19455.7,1.22,4616.88,10,UPI,2024-04-21
3771,Melissa Waters,Tirunelveli,East,Furniture,Chair,1764.83,25.78,326.03,6,UPI,2025-02-26
3772,Mindy Mitchell,Tirunelveli,East,Furniture,Cupboard,33340.66,14.44,3532.44,4,Card,2025-06-23
3773,Jasmine Madden,Trichy,East,Sports,Cricket Bat,43864.45,11.5,2220.65,5,Net Banking,2025-03-21
3774,Brett Glenn,Coimbatore,West,Clothing,Kurti,19102.47,13.38,4400.93,5,UPI,2024-05-22
3775,Michele Powell,Madurai,North,Groceries,Rice,20185.08,1.31,4922.19,10,Net Banking,2025-03-09
3776,James Potter,Trichy,West,Groceries,Snacks,16744.61,13.16,1420.03,3,Card,2024-02-22
3777,Michael Lynch,Madurai,East,Sports,Football,15447.33,3.01,969.86,6,Net Banking,2024-10-06
3778,John Thornton,Trichy,East,Electronics,Laptop,22831.45,23.21,4564.93,4,Card,2024-11-28
3779,Jasmine Mcpherson,Trichy,West,Furniture,Cupboard,2857.94,29.23,533.78,9,Cash,2025-10-07
3780,Amy Gomez,Madurai,East,Groceries,Rice,23363.88,23.76,3046.35,9,UPI,2024-12-09
3781,Debra Campbell,Salem,South,Furniture,Cupboard,42642.12,3.64,8310.39,10,Cash,2024-09-12
3782,Corey Owens,Madurai,East,Groceries,Snacks,36090.99,4.8,8808.39,1,Net Banking,2025-11-05
3783,Benjamin Robinson,Trichy,West,Electronics,Smart Watch,12370.37,23.82,1695.88,3,Card,2025-10-03
3784,Alicia Logan,Chennai,East,Sports,Cricket Bat,34976.66,26.42,4995.16,10,UPI,2025-04-20
3785,Aaron Gilmore,Madurai,South,Clothing,Jacket,48228.62,27.69,4452.39,1,Card,2025-02-15
3786,Latoya Higgins,Madurai,South,Groceries,Rice,36344.55,19.41,4378.01,1,UPI,2024-10-29
3787,Adam Brown,Salem,West,Groceries,Snacks,46116.82,1.01,3264.08,7,UPI,2025-01-07
3788,John Miranda,Madurai,North,Clothing,Jeans,14389.23,21.83,1947.02,2,Net Banking,2024-03-25
3789,Karen Hernandez,Coimbatore,South,Groceries,Milk,21230.06,23.19,1450.77,7,Card,2024-11-22
3790,Bailey Brown,Trichy,West,Clothing,Jeans,8087.4,4.21,1235.89,6,Cash,2024-09-11
3791,Shannon Zimmerman,Madurai,East,Furniture,Sofa,36753.91,0.54,5408.67,4,Card,2024-07-03
3792,Kyle Bartlett,Coimbatore,East,Clothing,Jeans,545.99,10.34,77.48,3,Cash,2024-04-29
3793,Jennifer Martinez,Salem,West,Sports,Cricket Bat,24766.6,21.72,2544.41,4,Net Banking,2025-04-26
3794,Antonio Miller,Chennai,West,Furniture,Cupboard,35817,9.65,4415.06,4,UPI,2024-02-20
3795,Perry Leon,Salem,North,Furniture,Chair,33920.86,13.78,6420.71,6,Cash,2025-10-19
3796,Connie Palmer,Madurai,North,Sports,Gym Bag,28408.5,8.47,4679.05,2,Cash,2025-01-31
3797,Kathryn Rodriguez,Salem,South,Groceries,Rice,27263.75,6.3,5650.54,10,UPI,2024-04-19
3798,Andrew Wade,Trichy,North,Electronics,Smart Watch,27622.25,12.58,4659.18,3,Net Banking,2025-08-23
3799,Hector Escobar,Coimbatore,West,Clothing,Kurti,20179.94,19.31,4709.59,9,Card,2024-04-13
3800,Scott Pratt,Coimbatore,South,Sports,Cricket Bat,8201.03,20.62,1762.66,5,UPI,2025-09-24
3801,Kayla Todd,Chennai,South,Electronics,Laptop,20870.54,14.68,4098.64,8,UPI,2025-07-11
3802,Billy Figueroa,Coimbatore,West,Clothing,Jeans,44185.47,20.09,6281,9,Net Banking,2024-02-29
3803,Austin Richardson,Trichy,North,Electronics,Mobile,26134.55,15.51,5405.55,9,UPI,2025-10-31
3804,Amy Gonzales,Coimbatore,North,Clothing,Jacket,3900.83,12.38,510.79,6,Net Banking,2024-11-09
3805,Timothy Manning,Chennai,North,Electronics,Mobile,8870.08,21.22,1903.24,9,UPI,2025-03-04
3806,Charles Jones,Madurai,West,Electronics,Laptop,36588.32,8.49,7035.37,10,UPI,2024-08-22
3807,Gabrielle Jacobs,Trichy,East,Electronics,Mobile,3821.77,15.14,226.7,5,UPI,2024-06-23
3808,Carl Collins,Coimbatore,South,Furniture,Cupboard,10631.67,2.18,2371.63,1,UPI,2025-02-09
3809,Christine Nichols,Tirunelveli,South,Furniture,Chair,45913.2,26.15,3187.29,10,Cash,2025-04-22
3810,Kimberly Young,Madurai,North,Electronics,Mobile,16545.55,7.14,1976.61,3,Card,2025-10-05
3811,Sarah Lopez,Salem,East,Groceries,Milk,23511.24,21.46,1274.72,5,Card,2025-02-17
3812,David Mcknight,Tirunelveli,North,Sports,Football,21752.41,25.46,1243.8,5,Net Banking,2024-12-20
3813,Angela Carey MD,Salem,North,Sports,Cricket Bat,4425.26,2.26,789.98,7,Card,2025-11-14
3814,Nathaniel Duran,Salem,West,Clothing,Jeans,3894.93,28.32,932.93,4,UPI,2024-04-05
3815,Cameron Calhoun,Chennai,West,Furniture,Sofa,371.01,23.51,33.25,9,Card,2024-04-15
3816,Vickie Baker,Trichy,East,Sports,Football,14608.38,11.28,1483.69,2,Card,2024-04-03
3817,Shannon Barrett,Salem,South,Clothing,Jeans,35224.65,2.53,3036.79,10,Cash,2024-08-02
3818,Christina Johnson,Salem,South,Furniture,Table,45488.17,6.51,5400.5,9,Card,2024-02-23
3819,William Johnson,Trichy,North,Electronics,Laptop,13135.65,0.21,2848.27,5,Cash,2024-06-11
3820,Daniel Cruz,Tirunelveli,North,Electronics,Mobile,24132.3,9.84,6031.35,8,Card,2025-06-26
3821,Richard Ashley,Tirunelveli,South,Clothing,Jacket,15762.4,1.29,2346.62,7,Net Banking,2025-02-01
3822,Susan Martinez,Madurai,East,Furniture,Table,45218.78,19.62,10132.64,2,Cash,2024-03-20
3823,Jordan Cuevas,Tirunelveli,West,Sports,Football,8425.71,23.19,1097.72,6,Cash,2025-12-28
3824,George Raymond,Madurai,South,Sports,Shoes,22495.33,29.66,4587.08,10,Net Banking,2025-01-01
3825,Jill Hudson,Chennai,South,Groceries,Milk,23977.07,11.88,4986.83,6,Cash,2024-09-05
3826,Mariah Young,Coimbatore,West,Groceries,Oil,43530.26,8.79,8189.46,2,UPI,2025-12-06
3827,Deborah Wilson,Madurai,West,Furniture,Chair,24138.25,26.16,2966.01,6,UPI,2025-07-01
3828,Brian Price,Chennai,East,Furniture,Sofa,10007.25,28.98,806.83,10,Net Banking,2024-10-24
3829,Lindsay Alexander,Trichy,East,Sports,Football,22284.04,0.6,2265.88,3,Cash,2025-03-09
3830,Colton Walton,Tirunelveli,West,Sports,Gym Bag,7743.23,3.58,1583.31,4,Cash,2024-04-20
3831,Cody Ford,Tirunelveli,South,Clothing,T-Shirt,11202.84,28.13,1230.26,5,Net Banking,2025-06-13
3832,Cassandra Boyle,Coimbatore,South,Furniture,Table,15448.58,29.95,1422.39,6,UPI,2025-11-13
3833,Alejandro Wilson,Coimbatore,North,Clothing,Jacket,26511.07,6.69,2713.94,9,UPI,2024-05-12
3834,Wendy Acevedo,Tirunelveli,South,Groceries,Oil,40814.68,22.08,4802.59,9,Card,2024-10-06
3835,Bryan King,Tirunelveli,West,Furniture,Chair,26146.19,8.22,3623.35,4,Net Banking,2024-10-12
3836,Jessica Freeman,Tirunelveli,North,Groceries,Milk,39144.39,9,2552.91,5,UPI,2025-04-17
3837,David Pennington,Tirunelveli,West,Sports,Cricket Bat,10732.73,1.38,983.46,10,Net Banking,2024-12-20
3838,John Peterson,Coimbatore,North,Groceries,Snacks,18354.83,4.27,3223.05,7,Card,2025-04-18
3839,Tommy Ramirez,Chennai,South,Groceries,Snacks,7955.55,27.85,1203.54,3,Card,2025-07-29
3840,Amanda Murphy,Coimbatore,East,Sports,Cricket Bat,28525.63,1.65,6183.98,6,Net Banking,2025-02-24
3841,Douglas Hamilton,Salem,East,Groceries,Oil,9147.34,25.43,766.98,2,Cash,2024-07-11
3842,Rachel Meyer,Coimbatore,North,Electronics,Laptop,40052.07,17.78,4363.8,8,UPI,2024-10-24
3843,Clifford Bird,Trichy,South,Groceries,Snacks,10993.34,11.46,2058.36,7,Card,2024-05-05
3844,Emma Jennings,Coimbatore,West,Groceries,Rice,5154.52,14.16,945.82,9,UPI,2024-04-11
3845,Laura Johnson,Coimbatore,East,Clothing,T-Shirt,27626.33,18.13,2355.18,10,Cash,2024-05-31
3846,Cindy Todd,Chennai,West,Groceries,Snacks,39735.22,27.95,4142.76,6,UPI,2024-09-09
3847,Paul Nicholson,Madurai,South,Clothing,Kurti,31324.77,7.83,2459.13,5,Card,2024-08-24
3848,Aaron Steele,Trichy,West,Groceries,Oil,11877.06,10.01,2810.52,3,Net Banking,2025-07-05
3849,Michele Romero,Salem,South,Clothing,Jeans,38691.53,1.85,8892.26,4,Net Banking,2024-11-20
3850,Tammy Cook,Trichy,North,Clothing,T-Shirt,48784.61,1.59,5778.91,9,UPI,2024-04-05
3851,Susan Beasley,Trichy,North,Groceries,Snacks,24191.91,8.39,2625.69,8,Cash,2025-06-01
3852,Christian Hansen,Salem,East,Clothing,T-Shirt,9968.22,14.45,761.32,6,Cash,2024-07-21
3853,Emily Gilbert,Salem,West,Furniture,Table,8164.52,27.69,507.69,3,Net Banking,2025-08-05
3854,Mr. Brian James,Chennai,North,Furniture,Cupboard,24373.79,0.13,1800.65,3,Net Banking,2024-03-14
3855,Robert Pierce,Salem,South,Sports,Cricket Bat,47720.98,10.56,11867.88,6,Cash,2025-12-02
3856,Chad Kim,Trichy,South,Electronics,Laptop,799.58,4.22,52.49,7,UPI,2024-06-01
3857,Joseph Martin,Trichy,South,Electronics,Smart Watch,44284.36,29.67,8395.04,5,Net Banking,2024-12-10
3858,Steven Sexton,Trichy,North,Clothing,Jacket,26539.98,1.17,4721.61,7,Card,2025-02-03
3859,Amy Waters,Coimbatore,West,Sports,Shoes,25642.94,6.05,4587.96,8,UPI,2024-09-10
3860,Sarah Jimenez,Tirunelveli,South,Clothing,Jacket,16644.84,15.34,3019.71,8,Cash,2025-08-31
3861,Thomas Cooper,Tirunelveli,North,Groceries,Oil,11980.16,17.98,2853.47,9,Net Banking,2024-05-25
3862,Scott Brown,Chennai,West,Groceries,Oil,22802.2,26.52,4481.57,5,UPI,2025-12-13
3863,Nancy King,Trichy,East,Electronics,Mobile,37258.22,24.73,8710.13,6,UPI,2024-08-10
3864,Shawn Daniel,Chennai,South,Furniture,Chair,5806.25,4.87,1126.98,7,UPI,2024-03-21
3865,Ralph Brown,Salem,West,Sports,Cricket Bat,40996.27,8.05,7779.27,6,UPI,2025-08-26
3866,Melissa Dalton,Salem,West,Clothing,Kurti,28785.53,25.84,4476.67,5,Cash,2024-10-20
3867,Bruce Peck,Tirunelveli,West,Electronics,Mobile,22384.82,24.22,3794.32,7,Net Banking,2025-10-06
3868,Amanda Wade,Chennai,West,Clothing,Jacket,35167.97,29.86,6914.15,7,Card,2025-02-03
3869,Jill Gomez,Tirunelveli,South,Sports,Shoes,5748.31,6.9,1013.86,4,Net Banking,2024-11-04
3870,Jessica Santos,Tirunelveli,East,Clothing,Kurti,46673.9,19.2,10639.83,10,Card,2025-07-27
3871,Sara Dunlap,Trichy,East,Groceries,Rice,12574.79,14.37,2644.88,7,UPI,2025-12-02
3872,Nicole Wells,Salem,West,Electronics,Mobile,42504.11,28.36,9974.52,5,Cash,2024-09-30
3873,Mark Jones,Chennai,North,Electronics,Headphones,22940.08,7.27,3212.26,3,Cash,2024-04-26
3874,Jeremy Fox,Chennai,East,Groceries,Oil,18248.68,9.58,3111.38,1,Card,2025-07-14
3875,Kyle Sanders,Trichy,North,Clothing,Jeans,27099.62,14.08,4501.28,3,Card,2025-08-16
3876,Chelsea Gould,Coimbatore,South,Sports,Shoes,11928.45,5.46,1884.8,4,Net Banking,2024-12-31
3877,Crystal Hansen,Salem,North,Furniture,Sofa,34459.64,10.23,5231.3,4,Net Banking,2025-06-13
3878,Kelly Nichols,Chennai,West,Groceries,Oil,28838.47,28.61,2500.11,10,Card,2025-01-16
3879,Victoria White,Coimbatore,East,Furniture,Cupboard,29651.71,10.11,4010.51,9,UPI,2024-01-07
3880,Patrick Arias,Coimbatore,East,Electronics,Smart Watch,14108.53,22.31,1786.76,10,Net Banking,2025-05-06
3881,Samuel Griffin,Coimbatore,West,Clothing,Jeans,13112.28,24.97,1605.5,7,Net Banking,2025-10-27
3882,Jessica Gordon,Chennai,North,Clothing,T-Shirt,443.11,5.57,81.64,3,Card,2025-10-11
3883,Pamela Spears,Coimbatore,North,Clothing,Jeans,49211.23,28.19,4117.9,10,Cash,2025-02-01
3884,Margaret Day,Chennai,South,Clothing,Jacket,7091.08,11.06,1350.93,1,Net Banking,2025-04-01
3885,Crystal Farmer,Trichy,West,Electronics,Laptop,27416.8,21.84,4535.36,2,Net Banking,2024-02-22
3886,Paul Martinez,Chennai,West,Groceries,Rice,27257.52,27.87,5052.06,1,Cash,2025-11-24
3887,Kimberly Brown,Coimbatore,North,Furniture,Table,25950.82,29.22,6134.84,4,Card,2024-02-26
3888,Vincent Johnson,Chennai,West,Furniture,Chair,46763.22,25.87,2709.95,6,UPI,2025-02-22
3889,Cory Chang,Chennai,South,Clothing,Kurti,47389.24,7.71,3618.46,5,Net Banking,2024-02-24
3890,Tiffany Ross,Chennai,South,Sports,Gym Bag,39710.9,21.71,2196.9,8,UPI,2024-09-18
3891,Lisa Montgomery,Trichy,East,Clothing,Kurti,17264.99,10.79,2977.68,9,UPI,2024-10-02
3892,Stephanie Garrison,Tirunelveli,West,Groceries,Snacks,35730.7,13.07,3954.07,1,Card,2025-01-30
3893,Anthony Larson,Madurai,West,Furniture,Cupboard,7952.31,6.89,924.26,6,Cash,2024-03-10
3894,Michael Bush,Salem,West,Clothing,Kurti,21482.27,15.57,1653.44,7,Net Banking,2025-12-31
3895,Phillip Green,Salem,South,Groceries,Snacks,40923.56,1.3,4926.83,4,Cash,2025-07-05
3896,Patricia Burton,Trichy,South,Furniture,Sofa,23943.87,8.78,1348.98,1,Card,2024-10-26
3897,Mary Bryant,Trichy,East,Furniture,Table,17011.05,7.99,1236.82,5,Card,2025-12-20
3898,Marc Mann,Tirunelveli,East,Clothing,Jeans,24828.38,25.47,2235.71,7,Cash,2024-12-08
3899,John Fisher,Madurai,North,Furniture,Table,33445.1,27.99,4275.1,8,Cash,2025-07-19
3900,James Patel,Madurai,North,Electronics,Mobile,13057.1,0.16,2173.92,8,Cash,2024-09-15
3901,Ricky Boyd,Chennai,South,Clothing,T-Shirt,13793.2,12.1,1789.32,3,UPI,2024-07-02
3902,Angela Chung,Chennai,North,Groceries,Oil,10345.2,6.04,685.12,5,Cash,2025-09-13
3903,Christopher Logan,Tirunelveli,West,Groceries,Snacks,38572.53,5.01,2074.8,3,UPI,2024-01-10
3904,Kyle Trujillo,Trichy,West,Groceries,Milk,13225.03,23.52,2543.54,3,Card,2024-11-29
3905,Sandra Clayton,Chennai,East,Clothing,Kurti,12842.29,23.76,1981.03,3,Card,2024-02-05
3906,Luis Kelly,Coimbatore,North,Clothing,Jacket,8536.68,18.76,1134.25,4,Cash,2024-04-27
3907,Lacey Adams,Tirunelveli,East,Sports,Shoes,3986.13,8.76,292.09,1,Card,2024-10-13
3908,Briana Wall,Coimbatore,East,Electronics,Headphones,15292.59,16.59,1651.69,8,Card,2025-10-04
3909,Dr. Melissa Kelley,Chennai,East,Sports,Football,38916.34,4.62,3666.37,9,Cash,2025-11-10
3910,Robert Coffey,Tirunelveli,North,Clothing,T-Shirt,40229.61,20.82,3904.52,6,Cash,2024-09-27
3911,Sylvia Howell,Chennai,North,Furniture,Cupboard,48020.6,28.25,9064.33,5,UPI,2024-02-18
3912,Kimberly Spence,Tirunelveli,West,Sports,Gym Bag,5099.22,0.35,1263.59,7,Card,2025-05-04
3913,Alejandro Decker,Coimbatore,North,Sports,Cricket Bat,2004.59,14.56,272.47,5,Net Banking,2025-06-17
3914,Deborah Dalton,Chennai,West,Sports,Football,41886.48,11.44,4753.67,1,UPI,2024-07-10
3915,Rachel Krueger,Salem,North,Groceries,Milk,2254.53,6.03,158.03,3,Card,2025-10-28
3916,Stephen Wallace,Chennai,West,Groceries,Oil,45025.09,23.5,4568.08,8,Cash,2024-10-31
3917,William Wilson,Chennai,North,Sports,Football,5613.67,11.48,1176.5,6,Card,2024-01-21
3918,Maria Martinez,Salem,East,Sports,Football,37786.48,12.44,7495.48,2,UPI,2025-09-13
3919,Antonio Howe,Trichy,West,Groceries,Oil,36381,10.65,4289.69,2,Cash,2025-06-23
3920,Michael Jones,Trichy,North,Furniture,Table,2207.07,15.49,378.43,5,Net Banking,2024-10-28
3921,Gregory Johnson,Chennai,West,Electronics,Mobile,26018.5,20.65,5649.51,1,Net Banking,2024-10-19
3922,Cynthia Warren,Salem,East,Furniture,Table,733.43,28.95,108.42,9,Card,2025-11-16
3923,Lauren Duran,Chennai,South,Clothing,T-Shirt,32137.54,20.75,7597.02,8,Cash,2024-12-22
3924,Olivia Hill,Coimbatore,East,Furniture,Table,542.2,22.65,99.09,5,UPI,2025-01-18
3925,Lee Scott,Madurai,South,Clothing,T-Shirt,47341.34,13.51,9379.75,9,Card,2024-03-14
3926,James Yates,Trichy,West,Clothing,Kurti,24703.72,29.15,4668.83,6,Card,2024-05-24
3927,Todd Hoover,Salem,West,Electronics,Headphones,2817.05,28.05,413.72,7,Net Banking,2025-04-03
3928,Kenneth Brandt,Madurai,North,Sports,Gym Bag,6668.55,3.5,766.92,8,UPI,2025-03-24
3929,Marissa Munoz,Salem,North,Groceries,Snacks,44573.79,16.27,5440.64,6,UPI,2025-02-10
3930,Paige Floyd,Tirunelveli,East,Sports,Gym Bag,10840.51,5.8,2439.16,7,UPI,2025-03-29
3931,Jesse Dean,Tirunelveli,East,Furniture,Sofa,9333.41,2.72,552.25,3,Cash,2025-01-24
3932,Timothy Johnson,Madurai,West,Furniture,Chair,39533.87,7.13,5552.95,2,Net Banking,2025-05-06
3933,Sherry Zhang,Salem,East,Groceries,Oil,4632.51,14.18,251.56,9,Card,2024-05-30
3934,Shane Bradley,Tirunelveli,South,Furniture,Cupboard,42891.74,2.08,10443.45,4,Card,2024-12-24
3935,Stephanie Mcguire,Salem,West,Clothing,Jeans,34884.63,18.96,6009.31,9,Cash,2025-11-16
3936,Dr. Joanna Dunn,Coimbatore,South,Electronics,Mobile,31478.41,10.35,2257.97,5,Net Banking,2024-06-22
3937,Mrs. Jennifer Bishop,Salem,South,Sports,Shoes,22322.76,12.87,5404.84,9,UPI,2024-04-02
3938,Stephanie Greene,Trichy,West,Electronics,Headphones,30179.3,7.03,3118.16,1,Card,2024-07-28
3939,Margaret Huber,Tirunelveli,East,Sports,Gym Bag,34030.29,29.32,7610.59,9,Cash,2024-09-13
3940,Amanda Wilkinson,Coimbatore,West,Furniture,Cupboard,48919.6,28.62,11960.97,10,UPI,2024-11-13
3941,Pam Elliott,Chennai,North,Electronics,Laptop,38320.19,21.56,9149.97,8,Card,2025-02-19
3942,Roberta Saunders,Salem,East,Furniture,Table,37084.42,27.84,8586.13,1,Cash,2025-10-26
3943,Jennifer Matthews,Madurai,North,Furniture,Chair,19864.1,12.11,4530.72,8,UPI,2025-12-11
3944,Tara Collier,Madurai,South,Furniture,Sofa,42024.85,26.38,4829.74,6,Cash,2024-11-27
3945,Sara Bentley,Coimbatore,South,Electronics,Laptop,14722.73,28.82,1613.1,10,UPI,2024-03-21
3946,Gabriela King,Madurai,West,Electronics,Headphones,424.24,10.01,72.09,2,Card,2025-07-18
3947,Russell Gordon,Chennai,North,Electronics,Headphones,14247.33,5.04,1434.52,2,Net Banking,2024-07-29
3948,Anita Harris,Coimbatore,West,Groceries,Snacks,43224.4,22.63,7406.19,10,UPI,2025-03-02
3949,Adam Williams,Salem,South,Sports,Football,25750.48,2.64,5211.52,2,Cash,2024-10-19
3950,Alan Lozano MD,Salem,North,Sports,Shoes,46253.3,1.92,4652.94,8,Cash,2025-10-30
3951,Amy Mendez,Chennai,East,Sports,Cricket Bat,1828.78,9.14,394.67,7,Cash,2024-08-28
3952,Tristan Johnson,Tirunelveli,South,Sports,Football,41087.33,7.95,9809.94,3,Card,2025-07-15
3953,Patrick Hudson,Trichy,South,Furniture,Cupboard,12627.81,28.19,2927.65,8,Cash,2025-09-05
3954,Kimberly Stewart,Trichy,South,Sports,Shoes,32495.22,13.22,7115.54,9,UPI,2025-05-27
3955,Jeffery Jones,Tirunelveli,East,Furniture,Table,43145.29,1.58,9953.55,1,Net Banking,2025-06-24
3956,Gene Johnson,Tirunelveli,North,Electronics,Headphones,42563.82,8.08,10322.9,10,UPI,2025-10-07
3957,Linda Griffin,Madurai,East,Furniture,Chair,36961.9,5.11,6175.76,1,Card,2025-04-15
3958,Dominique Stout,Tirunelveli,North,Sports,Gym Bag,546.43,0.93,129.41,1,UPI,2024-04-14
3959,Amanda Garcia,Salem,East,Sports,Gym Bag,25914.05,1.67,3863.29,9,Card,2025-08-15
3960,Julie Meadows,Trichy,West,Electronics,Laptop,29681.4,13.12,1710.65,4,UPI,2024-06-11
3961,Amanda Mclean,Tirunelveli,North,Furniture,Table,17096.27,29.96,1712.03,7,Cash,2025-12-12
3962,Michelle Jones,Trichy,North,Electronics,Mobile,35958.39,24.08,8442.83,4,Net Banking,2025-09-16
3963,Barbara King,Trichy,West,Furniture,Cupboard,4529.32,15.11,822.75,10,UPI,2024-06-22
3964,Tonya Lopez,Madurai,West,Clothing,Kurti,34627.44,23.43,7846.87,3,UPI,2025-03-24
3965,Amanda Bryant,Chennai,North,Clothing,T-Shirt,28270.12,26.6,5009.35,3,Cash,2024-01-19
3966,William Mason,Salem,North,Furniture,Cupboard,8293,4.45,1114.34,8,Net Banking,2025-08-21
3967,Jennifer Lewis,Trichy,North,Clothing,T-Shirt,12468.56,7.85,2864.85,2,Cash,2025-10-30
3968,Angela Hunter,Chennai,East,Electronics,Mobile,30430.86,15.77,2432.86,1,Net Banking,2024-07-14
3969,Craig Dennis,Madurai,East,Furniture,Cupboard,49728.7,24.13,4038.89,1,Card,2024-10-02
3970,Jamie Morales,Chennai,West,Groceries,Snacks,1735.37,18.16,117.66,6,Net Banking,2025-01-20
3971,Christopher Andrade,Tirunelveli,East,Clothing,T-Shirt,44931.05,23.71,5505.3,1,Net Banking,2024-08-12
3972,Isaiah Martinez,Trichy,North,Electronics,Mobile,45444.34,26.19,8247.66,10,Card,2025-07-09
3973,Howard Taylor,Salem,North,Furniture,Cupboard,6791.23,15.82,728,3,Cash,2025-08-20
3974,Rebecca Dixon,Trichy,North,Groceries,Oil,29989.08,25.64,7305.97,8,Cash,2025-09-26
3975,Kyle Olson,Coimbatore,South,Furniture,Chair,35329.19,5.26,4100.9,9,Card,2025-08-05
3976,James Davis,Trichy,West,Sports,Cricket Bat,5323.09,22.31,361.04,10,Card,2024-01-21
3977,Sandra Mclaughlin,Trichy,West,Clothing,Jacket,959.71,19.27,102.04,8,Card,2024-11-24
3978,Diana Griffin,Madurai,East,Furniture,Table,13118.84,14.81,2717.24,9,Net Banking,2025-11-28
3979,Nicholas Smith,Chennai,South,Electronics,Smart Watch,17720.79,19.7,1326.08,2,UPI,2024-10-14
3980,David Sanchez,Madurai,North,Furniture,Sofa,14242.45,9.03,3135.16,10,Cash,2025-10-17
3981,Brian Hahn,Madurai,South,Clothing,T-Shirt,15179.39,1.85,810.38,3,Cash,2025-11-22
3982,Kenneth Brooks,Salem,East,Furniture,Chair,20592.51,21.74,2513.67,2,UPI,2025-04-10
3983,Kyle Clark,Madurai,West,Sports,Cricket Bat,42727.93,13.91,7099.89,4,Net Banking,2025-07-23
3984,Melissa Wiley,Salem,East,Clothing,T-Shirt,18836.12,0.26,2136.95,2,UPI,2025-11-07
3985,Walter Carlson,Salem,North,Furniture,Chair,8962.76,7,1345.86,2,UPI,2024-02-05
3986,Vanessa Martin,Trichy,North,Electronics,Mobile,532.25,10.76,87.7,3,UPI,2025-01-24
3987,Eddie Lewis,Tirunelveli,East,Electronics,Mobile,460.34,24.85,60.93,10,UPI,2025-03-10
3988,Matthew Smith,Chennai,South,Furniture,Cupboard,25414.9,2.89,4082.73,7,Card,2024-04-19
3989,Brenda Lee,Coimbatore,South,Furniture,Table,13968.29,23.23,1057.59,2,Card,2025-09-13
3990,Laura Morris,Salem,North,Sports,Shoes,24890.3,20.86,3503.96,9,Cash,2024-05-16
3991,Erica Sawyer,Chennai,North,Electronics,Laptop,45283.05,11.88,2645.81,3,Net Banking,2024-04-19
3992,Mario Jones,Coimbatore,North,Clothing,Jeans,35425.18,13.44,2734.59,4,Cash,2025-07-11
3993,Jennifer Sellers,Trichy,East,Electronics,Headphones,4422.48,9.16,248.94,3,Net Banking,2025-06-06
3994,Jordan Dean,Coimbatore,North,Sports,Shoes,25294.04,25.54,4034.37,4,Card,2025-10-26
3995,Julie Garcia,Tirunelveli,West,Furniture,Table,27110.87,9.68,4646.94,4,Cash,2025-11-23
3996,Evan Rice,Trichy,North,Sports,Shoes,11885.54,13.81,1802.7,3,UPI,2025-11-24
3997,Zachary Ortiz,Tirunelveli,West,Electronics,Mobile,33516.25,7.98,4740.47,3,Net Banking,2024-11-16
3998,James Reynolds,Salem,West,Sports,Football,31801.61,11.95,7548.85,7,Net Banking,2024-11-26
3999,Jacob Marquez,Salem,North,Groceries,Milk,37620.54,28.09,6124.88,5,Card,2025-11-06
4000,Thomas Thomas,Trichy,North,Sports,Shoes,8883.37,23.91,981.4,10,Net Banking,2024-08-21
4001,Carl Blair,Madurai,West,Sports,Cricket Bat,23537.78,10.44,2541.45,10,UPI,2024-07-14
4002,Stacy Rivera,Chennai,South,Sports,Gym Bag,30939.27,0.85,4067.04,4,UPI,2025-01-30
4003,Kevin Smith,Madurai,South,Groceries,Milk,4953.95,5.28,726.31,10,Net Banking,2024-11-16
4004,Harold Castro,Coimbatore,West,Electronics,Smart Watch,27122.1,9.7,5188.1,9,Cash,2024-12-30
4005,Kathleen Mendoza,Coimbatore,South,Groceries,Oil,23503.56,12.41,1223.19,5,UPI,2024-11-17
4006,Jonathan Davis,Chennai,South,Furniture,Chair,44491.85,20.27,2434.24,6,UPI,2024-02-17
4007,Monique Mcintyre,Salem,South,Furniture,Table,43916.4,27.41,2257.45,10,Card,2024-05-17
4008,Cynthia Harris,Trichy,West,Electronics,Mobile,17430.33,24.69,3281.89,5,Net Banking,2025-06-02
4009,Paul Gutierrez,Trichy,North,Electronics,Laptop,27222.74,12.71,4398.11,6,Card,2024-08-16
4010,Anne Watts,Coimbatore,West,Furniture,Cupboard,36473.68,9.94,2400.61,8,Net Banking,2024-05-12
4011,Brian Reed,Tirunelveli,North,Electronics,Smart Watch,49904.27,0.19,3859.08,8,Cash,2025-02-13
4012,Victoria Holloway,Chennai,South,Groceries,Milk,2155.48,28.65,185.32,4,Net Banking,2024-04-19
4013,Debra Dyer,Coimbatore,West,Clothing,Jacket,25986.28,5.26,5440.44,3,Card,2024-06-06
4014,Emily Franco,Salem,North,Clothing,Jacket,39303.21,19.31,6173.68,7,Net Banking,2024-08-18
4015,Jill Gomez,Chennai,East,Groceries,Milk,42231.46,17,8163.17,10,Net Banking,2024-04-23
4016,Christopher Miller,Madurai,North,Furniture,Chair,29769.24,1.7,2186.47,1,Cash,2025-12-25
4017,Cesar Martinez,Coimbatore,East,Electronics,Smart Watch,23143.8,11.99,3454.24,8,Cash,2025-02-02
4018,Melanie Bowers DVM,Trichy,East,Clothing,T-Shirt,12733.38,21.75,1912.32,6,Cash,2025-12-30
4019,Samantha Scott PhD,Tirunelveli,East,Groceries,Rice,42341.34,12.55,7751.94,6,Card,2024-06-15
4020,Paul Jones,Chennai,West,Electronics,Headphones,20276.53,13.04,2991.45,8,Net Banking,2025-09-29
4021,Thomas Hunt,Coimbatore,North,Furniture,Cupboard,40806.15,18.68,8806.22,10,Net Banking,2024-10-21
4022,Michael Graham,Madurai,North,Sports,Shoes,35535.32,4.86,6683.21,5,Net Banking,2024-06-20
4023,Molly Taylor,Salem,North,Furniture,Sofa,31599.56,7.5,3286.01,3,Net Banking,2025-09-08
4024,Kimberly Erickson,Chennai,North,Clothing,Kurti,30188.09,25,6220.17,5,Net Banking,2025-04-07
4025,David Robertson,Madurai,West,Furniture,Table,15416.21,9.79,2246.09,8,UPI,2024-04-23
4026,Jason Carlson,Madurai,South,Clothing,Jacket,46402.66,7.75,10294.48,1,Cash,2025-06-02
4027,Regina Taylor,Madurai,South,Groceries,Oil,39473.38,6.12,3509.29,8,UPI,2025-06-04
4028,Lauren Cruz,Tirunelveli,West,Electronics,Mobile,46401.96,27.53,2931.94,7,Cash,2024-02-09
4029,Karen Anderson,Trichy,East,Clothing,Jeans,24236.06,1.01,2513.27,10,Cash,2025-07-29
4030,Brian Kelly,Tirunelveli,North,Electronics,Smart Watch,15016.87,25.63,832.29,1,Net Banking,2025-12-08
4031,Laura Hill,Trichy,West,Clothing,Jeans,39505.08,16.09,5382.99,8,Cash,2025-04-09
4032,Kimberly Powell,Madurai,South,Groceries,Oil,29237.11,16.97,3901.75,9,Cash,2024-02-19
4033,Allison Maldonado,Coimbatore,West,Furniture,Table,20670.58,14.97,3855.88,8,UPI,2025-08-12
4034,Heidi Taylor,Tirunelveli,West,Furniture,Table,34903.26,16.34,3248.32,8,UPI,2024-08-29
4035,Lindsey Frank,Trichy,East,Sports,Football,46964.72,15.24,10539.46,5,UPI,2024-11-13
4036,Michelle Hernandez,Coimbatore,North,Electronics,Headphones,18736.02,15.02,4575.64,7,Cash,2024-06-17
4037,Daniel Pena,Tirunelveli,South,Groceries,Rice,16570.14,24.81,3689.59,2,Cash,2024-08-19
4038,Felicia Hayes,Madurai,South,Groceries,Milk,32365.54,10.75,3516.21,7,UPI,2025-01-17
4039,Catherine Allison,Salem,North,Furniture,Sofa,37036.63,9.96,8927.53,9,Card,2024-08-15
4040,Steven Bell,Salem,South,Furniture,Cupboard,44950.18,25.81,8183.97,4,UPI,2025-03-20
4041,Andrew West,Tirunelveli,West,Furniture,Cupboard,40141.33,0.23,6119.87,1,Card,2024-04-11
4042,Mr. Richard Williams,Coimbatore,North,Sports,Football,40814.28,28.78,4119.98,4,Net Banking,2025-03-26
4043,Lynn Hubbard,Chennai,North,Furniture,Cupboard,26903.7,12.04,4361.24,8,UPI,2024-04-08
4044,Benjamin Brown,Tirunelveli,North,Clothing,Kurti,31920.68,9.93,6048.72,3,Card,2025-08-13
4045,Christopher Shepherd,Chennai,South,Groceries,Milk,5191.72,25.35,751.75,5,Card,2025-09-20
4046,Kelsey Fisher,Chennai,West,Groceries,Milk,43077.51,8.07,10468.55,8,Cash,2025-01-09
4047,Sarah Baker,Trichy,South,Electronics,Headphones,10263.1,18.9,1925.96,4,Net Banking,2024-03-03
4048,Ashley Hudson,Trichy,West,Sports,Cricket Bat,25524.67,15.47,3822.92,1,Net Banking,2025-01-23
4049,Kaitlyn Rodriguez,Trichy,West,Electronics,Headphones,6026.72,19.83,1111.31,3,Card,2025-09-25
4050,Alisha Cross,Tirunelveli,West,Sports,Cricket Bat,39595.26,25.38,7742.11,8,UPI,2025-03-29
4051,Mark Peck,Trichy,West,Electronics,Smart Watch,22177.03,13.53,3708.8,8,Card,2025-12-28
4052,Jose Jones,Madurai,North,Electronics,Smart Watch,17688.56,6.77,1581.78,8,UPI,2024-04-02
4053,Amy Ruiz,Chennai,West,Electronics,Laptop,15627.33,15.75,1873.5,9,UPI,2024-08-15
4054,Monica Jones,Salem,East,Groceries,Snacks,27702.23,21.83,2836.51,6,Net Banking,2024-01-24
4055,Jo Davis,Chennai,West,Electronics,Smart Watch,44978.7,14.26,7120.48,8,Net Banking,2024-08-04
4056,Karen Woods,Trichy,East,Sports,Shoes,2872.7,2.63,303.81,7,UPI,2024-05-25
4057,Jonathan Gonzalez,Salem,East,Electronics,Smart Watch,24178.66,28.19,3586.49,8,Cash,2024-05-27
4058,Paul Perez,Tirunelveli,South,Sports,Shoes,28056.24,13.78,2670.6,3,Cash,2025-07-07
4059,Rhonda Santiago,Salem,North,Furniture,Sofa,36501.18,25.38,6615.8,4,Cash,2024-03-09
4060,David Hicks,Trichy,East,Electronics,Mobile,15906.59,2.1,1063.4,9,UPI,2025-02-04
4061,Justin White,Tirunelveli,North,Furniture,Chair,9340.06,7.37,947.1,2,UPI,2024-01-14
4062,Kristen Lynch,Madurai,South,Sports,Cricket Bat,13401.61,15.53,2474.65,2,Net Banking,2024-09-18
4063,Katherine Petersen,Trichy,North,Electronics,Laptop,18186.19,26.32,1217.55,9,Net Banking,2024-02-09
4064,Kathryn Graham,Coimbatore,East,Furniture,Chair,46499.55,6.11,9990.01,3,UPI,2025-11-23
4065,Wendy Whitaker,Madurai,North,Groceries,Snacks,3266.29,15.08,173.54,6,UPI,2024-01-08
4066,Sylvia Morris,Chennai,West,Groceries,Rice,48784.07,12.33,2985.24,6,Card,2025-10-07
4067,Calvin Zavala,Chennai,East,Clothing,Kurti,10870.98,10.53,2698.03,5,Cash,2025-08-27
4068,Sandra Molina,Coimbatore,South,Electronics,Smart Watch,10660.06,6.78,1263.83,7,Net Banking,2024-11-01
4069,Rhonda Gonzalez,Trichy,East,Clothing,Jacket,8534.94,2.79,2081.22,3,UPI,2024-02-19
4070,Nancy Parker,Tirunelveli,North,Sports,Gym Bag,7766.63,16.63,1020.43,2,Net Banking,2025-04-14
4071,Gabriel Wright,Trichy,South,Electronics,Headphones,44505.7,11.13,5517.79,4,UPI,2024-07-26
4072,Daniel Trevino,Chennai,East,Sports,Shoes,11294.49,3.27,1478.56,5,Net Banking,2024-01-25
4073,Laura Fields,Madurai,East,Sports,Shoes,39243.31,23.96,7467.06,1,Card,2025-01-28
4074,Jessica Diaz,Chennai,West,Sports,Football,16728.24,14.03,1581.51,8,Card,2025-04-03
4075,Daniel Johnson,Salem,South,Sports,Cricket Bat,14925.67,0.96,1943.24,6,UPI,2025-01-08
4076,Scott Barber,Chennai,West,Furniture,Table,48887.78,4.01,8146.99,7,Card,2024-01-17
4077,Adam Smith,Chennai,South,Electronics,Smart Watch,31548.51,15.17,7847.61,1,Card,2025-04-13
4078,Rachel Moore,Salem,West,Clothing,T-Shirt,1715.44,13.29,197.56,7,Net Banking,2025-01-16
4079,Gerald Smith,Madurai,South,Sports,Gym Bag,42750.35,21.37,3064.94,4,Cash,2024-02-06
4080,David Torres,Madurai,North,Clothing,Jacket,41988.79,18.02,9937.08,1,Card,2025-12-16
4081,Travis Carrillo,Madurai,West,Groceries,Oil,44950.21,13.42,6483.67,9,UPI,2025-03-10
4082,Angela Wallace,Coimbatore,West,Electronics,Headphones,47958.54,12.15,9756.39,6,UPI,2024-09-25
4083,Eileen Kim,Tirunelveli,North,Sports,Cricket Bat,30414.29,13.05,4248.26,3,UPI,2025-06-07
4084,Evan Carr,Trichy,North,Clothing,T-Shirt,37196.59,12.85,2234.64,4,Net Banking,2024-06-17
4085,Christina Smith,Trichy,North,Furniture,Cupboard,37944.48,18.95,4462.96,4,Card,2025-05-27
4086,Fernando Terry,Tirunelveli,East,Groceries,Snacks,8377.2,3.93,1729.43,5,Cash,2024-09-05
4087,Victoria Cross,Chennai,West,Electronics,Smart Watch,28882.07,5.6,6517.8,5,UPI,2024-07-28
4088,Michael Brown,Madurai,South,Electronics,Laptop,20073.73,8.59,2301.76,5,Net Banking,2024-07-12
4089,Kathy Gregory,Chennai,East,Electronics,Mobile,46057.94,18.22,5262.46,2,Cash,2024-11-21
4090,Mary Rowland,Tirunelveli,West,Sports,Gym Bag,16993.1,10.52,2841.13,4,Net Banking,2024-06-07
4091,Erica Alvarez,Coimbatore,West,Electronics,Mobile,33124.98,17.59,3294.04,4,Card,2025-11-24
4092,Tiffany Vega MD,Tirunelveli,South,Electronics,Mobile,46183.51,14.71,5066.79,9,UPI,2024-07-25
4093,Lonnie Baker,Trichy,North,Groceries,Milk,43533.24,10.15,4882.17,1,Card,2025-10-25
4094,Laura Taylor,Madurai,East,Groceries,Milk,13550.41,17.57,1102.94,6,UPI,2025-07-29
4095,Jennifer Parker,Chennai,South,Sports,Gym Bag,45849.56,28.74,4539.92,7,UPI,2025-06-11
4096,Gina Alexander,Salem,East,Furniture,Sofa,21870.81,1.01,5109.29,8,UPI,2025-11-13
4097,Jordan Hart,Trichy,South,Groceries,Rice,39474.57,7.56,2281.7,8,Cash,2024-04-29
4098,Ryan Ferguson,Madurai,East,Groceries,Milk,35502.56,5.4,3816.7,6,Net Banking,2025-11-10
4099,Michael Bond,Trichy,East,Groceries,Rice,47243.95,0.14,7927.86,6,Card,2024-02-05
4100,Dawn Cruz,Coimbatore,East,Groceries,Rice,47993.83,18.31,8827.98,5,UPI,2025-08-04
4101,Thomas Baker,Salem,North,Furniture,Sofa,10981.06,6.17,991.19,1,UPI,2024-10-26
4102,Laura Garcia,Tirunelveli,North,Electronics,Smart Watch,22914.63,25.05,4946.24,4,UPI,2025-03-15
4103,April Smith,Chennai,North,Sports,Gym Bag,7371.2,11.31,1067.09,1,Net Banking,2025-02-07
4104,Kimberly Brown,Trichy,East,Clothing,Jacket,12505.89,3.42,2225.04,2,Cash,2024-12-27
4105,Frank Brown,Madurai,South,Sports,Cricket Bat,14951.54,15,2823.8,10,UPI,2024-12-25
4106,Aaron Mckay,Trichy,East,Electronics,Mobile,46442.53,21.76,10679,6,Net Banking,2025-06-12
4107,Rachel Warner,Chennai,East,Furniture,Table,11399.97,6.3,2265.95,7,UPI,2025-08-27
4108,Gerald Weeks,Coimbatore,South,Groceries,Milk,19617.47,15.42,2473.04,4,Cash,2025-12-23
4109,Erika Young,Chennai,West,Groceries,Rice,13188,17.79,2951.56,3,Cash,2024-01-24
4110,Alejandro Sosa,Chennai,North,Furniture,Cupboard,35169.9,0.39,4049.63,10,Card,2025-06-29
4111,Adam Phillips,Coimbatore,South,Groceries,Milk,34013.95,13.7,2243.95,2,Cash,2024-02-27
4112,Chad West,Chennai,North,Groceries,Oil,42978.85,24.03,8868.02,5,Card,2025-10-06
4113,David Mays,Salem,East,Furniture,Chair,25774.34,0.75,2853.98,6,Card,2024-06-20
4114,Brent Williams,Madurai,South,Groceries,Milk,40360.15,5.51,8005.5,9,Card,2025-09-26
4115,Lisa Braun,Salem,East,Groceries,Snacks,6713,14.26,1321.84,3,UPI,2025-02-06
4116,Jessica Murphy,Coimbatore,South,Electronics,Laptop,29745.11,7.66,6831.11,3,Cash,2024-11-26
4117,William Mayer,Tirunelveli,West,Sports,Football,4573.81,14.78,450.15,9,UPI,2024-07-06
4118,Austin Erickson,Coimbatore,South,Clothing,Jacket,42640.08,28.36,8725.4,3,Cash,2024-08-23
4119,Elizabeth Edwards,Salem,West,Clothing,T-Shirt,34801.95,6.49,4862.39,1,Card,2025-03-16
4120,Rhonda Vincent,Madurai,East,Sports,Football,2850.58,5.37,443.13,1,UPI,2024-04-05
4121,Juan Middleton,Chennai,South,Clothing,T-Shirt,32751.89,25.07,1963.55,1,UPI,2024-06-20
4122,Michelle Spencer,Salem,West,Groceries,Milk,30377.93,16.41,7191.99,9,Cash,2024-07-15
4123,Karen Bauer,Coimbatore,South,Clothing,Jacket,33318.93,24.67,2537.45,9,Card,2025-09-16
4124,Elijah Jackson,Salem,North,Sports,Gym Bag,40647.25,29.94,8533.88,8,Cash,2024-12-27
4125,Isaiah Mendez,Tirunelveli,East,Electronics,Headphones,48937.81,24.72,11321.16,6,Card,2024-07-29
4126,Jon Hudson,Chennai,East,Furniture,Table,24700.41,0.23,4773.06,4,UPI,2025-01-16
4127,Jennifer Lewis,Chennai,North,Furniture,Chair,37386.29,15.37,5876.3,7,Net Banking,2024-02-01
4128,Michael Norman,Trichy,East,Groceries,Snacks,36095.38,3.54,2672.36,4,Cash,2025-10-27
4129,Denise Gordon,Salem,West,Groceries,Milk,38403.96,7.4,8988.59,8,Cash,2024-07-12
4130,Christy Valencia,Madurai,West,Clothing,Jacket,39937.27,11.61,7379.55,8,Cash,2025-05-07
4131,Charles Keith,Tirunelveli,West,Clothing,Jeans,9485.01,18.09,1586.73,6,Net Banking,2025-04-06
4132,Katherine Sanchez,Salem,North,Furniture,Cupboard,8120.67,5.15,828.96,5,UPI,2025-08-22
4133,Allison Romero,Chennai,West,Furniture,Cupboard,39984.6,18.37,4109.16,5,Cash,2024-05-26
4134,Keith Jimenez,Coimbatore,South,Electronics,Smart Watch,28608.32,6.89,4051.29,6,Cash,2025-12-20
4135,Rebecca Cisneros,Coimbatore,North,Groceries,Milk,26336.75,23.69,5479.97,6,Cash,2025-10-28
4136,Diane Dillon,Madurai,North,Groceries,Milk,19443.04,19.46,1766.67,2,Net Banking,2025-11-08
4137,Brian Carroll,Chennai,West,Groceries,Milk,43837.34,21.17,4553.15,6,UPI,2025-10-24
4138,Maria Huff,Salem,North,Furniture,Table,4649.28,21.4,1045.61,7,UPI,2024-03-17
4139,Stacey Anderson,Coimbatore,West,Sports,Gym Bag,817.75,10.06,176.96,5,UPI,2025-08-27
4140,Chelsea Faulkner,Trichy,North,Sports,Cricket Bat,31144.11,3.83,4215.79,8,Net Banking,2025-08-13
4141,Jason Beck,Coimbatore,West,Sports,Gym Bag,28576.73,0.6,4693.03,6,Cash,2024-12-29
4142,Willie Rhodes,Salem,West,Clothing,Jacket,29176.22,7.01,2090.13,6,Net Banking,2025-07-18
4143,Elizabeth Williams,Coimbatore,South,Sports,Cricket Bat,7113.09,17.29,433.97,6,Net Banking,2025-07-04
4144,Daniel Dixon,Tirunelveli,East,Furniture,Cupboard,26229.77,3.39,5503.43,4,Cash,2024-08-05
4145,David Conway,Chennai,South,Electronics,Headphones,40655.01,2.69,8155.24,1,Card,2024-04-27
4146,Dylan Hebert,Trichy,South,Electronics,Mobile,44415.02,7.31,2565.85,10,Card,2025-04-10
4147,Paul Moore,Coimbatore,South,Clothing,Jacket,38083.36,18.89,3090.85,6,UPI,2024-12-06
4148,Dawn Miles,Madurai,West,Clothing,Kurti,13962.94,11.27,871.81,3,UPI,2024-09-05
4149,Lori Pena,Chennai,North,Clothing,Jeans,4161.47,0.1,281.41,1,UPI,2024-09-30
4150,Joann Buchanan,Trichy,East,Clothing,Kurti,38565.44,14.19,2801.88,7,Card,2025-07-05
4151,Mandy Fitzpatrick,Chennai,South,Groceries,Snacks,46216.06,29.69,11503.63,3,UPI,2025-03-29
4152,Gregory Smith,Tirunelveli,East,Groceries,Milk,15878.26,28.24,1299.59,10,Cash,2024-08-09
4153,Jessica Wheeler,Madurai,East,Sports,Cricket Bat,23786.97,24.68,4970.77,8,Cash,2024-01-27
4154,Zoe Robinson,Trichy,East,Sports,Cricket Bat,30478.54,16.49,3013.01,9,UPI,2024-09-01
4155,John Craig,Tirunelveli,South,Sports,Gym Bag,40159.53,12.9,7668.06,3,Cash,2025-06-11
4156,Connie Harris,Coimbatore,South,Sports,Football,4132.89,7.57,577.12,4,Cash,2025-03-18
4157,Patricia Brown,Trichy,East,Sports,Football,44208.54,14.37,4793.8,3,Card,2025-12-17
4158,Mrs. Natalie Casey,Chennai,South,Clothing,Jacket,49686.77,25.91,6180.89,8,Card,2024-08-20
4159,Luke Wong,Tirunelveli,West,Electronics,Headphones,49102.15,20.27,9365.8,6,Card,2025-03-28
4160,Brian Robinson,Trichy,West,Electronics,Laptop,5986.91,23.16,1420.98,10,UPI,2025-02-16
4161,Carolyn Chaney,Chennai,East,Sports,Cricket Bat,32109.31,2.7,5288.19,3,Net Banking,2025-05-17
4162,Abigail Nguyen,Chennai,East,Groceries,Oil,15111.77,13.9,2832.78,2,Cash,2025-10-18
4163,Julie Payne,Coimbatore,North,Clothing,T-Shirt,43723.98,17.63,7913.21,3,Card,2025-02-04
4164,Shane Malone,Coimbatore,East,Furniture,Table,35333.7,6.63,6671.93,6,Cash,2024-11-17
4165,Elizabeth Cunningham,Chennai,South,Clothing,Jacket,32878.81,22.46,3678.18,6,Net Banking,2024-11-05
4166,Allison Gibson,Salem,East,Furniture,Sofa,18676.57,29.39,3096.51,2,Net Banking,2025-11-04
4167,Courtney Mitchell,Salem,East,Clothing,Jeans,4025.76,26.07,328.48,3,Cash,2025-08-05
4168,Rhonda Little,Tirunelveli,East,Furniture,Cupboard,14141.45,11.04,2657.89,2,UPI,2025-09-16
4169,Micheal Duncan,Chennai,South,Sports,Cricket Bat,44345.33,1.2,6777.9,2,UPI,2025-03-25
4170,Nicholas Lopez,Madurai,West,Clothing,T-Shirt,8201.15,26.83,528.04,7,Cash,2025-08-27
4171,Rachael Daniels,Coimbatore,East,Furniture,Chair,39728.95,13.53,6323.42,9,Card,2024-03-23
4172,Robin Rodriguez,Salem,West,Electronics,Smart Watch,36442.87,1.29,6722.04,3,UPI,2025-09-23
4173,Sonia Jenkins,Salem,North,Groceries,Rice,39563.76,13.23,6554.93,7,Card,2024-09-12
4174,Cassandra Robinson,Tirunelveli,North,Furniture,Sofa,36552.49,18.22,8250.51,9,Net Banking,2025-12-11
4175,Eric Anderson,Trichy,East,Sports,Shoes,35855.78,18.94,7557.08,7,UPI,2025-11-03
4176,Olivia Obrien,Madurai,East,Furniture,Chair,10657.97,21.05,2409.22,9,Net Banking,2024-07-07
4177,Matthew Casey,Salem,North,Groceries,Milk,28386.52,11.36,6962.51,7,UPI,2025-11-25
4178,Cathy Schultz,Trichy,North,Groceries,Rice,38522.1,25.24,6292.02,10,UPI,2024-07-15
4179,Joel Robles,Salem,West,Furniture,Cupboard,37172.12,21.95,5398.5,8,UPI,2024-08-12
4180,Penny Grant,Chennai,North,Groceries,Rice,18926.73,22.83,4531.37,1,Card,2024-10-07
4181,Dylan Morrison,Madurai,East,Electronics,Mobile,40480.43,13.2,8656.59,7,Card,2025-02-09
4182,Sharon Newman,Madurai,South,Furniture,Chair,45453.09,21.39,9108.39,10,Card,2025-09-07
4183,Amber Wright,Coimbatore,South,Groceries,Milk,38849.67,7.91,6146.37,6,Cash,2025-09-24
4184,Vincent Lewis,Coimbatore,East,Clothing,Jeans,31799.81,15.5,3027.02,8,UPI,2025-09-30
4185,Stephen Johnson,Trichy,North,Clothing,Kurti,40069.59,0.05,3068.11,4,UPI,2024-10-01
4186,Dawn Collins,Tirunelveli,East,Groceries,Rice,49095.8,22.02,7819.65,2,Card,2024-06-06
4187,Patricia Ball,Coimbatore,West,Clothing,Kurti,9434.33,10.86,1728.51,9,Cash,2024-10-02
4188,James Cruz,Coimbatore,South,Electronics,Headphones,20445.85,2.75,1718.51,9,Net Banking,2025-12-20
4189,David Owens,Chennai,East,Clothing,T-Shirt,27641.55,7.06,1637.53,6,Cash,2024-02-05
4190,John James,Trichy,North,Furniture,Cupboard,2277.02,12.96,459.36,7,Card,2025-01-08
4191,John Hernandez,Tirunelveli,North,Furniture,Table,28889.07,28.22,6523.41,10,UPI,2024-04-29
4192,Heather Carney,Chennai,East,Furniture,Table,27636.6,25.53,2367.91,2,Net Banking,2024-06-01
4193,Jessica Romero,Coimbatore,South,Furniture,Cupboard,22427.59,17.46,2150.69,5,Cash,2024-09-19
4194,Logan Wilson,Tirunelveli,East,Electronics,Headphones,2387.2,12.57,170.35,2,Net Banking,2025-05-31
4195,Marilyn Mccarthy,Coimbatore,South,Groceries,Rice,37001.42,3.25,8917.93,1,Card,2025-08-18
4196,Matthew Ray,Coimbatore,South,Clothing,Kurti,43144.84,19.89,3401.33,1,Cash,2025-08-07
4197,Michael Gonzalez,Trichy,West,Sports,Cricket Bat,33579.94,12.67,5068.37,1,Net Banking,2024-11-20
4198,Shane Cook,Salem,East,Furniture,Chair,49137.65,19.06,4111.28,9,Card,2024-10-10
4199,Jeremy Russell,Tirunelveli,North,Sports,Shoes,35305.25,22.72,4757.86,1,Net Banking,2025-07-04
4200,Anthony Long,Trichy,North,Groceries,Oil,42929.88,7.96,9061.18,8,Cash,2025-09-25
4201,David Thomas,Salem,North,Furniture,Table,30391,8.85,2995.76,3,Cash,2025-01-28
4202,Michael Brown,Salem,West,Furniture,Sofa,26403.71,25.34,2698.8,7,UPI,2025-11-17
4203,Kimberly Cervantes,Coimbatore,East,Clothing,Jeans,38366.97,29.63,6016.62,5,Net Banking,2024-06-03
4204,Michelle Mcguire,Tirunelveli,West,Clothing,Jacket,14351.34,2.01,1104.8,8,Card,2024-12-08
4205,Kaitlyn Martin,Trichy,West,Clothing,Kurti,12936.82,14.62,1165.54,10,Card,2025-03-31
4206,Virginia Myers,Chennai,South,Sports,Shoes,27208.28,21.14,2473.91,7,Net Banking,2024-05-26
4207,Amber Smith,Madurai,East,Sports,Gym Bag,39468.93,3.45,9253.29,6,Card,2025-01-06
4208,Amy Gray,Trichy,North,Sports,Football,39645.16,17.59,5047.68,5,Net Banking,2024-04-12
4209,Lindsey Hansen,Trichy,South,Groceries,Oil,43740.54,8.55,4681.45,6,Card,2025-08-16
4210,Tara Miller,Coimbatore,North,Groceries,Snacks,37592.98,10.31,7320.19,10,Net Banking,2025-04-12
4211,Jennifer Rivers,Chennai,North,Furniture,Sofa,17909.28,3.98,2571,1,Cash,2025-03-13
4212,Nathaniel Mckenzie,Madurai,East,Groceries,Oil,32753.78,22.93,4880.66,3,UPI,2024-05-18
4213,Annette Baker,Coimbatore,South,Groceries,Rice,49382.25,18.19,2869.74,7,Card,2024-06-15
4214,Connor Vincent,Chennai,East,Groceries,Snacks,44033.56,11.72,6310.26,3,UPI,2025-07-14
4215,Corey Mathis,Trichy,West,Furniture,Table,42019.75,28.73,6623.04,5,UPI,2025-08-03
4216,Leslie Hughes,Madurai,West,Clothing,Jacket,6671.5,4.48,1347.37,10,UPI,2024-02-02
4217,Mrs. Jacqueline Calderon,Salem,West,Clothing,T-Shirt,28548.91,15.21,6736.75,1,Card,2025-06-14
4218,Zachary Cross,Trichy,North,Electronics,Headphones,42675.63,0.58,3066.91,6,Card,2025-05-18
4219,Steven Black,Trichy,East,Sports,Cricket Bat,37249.12,13.36,7709.76,8,Net Banking,2025-07-01
4220,Jeremy Berry,Trichy,West,Sports,Football,4973.07,7.24,368.88,8,Cash,2024-08-21
4221,Jennifer Malone,Madurai,East,Clothing,T-Shirt,15098.88,29.74,3283.45,3,Card,2025-08-19
4222,Karen Jordan,Trichy,East,Clothing,T-Shirt,17272.53,15.1,3227.61,10,Cash,2024-04-12
4223,Stephanie Gibbs,Madurai,North,Clothing,Jeans,21826.1,27.97,5337.59,7,Card,2024-06-09
4224,Amanda Davis,Tirunelveli,West,Groceries,Milk,48507.88,26.05,4609.85,5,Cash,2024-12-12
4225,Regina Ballard,Salem,West,Sports,Shoes,32768.08,16.49,6476.57,2,Card,2024-01-20
4226,Timothy Parker,Madurai,West,Groceries,Rice,30448.05,15.42,3887.42,3,Card,2024-12-17
4227,Jennifer Miller,Coimbatore,East,Electronics,Laptop,34088.77,18.82,8434.37,6,Cash,2024-10-14
4228,Lee Farmer,Trichy,South,Sports,Shoes,48612.6,19.19,5373.3,9,Cash,2024-12-17
4229,Elijah Webb,Salem,East,Furniture,Chair,10546.3,14.18,2089.82,3,Card,2025-02-25
4230,David Thompson,Salem,West,Clothing,Jacket,41728.29,10.64,7891.18,7,Card,2025-05-25
4231,Joshua Lucero,Trichy,South,Sports,Shoes,28748.79,24,6414.29,9,Net Banking,2024-07-14
4232,James James,Tirunelveli,East,Groceries,Rice,18944.16,12.51,1606.88,4,Card,2025-02-22
4233,Samantha Sexton,Madurai,East,Electronics,Mobile,43815.4,13.53,9390.38,10,Cash,2024-01-14
4234,Rachel Burton,Trichy,South,Sports,Gym Bag,34653.83,24.81,6908.95,10,UPI,2025-02-15
4235,Miguel Lewis,Tirunelveli,East,Sports,Shoes,22799.46,14.69,4795.89,8,Card,2024-09-17
4236,April Medina,Salem,South,Electronics,Smart Watch,22313.47,11.12,4539.05,1,Net Banking,2025-05-17
4237,William Burns,Tirunelveli,West,Clothing,Kurti,31202.7,7.25,2793.99,6,Cash,2025-01-01
4238,Steven Rosales Jr.,Chennai,South,Clothing,Jacket,17383.91,25.68,4179.59,8,UPI,2025-07-18
4239,Matthew Watts,Tirunelveli,East,Clothing,T-Shirt,38209.7,4.57,7219.6,3,UPI,2025-08-10
4240,Laura Garcia,Trichy,North,Clothing,Jacket,28261.87,20.29,2550.12,5,Card,2024-02-12
4241,Edgar Rocha,Salem,East,Electronics,Mobile,42178.28,7.47,7660.89,4,UPI,2025-09-05
4242,Breanna Smith,Trichy,East,Clothing,Jacket,10655.26,9.95,1185.38,1,UPI,2024-03-12
4243,Blake Douglas,Trichy,South,Sports,Cricket Bat,49483.78,2.45,3727.38,10,Cash,2024-08-10
4244,Bethany Austin,Salem,East,Groceries,Rice,23281.27,23.01,1260.13,5,Net Banking,2025-07-04
4245,Jerry Johnson,Trichy,North,Furniture,Sofa,48126.53,7,8622.09,4,Card,2024-11-14
4246,Christina Cox,Madurai,West,Furniture,Sofa,17029.83,6.5,3340.82,10,Net Banking,2024-02-07
4247,Marilyn Malone,Coimbatore,South,Furniture,Cupboard,49542.48,13.35,9787.7,3,Net Banking,2025-08-31
4248,Donald Padilla,Chennai,North,Furniture,Cupboard,18083.07,3.2,2340.8,4,Cash,2025-10-03
4249,Alan George,Chennai,West,Electronics,Smart Watch,10788.23,13.83,2434.67,10,Net Banking,2024-10-11
4250,Jennifer Cole,Madurai,East,Electronics,Headphones,26073.54,21.31,2053.89,8,UPI,2024-09-10
4251,Stacy Tran,Tirunelveli,North,Clothing,Jeans,39313.95,23.76,5357.33,10,Card,2024-07-05
4252,Mark Greene,Chennai,West,Clothing,T-Shirt,33371.39,3.28,7161.38,6,Card,2024-10-28
4253,Jorge Parks,Chennai,North,Sports,Football,6990.03,23.26,1261.2,8,Cash,2025-05-21
4254,Natasha Miller,Chennai,North,Electronics,Mobile,33433.08,20.84,1794.62,3,Cash,2024-01-04
4255,Mary Powers,Trichy,West,Furniture,Chair,28109.52,3.43,1513.53,6,Card,2024-06-14
4256,Paul Anderson,Tirunelveli,East,Clothing,Kurti,29314.75,5.34,6031.51,3,Card,2024-04-24
4257,Andre Nguyen,Coimbatore,South,Electronics,Smart Watch,20946.42,18.89,1660.15,8,UPI,2025-01-27
4258,Stephanie Johnson,Tirunelveli,East,Clothing,Kurti,17588.8,8.88,3871.37,1,UPI,2024-05-18
4259,Dr. Paul Jordan PhD,Salem,South,Clothing,T-Shirt,48551.55,21.54,3312.5,10,Card,2024-10-16
4260,Laura Robertson,Salem,North,Electronics,Laptop,11405.66,1.98,2372.51,5,Cash,2024-07-18
4261,Jennifer Rodriguez,Salem,North,Furniture,Sofa,36446.73,3.12,8306.15,4,UPI,2025-03-10
4262,David Marshall,Coimbatore,South,Clothing,Kurti,35100.83,28.78,2114.83,3,Cash,2024-05-14
4263,Daniel Curtis DDS,Chennai,East,Electronics,Smart Watch,35948.02,10.15,3220.56,9,Card,2025-06-14
4264,Stephen Porter,Madurai,East,Clothing,Kurti,38581.85,14.65,8494.24,3,Net Banking,2025-04-14
4265,Joshua Diaz,Trichy,South,Clothing,Jeans,43932.85,25.47,7180.01,6,UPI,2024-09-05
4266,Hannah Morris,Coimbatore,South,Groceries,Snacks,7114.35,16.17,386.54,8,Net Banking,2024-07-26
4267,Stacey Hansen,Madurai,East,Groceries,Milk,11597.41,21.74,2274.75,9,Card,2024-06-05
4268,Michael Coleman II,Coimbatore,East,Clothing,Jeans,13935.49,18.33,2197.93,4,Cash,2024-01-31
4269,Drew Huerta,Trichy,North,Clothing,T-Shirt,9826.46,9.03,1599.12,9,UPI,2025-05-06
4270,Jacob Grimes,Coimbatore,North,Sports,Shoes,670.4,16.53,146.34,9,Net Banking,2024-07-18
4271,Courtney Perez,Chennai,North,Groceries,Oil,39567.2,5.72,2896.8,7,UPI,2024-08-14
4272,Joshua Barton,Tirunelveli,East,Furniture,Chair,10285.1,20.79,1090.22,10,UPI,2024-06-17
4273,Timothy Moore,Chennai,South,Clothing,Jeans,38869.39,22.87,2710.51,4,Net Banking,2024-02-21
4274,Kimberly Roman,Madurai,West,Groceries,Snacks,33952.2,0.6,3951.32,3,UPI,2025-10-11
4275,Gina Jefferson,Salem,East,Sports,Gym Bag,48028.03,6.34,8621.48,6,Net Banking,2025-03-03
4276,James Thomas,Salem,South,Electronics,Smart Watch,22523.8,27.84,2717.13,1,Net Banking,2025-12-16
4277,Michelle Mclean,Coimbatore,North,Sports,Football,40155.32,9.7,2794.41,8,Cash,2024-02-24
4278,Laura Johnson,Coimbatore,West,Electronics,Laptop,32876.93,13.84,3108.98,1,Card,2024-04-01
4279,Rhonda Brown,Coimbatore,North,Furniture,Chair,17571.42,2.78,2607.59,1,Card,2024-12-03
4280,Yolanda Cooke,Trichy,North,Furniture,Chair,46750.05,16.5,10957.28,8,UPI,2024-08-30
4281,Monica Rodriguez,Salem,East,Clothing,Kurti,31910.1,19.17,3233.78,9,UPI,2025-09-13
4282,Cole Mccormick,Chennai,South,Groceries,Oil,8373.53,27.19,881.64,8,Cash,2024-11-25
4283,John Higgins,Coimbatore,South,Electronics,Headphones,4541.56,9.12,391.55,9,Cash,2024-10-24
4284,Tracy Harrington,Coimbatore,North,Furniture,Chair,19221.42,0.35,3000.36,3,UPI,2024-08-05
4285,Tamara Madden,Salem,South,Electronics,Smart Watch,23390.02,15.52,2474.06,2,Cash,2024-02-06
4286,Keith King,Chennai,East,Electronics,Laptop,39293.44,10.8,3800.48,3,Cash,2025-09-17
4287,Michelle Murphy,Coimbatore,West,Clothing,Kurti,7269.57,27.41,840.5,9,Cash,2024-06-23
4288,Amanda Rich,Madurai,West,Clothing,Jeans,38118.27,26.05,7132.34,9,UPI,2025-11-26
4289,Michael Aguilar,Chennai,South,Electronics,Laptop,46415.51,17.44,7480.75,2,Card,2024-10-27
4290,Daniel Herman,Tirunelveli,East,Sports,Football,11797.62,13,621.71,2,Cash,2025-02-27
4291,Jeremy Taylor,Chennai,West,Clothing,Jeans,23679.31,27.25,1661.4,7,Net Banking,2024-12-22
4292,Zachary Burgess,Salem,South,Groceries,Milk,33092.69,12.31,6926.71,5,UPI,2025-04-16
4293,Wendy Martinez,Madurai,South,Clothing,Jeans,19315.83,2.55,2745.15,6,Cash,2025-09-03
4294,Ruth Simmons,Coimbatore,West,Clothing,Jacket,31452.48,17.37,6078.34,2,Card,2025-02-21
4295,Whitney Morales,Madurai,East,Clothing,Jacket,42875.26,0.41,5127.13,4,Net Banking,2025-11-12
4296,David Walker,Trichy,East,Furniture,Chair,35441.84,8.95,8819.87,5,Net Banking,2024-04-11
4297,Michael Lutz,Chennai,North,Clothing,Jacket,28003.41,8.8,4591.03,2,UPI,2024-03-08
4298,Brittney Davila,Salem,South,Sports,Cricket Bat,8034.01,26.2,457.15,3,Card,2025-05-29
4299,Jacqueline Jones,Salem,West,Clothing,Kurti,13647.18,24.98,3311.09,10,UPI,2024-07-02
4300,Danny Porter,Madurai,West,Electronics,Smart Watch,43721.17,28.4,10277.57,3,Net Banking,2025-07-09
4301,Adam Phillips,Coimbatore,West,Clothing,Jeans,30148.65,2.16,6299.09,1,Card,2024-08-13
4302,April Jones,Madurai,East,Clothing,Kurti,10732.62,17.28,1826.84,7,Cash,2025-08-14
4303,Laura Martinez,Salem,South,Furniture,Sofa,31742.33,22.17,5413.52,3,Card,2024-01-14
4304,Richard Davis,Salem,North,Electronics,Laptop,31019.95,1.7,3300.6,8,Cash,2025-12-01
4305,Jacqueline Allen,Trichy,West,Clothing,T-Shirt,42201.25,7.37,2639.06,4,Net Banking,2025-02-11
4306,Vincent Mcguire,Tirunelveli,East,Sports,Cricket Bat,6077.98,2.11,830.82,1,Card,2025-02-15
4307,Victor Brown,Trichy,South,Electronics,Smart Watch,41585.06,15.04,9767.74,4,Card,2025-09-27
4308,Tracy Reed,Chennai,South,Groceries,Rice,29583.59,27.79,3716.9,4,Cash,2024-07-12
4309,David Burton,Salem,North,Groceries,Milk,8543.18,25.91,1356.7,4,UPI,2024-11-02
4310,Philip Bell,Salem,North,Furniture,Sofa,11832.77,9.26,1296.32,9,Cash,2025-11-02
4311,Danielle Hernandez,Coimbatore,West,Furniture,Table,27430.91,21.32,2807.48,8,Card,2025-02-04
4312,Kevin Green,Coimbatore,North,Electronics,Headphones,25123.63,20.39,3800.65,2,Cash,2025-03-28
4313,Jordan Flores,Coimbatore,East,Clothing,Jeans,19553.13,20.82,1880.52,8,Card,2024-07-24
4314,Meghan Rojas,Tirunelveli,West,Furniture,Cupboard,5799.9,18.08,1259.25,7,Card,2024-06-04
4315,Anthony Craig,Chennai,North,Electronics,Laptop,38221.33,28.07,2455.44,7,UPI,2024-10-30
4316,Kelly Edwards,Madurai,North,Furniture,Cupboard,23917.51,19.57,1475.77,3,Net Banking,2024-12-29
4317,Scott Lewis,Chennai,West,Furniture,Sofa,4535.2,2.41,876.59,4,Cash,2024-06-09
4318,Eduardo Webb,Madurai,South,Clothing,Jeans,46460.98,14.23,3934.9,2,Card,2024-05-03
4319,Randy Moyer,Coimbatore,South,Electronics,Mobile,12299.57,18.65,1023.15,7,Card,2025-11-02
4320,Lindsay Walton,Salem,East,Furniture,Chair,43225.22,28.46,3825.49,6,Net Banking,2024-09-16
4321,Laura Warren,Madurai,South,Furniture,Cupboard,41701.6,4.88,3477.17,10,Net Banking,2025-07-19
4322,Jordan Woods,Coimbatore,South,Groceries,Oil,12937.32,15.13,836.15,4,Net Banking,2024-01-01
4323,Beth Harris,Coimbatore,West,Sports,Shoes,32574.76,19.84,3440.1,5,Cash,2024-04-02
4324,Angel Orozco,Coimbatore,West,Sports,Shoes,2708.06,15.38,302.11,1,Card,2024-10-15
4325,Allen Smith,Trichy,South,Furniture,Table,9756.54,1.11,1935.88,7,Cash,2025-02-14
4326,Patricia Garcia,Chennai,East,Electronics,Smart Watch,10230.5,10.83,1536.89,3,Net Banking,2024-02-21
4327,David Mullins,Coimbatore,East,Electronics,Smart Watch,8379.65,27.1,697.85,9,UPI,2025-02-04
4328,William Kim,Salem,East,Furniture,Cupboard,24586.14,12.7,5815.63,5,Cash,2024-03-02
4329,Russell Townsend,Coimbatore,South,Furniture,Chair,39131.34,4.07,6127.54,1,Card,2025-05-23
4330,John Johnson,Madurai,South,Groceries,Snacks,29128.78,7.38,6365.19,7,Net Banking,2025-06-19
4331,David Chandler,Trichy,West,Electronics,Smart Watch,48140.3,6.07,11066.62,10,Card,2024-05-14
4332,Eric Duncan,Chennai,West,Clothing,Jeans,9954.23,20.99,1695.96,5,Card,2024-06-09
4333,Ashley Ramirez,Chennai,East,Groceries,Milk,7526.93,4.53,1113.28,1,Card,2024-04-23
4334,Anne Miles,Chennai,South,Clothing,Jacket,18741.32,7.48,3259.52,1,Card,2025-01-04
4335,Cody Morgan,Chennai,East,Sports,Cricket Bat,21261.52,5.33,2176.89,3,UPI,2025-07-31
4336,Laurie Gates,Tirunelveli,West,Sports,Football,22591.6,26.34,3860.83,5,Card,2025-08-06
4337,Robert Frye,Tirunelveli,East,Sports,Cricket Bat,13947.59,4.88,3220.77,8,Card,2024-08-06
4338,Joshua Li,Coimbatore,North,Clothing,Jacket,16624.02,1.83,2298.21,9,UPI,2025-02-25
4339,Erika Lee,Tirunelveli,West,Furniture,Cupboard,23447.96,1.39,5788.16,7,Card,2025-09-14
4340,Natalie Flowers,Salem,East,Electronics,Smart Watch,14637.11,4.48,2585.67,1,Cash,2024-03-16
4341,Mary Adkins,Chennai,West,Electronics,Mobile,24528.29,18.15,2411.85,4,Card,2024-02-06
4342,Kyle Bowman,Trichy,West,Sports,Cricket Bat,4799.13,24.7,615.74,1,Cash,2024-05-11
4343,Austin Farmer,Coimbatore,West,Clothing,Jacket,5524.32,19.59,282.57,4,UPI,2025-05-13
4344,Theresa Jones,Tirunelveli,East,Clothing,Jeans,43741.17,22.34,10426.96,4,Cash,2024-03-02
4345,Brendan Lopez,Madurai,South,Sports,Shoes,12139.73,29.63,747.55,4,Net Banking,2025-05-17
4346,Melissa Henderson,Chennai,South,Clothing,Jeans,6145.99,14.25,1040.71,7,UPI,2025-06-22
4347,Kayla Martinez,Salem,North,Clothing,T-Shirt,33568.25,20.12,2974.53,2,UPI,2024-07-27
4348,Allison Navarro,Tirunelveli,East,Groceries,Milk,36091.47,22.38,5554.88,9,UPI,2024-11-22
4349,Ruben Deleon,Madurai,North,Clothing,Jeans,34289.17,22.62,5215.84,7,Net Banking,2025-07-31
4350,Deborah Dixon,Coimbatore,North,Sports,Cricket Bat,3776.11,24,517.03,10,Net Banking,2025-12-08
4351,Tom Hahn,Trichy,North,Sports,Cricket Bat,49515.33,27.17,5197.43,10,Cash,2025-05-05
4352,Scott Weeks,Coimbatore,South,Furniture,Chair,8814.95,28.63,1693.92,3,Net Banking,2025-05-04
4353,Linda Roberts,Salem,East,Electronics,Mobile,14704.51,13.89,2939.28,9,Net Banking,2025-06-29
4354,Timothy Hicks,Tirunelveli,South,Furniture,Cupboard,45746.51,23.24,3386.06,4,Net Banking,2025-07-21
4355,Jill Woods,Coimbatore,North,Furniture,Chair,8913.84,3.87,1145.68,4,Card,2024-04-24
4356,Ronald Terry,Chennai,East,Sports,Football,38900.11,6.48,7132.89,2,Cash,2024-01-07
4357,Jade Ferguson,Trichy,West,Groceries,Snacks,27426.96,9.52,3049.96,3,Net Banking,2024-07-20
4358,Michael Wood,Trichy,South,Groceries,Oil,16962.26,17.59,3212.47,7,Card,2024-09-23
4359,Linda Cruz,Trichy,South,Groceries,Rice,4622.78,29,460.42,1,Card,2024-11-24
4360,Laura Williams,Trichy,West,Furniture,Cupboard,623.85,27.8,153.29,10,UPI,2025-10-20
4361,Chris Allen,Coimbatore,East,Groceries,Snacks,10231.17,1.6,2401.84,3,Net Banking,2025-11-17
4362,Andrea Williams,Salem,South,Sports,Cricket Bat,25846.1,16.92,2235.85,3,Net Banking,2025-10-18
4363,Randy Hill,Madurai,East,Clothing,Jacket,17427.98,7.46,4293.9,1,Card,2025-07-02
4364,Leah Fernandez,Chennai,South,Sports,Football,34139.36,18.46,6602.67,5,Card,2024-01-22
4365,James Scott,Salem,South,Electronics,Headphones,33594.06,29.27,6393.18,10,UPI,2024-07-07
4366,Edward Norris,Tirunelveli,East,Electronics,Laptop,34860.6,2.59,7924.17,10,UPI,2025-11-29
4367,Paul Austin,Coimbatore,North,Clothing,Jacket,8409.74,23.14,1628.51,4,Cash,2024-12-13
4368,Amber Williams,Madurai,South,Groceries,Snacks,12109.14,7.79,1970.81,10,Cash,2024-08-25
4369,Donna Harris,Salem,South,Clothing,T-Shirt,6425.28,4.23,756.8,4,Net Banking,2025-08-31
4370,Jordan Weber,Trichy,North,Sports,Football,38530.21,5.45,2610.56,9,UPI,2024-02-27
4371,Elizabeth Fritz,Madurai,North,Sports,Cricket Bat,38314.4,15.69,8713.2,7,Card,2024-06-05
4372,Wendy Reynolds,Trichy,West,Clothing,Jeans,17866.22,5.98,1763.53,10,Card,2024-07-16
4373,Elizabeth Pierce,Chennai,East,Groceries,Oil,35503.08,25.61,7770.06,1,Card,2024-10-26
4374,Kevin Clements,Salem,West,Electronics,Mobile,32676.48,7.39,4361.3,2,Card,2025-12-22
4375,Amanda Nichols,Chennai,South,Furniture,Sofa,38092.58,22.62,7923.89,4,Card,2025-01-26
4376,Nicholas Walker,Tirunelveli,North,Furniture,Sofa,5140.61,24.72,1245.01,5,Net Banking,2025-01-01
4377,Anthony Adams,Madurai,South,Clothing,Jeans,35704.95,8.27,4272.12,1,Net Banking,2025-07-04
4378,Patrick Holmes,Madurai,East,Electronics,Mobile,49391.08,28.58,6843.51,7,Card,2024-01-22
4379,Tammy Price,Trichy,South,Sports,Gym Bag,6658.68,6.08,1313.85,10,UPI,2025-10-31
4380,Jeffrey Joseph,Tirunelveli,East,Electronics,Headphones,20213.65,0.89,3199.92,4,Card,2025-05-06
4381,Wanda Watson,Madurai,East,Clothing,Kurti,39110.18,8.99,4166.2,9,Net Banking,2024-06-10
4382,Emily Hunter,Tirunelveli,East,Groceries,Rice,26735.51,26.34,5374.77,5,Cash,2025-07-04
4383,Kelly French,Coimbatore,West,Furniture,Chair,10700.53,10.81,586.39,4,Card,2025-09-21
4384,Mark Jacobs,Tirunelveli,East,Clothing,Kurti,13982.28,14.46,1974.32,4,Cash,2025-06-28
4385,Jacqueline Parker,Salem,East,Electronics,Smart Watch,38840.89,19.96,4212.99,3,Net Banking,2025-11-15
4386,Troy Cooper DVM,Coimbatore,West,Clothing,T-Shirt,41388.15,15.37,4484.04,10,Card,2024-02-11
4387,Robert Campbell,Coimbatore,East,Electronics,Laptop,45390.88,2.89,11113.2,7,Net Banking,2024-04-16
4388,Robert Morris,Madurai,East,Furniture,Cupboard,23162.68,20.08,1807.05,2,Net Banking,2024-04-21
4389,Cody Johnson MD,Trichy,South,Clothing,Kurti,39462.74,19.73,7435.19,5,UPI,2025-08-21
4390,Louis Stephens,Trichy,East,Sports,Cricket Bat,11634.12,29.39,1340.01,8,Card,2024-04-25
4391,Shawn Hernandez,Coimbatore,South,Groceries,Milk,33057.93,12.27,5797.93,6,UPI,2024-12-06
4392,Joseph Mccall,Salem,South,Sports,Gym Bag,19454.77,19.72,3585.18,4,UPI,2024-01-20
4393,Clayton Walker,Coimbatore,South,Sports,Cricket Bat,25860.37,27.02,5516.94,5,Net Banking,2025-05-19
4394,Aaron Lara,Coimbatore,East,Furniture,Chair,12583.53,1.21,693.93,5,Cash,2024-04-29
4395,Mrs. Sonya Hensley PhD,Chennai,North,Clothing,Jacket,38508.66,14.14,2915.84,5,Net Banking,2025-10-03
4396,Michelle Newman,Coimbatore,West,Clothing,T-Shirt,18740.87,19.41,1615.33,10,Net Banking,2024-09-29
4397,Edward Casey,Coimbatore,South,Groceries,Rice,31755.49,6.5,4208.38,5,Card,2024-07-07
4398,John Collier,Madurai,West,Sports,Cricket Bat,29128.34,11.96,3697.15,5,UPI,2025-02-06
4399,Matthew Aguilar,Tirunelveli,South,Sports,Football,20656.02,20.07,1283.89,8,Card,2025-11-20
4400,Tony Dudley,Madurai,North,Electronics,Mobile,48256.53,29.47,10362.5,2,Card,2025-11-14
4401,Lisa Hammond,Coimbatore,West,Electronics,Mobile,37276.64,3.15,3443.59,6,Net Banking,2024-01-23
4402,Stephanie Ortega,Trichy,South,Furniture,Sofa,15752.37,4.05,2496.9,6,Card,2024-08-22
4403,Maria Miller,Tirunelveli,North,Groceries,Snacks,30905.63,24.68,2688.94,8,Net Banking,2025-11-19
4404,Robert Lynn,Tirunelveli,East,Sports,Football,9282.11,18.45,565.89,4,Card,2025-07-30
4405,Tara Garcia,Trichy,South,Electronics,Mobile,6766.91,2.37,1646.29,6,Cash,2024-09-05
4406,Victoria Rose,Chennai,East,Groceries,Rice,41707.63,11.08,7015.65,8,UPI,2024-02-10
4407,Marie Dillon,Coimbatore,North,Clothing,Jacket,2315.03,18.48,284.57,5,Cash,2024-01-28
4408,Robert Jones,Trichy,West,Furniture,Chair,48657.08,21.59,8411.83,8,Net Banking,2024-03-18
4409,Julie Lucas,Coimbatore,South,Sports,Football,17919.69,15.2,1813.27,4,UPI,2025-06-11
4410,Tammy Myers,Chennai,South,Clothing,Jacket,37949.81,17.35,8117.18,2,Net Banking,2024-07-14
4411,James West,Trichy,West,Sports,Gym Bag,21331.8,19.75,3955.86,5,Cash,2025-08-19
4412,Tommy Kent,Tirunelveli,North,Groceries,Milk,26142.79,28.43,1526.08,3,Net Banking,2025-02-15
4413,William Goodwin,Tirunelveli,East,Clothing,Jeans,42166.73,21.7,4097.78,6,UPI,2025-11-17
4414,Mrs. Felicia Huerta,Chennai,North,Sports,Shoes,5704,8.5,608.84,1,Cash,2025-03-13
4415,Ralph Cisneros,Trichy,West,Sports,Shoes,26035.93,28.24,3633.61,5,Net Banking,2024-09-11
4416,Robert Lane,Chennai,North,Electronics,Laptop,40612.08,25.75,7554.81,4,Cash,2024-06-17
4417,Jacqueline Galvan,Trichy,North,Groceries,Milk,20710.71,29.17,1495.15,10,Card,2024-05-30
4418,Charles Bradley,Madurai,South,Electronics,Laptop,14799.16,0.31,3259.32,4,Cash,2024-06-22
4419,Daniel Ochoa,Chennai,East,Clothing,Jeans,39603.72,28.24,7814.15,4,UPI,2025-03-03
4420,Elizabeth Rush,Tirunelveli,North,Groceries,Snacks,39819.7,18.87,3449.49,6,Cash,2025-04-08
4421,Kelsey Vazquez,Salem,North,Electronics,Headphones,21455.38,27.86,3401.32,1,Card,2024-06-04
4422,Ryan Stevens,Tirunelveli,West,Clothing,Jacket,10717.51,7.1,1801.99,3,Cash,2024-11-23
4423,Lonnie Mendez,Chennai,North,Sports,Gym Bag,1487.77,9.15,155.77,2,Card,2024-10-02
4424,Scott Perry,Salem,East,Electronics,Headphones,27338.94,15.24,5740.68,10,Card,2025-07-20
4425,Jamie Williams,Madurai,South,Electronics,Headphones,20322.8,3.01,3102.25,5,Cash,2025-09-26
4426,Brittney Mitchell,Tirunelveli,North,Clothing,T-Shirt,28799.68,19.89,3170.73,1,Net Banking,2025-02-01
4427,Jacqueline Hebert,Trichy,West,Electronics,Smart Watch,964.31,13.8,119.15,4,Card,2025-10-14
4428,Grace Mccarthy,Salem,East,Groceries,Oil,12289.06,21.95,1158.24,3,Cash,2025-01-22
4429,Gregory Pugh,Chennai,West,Clothing,Jacket,17669.69,29.31,1689.07,5,UPI,2024-10-25
4430,Kyle Dudley,Coimbatore,South,Groceries,Rice,40653.54,8.87,3943.14,1,UPI,2024-04-09
4431,Cynthia Palmer,Coimbatore,South,Clothing,Jeans,19569.56,12.7,1834.42,3,Cash,2025-03-01
4432,Marissa Dunn,Trichy,West,Sports,Football,6252.85,4.3,1235.31,7,UPI,2024-04-22
4433,Mrs. April Oliver,Coimbatore,North,Groceries,Snacks,19460.37,0.92,1691.59,2,Cash,2024-12-17
4434,Gregory Tanner,Chennai,East,Clothing,Jacket,36296.34,21.97,6031.57,7,Card,2025-12-01
4435,Sandra Clark,Coimbatore,South,Furniture,Chair,49950.12,13.34,6541.66,7,Net Banking,2024-10-14
4436,Nicholas Robles,Tirunelveli,North,Groceries,Rice,25310.83,2.98,5491.34,8,UPI,2024-02-11
4437,Barbara Lane,Coimbatore,East,Groceries,Snacks,13712.4,20.62,2329.07,9,Card,2025-03-27
4438,Travis Livingston,Salem,North,Groceries,Rice,26092.36,17.98,4400.39,2,Cash,2024-03-02
4439,Edward Blackburn,Tirunelveli,East,Furniture,Cupboard,45807.85,28.24,11160.21,6,Cash,2025-07-13
4440,Kimberly Nguyen,Salem,South,Sports,Shoes,4067.17,7.61,353.06,1,UPI,2025-07-14
4441,Natalie Todd,Madurai,North,Groceries,Snacks,13132.46,28.08,1562.35,2,Net Banking,2024-11-07
4442,Lauren Moore,Madurai,West,Furniture,Cupboard,19775.33,16.7,4108.34,2,Cash,2025-09-15
4443,Nicholas Cardenas,Madurai,South,Groceries,Snacks,41355.62,26.53,9831.28,3,Net Banking,2025-10-14
4444,Andrea Perkins,Salem,North,Clothing,Jeans,5620.91,0.63,1056.44,3,Card,2025-02-06
4445,Patrick Navarro,Salem,North,Furniture,Sofa,31415.92,11.88,6569.92,2,Card,2025-12-31
4446,Miranda Shelton,Tirunelveli,East,Clothing,Kurti,43248.52,8.41,9245.99,3,Net Banking,2025-05-13
4447,Melody Hall,Coimbatore,North,Sports,Shoes,28192.89,13.21,4678.35,9,Card,2024-07-30
4448,Michael Cruz,Chennai,East,Clothing,Kurti,5381.48,7.91,1216.79,1,UPI,2025-01-04
4449,Lawrence Wilson,Coimbatore,East,Groceries,Rice,35650.07,17.91,2024.03,2,Cash,2025-05-09
4450,Stephanie Clark,Coimbatore,North,Furniture,Chair,38460.37,11.59,2511.64,5,Cash,2025-11-18
4451,Mary Walton,Trichy,East,Clothing,Jacket,13451.1,19.35,2375.65,6,UPI,2024-02-03
4452,Brittany Robinson,Madurai,North,Furniture,Table,27033.97,12.21,2669.16,3,Cash,2024-10-25
4453,Ruben Dudley,Chennai,West,Electronics,Smart Watch,27368.04,29.26,2873.15,9,Net Banking,2025-06-13
4454,Julie Miller,Chennai,South,Electronics,Smart Watch,17687.51,3.46,3139.99,8,Card,2024-02-19
4455,Shelly Harris,Coimbatore,North,Sports,Cricket Bat,47402.92,11.55,6748.49,4,Card,2025-03-21
4456,Deborah Alvarez,Trichy,North,Groceries,Milk,34430.36,23.17,4311.23,2,Cash,2024-08-02
4457,Edwin Lawrence,Chennai,South,Clothing,Kurti,12627.06,10.45,1804.52,2,Net Banking,2024-10-02
4458,Michelle Myers,Madurai,North,Furniture,Sofa,43111.1,19.19,4594.59,10,UPI,2024-05-25
4459,Mikayla Jones,Tirunelveli,South,Furniture,Sofa,42371.49,6.77,9963.53,6,Cash,2025-05-26
4460,Amanda Cook,Trichy,West,Groceries,Rice,5383.41,5.81,503.5,2,UPI,2025-10-26
4461,Kevin Marshall,Coimbatore,South,Groceries,Snacks,48538.34,27.97,2732.65,7,Net Banking,2025-11-30
4462,Jaime Casey,Madurai,West,Sports,Gym Bag,16971.66,5.47,1084.27,10,Cash,2024-03-23
4463,Veronica Cameron,Coimbatore,South,Groceries,Milk,21870.17,4.97,3787.93,1,UPI,2024-04-22
4464,Steve Pratt,Coimbatore,South,Electronics,Headphones,12256.95,6.63,1650.36,5,UPI,2024-02-18
4465,Kevin Wagner,Madurai,East,Furniture,Sofa,8925.07,7.35,1354.71,7,Cash,2024-03-17
4466,Robert Nolan,Trichy,North,Sports,Cricket Bat,18579.23,0.12,3721.97,9,Card,2024-11-13
4467,Shane Richards,Madurai,North,Furniture,Chair,42296.32,28.79,3608.55,5,UPI,2025-03-04
4468,Jennifer Sloan,Coimbatore,East,Sports,Shoes,22897.6,18.33,5203.07,2,Net Banking,2024-07-25
4469,Mary Collins,Madurai,North,Electronics,Smart Watch,14712.15,19.27,826.73,4,UPI,2024-08-24
4470,Brenda Trujillo,Madurai,South,Furniture,Table,20342.06,24.26,3306.05,9,Card,2025-09-26
4471,Paige Nichols,Coimbatore,East,Clothing,Kurti,30972.38,15.39,2425.27,1,UPI,2025-10-16
4472,Dustin Hardy,Madurai,West,Groceries,Snacks,4507.14,22.02,693.19,6,Card,2025-03-04
4473,Bryan Meyers,Chennai,West,Furniture,Cupboard,42398.63,18.66,7304.56,7,Cash,2025-11-09
4474,Justin Lambert,Coimbatore,East,Furniture,Sofa,385.39,7.83,59.33,9,Card,2024-07-06
4475,Sara White,Coimbatore,North,Sports,Cricket Bat,10273.03,21.26,1577.69,1,Card,2024-10-02
4476,Dr. Jason Harris DDS,Tirunelveli,North,Groceries,Oil,13020.2,12.34,1172.02,3,Net Banking,2025-10-07
4477,Richard Reeves,Chennai,East,Groceries,Snacks,31817.65,23.69,6040.51,8,Card,2025-09-09
4478,Shawn Walsh,Coimbatore,South,Sports,Cricket Bat,44549.03,9.93,6449.47,1,Cash,2025-06-14
4479,Stefanie Cook,Trichy,South,Groceries,Rice,13622.85,3.84,1956.81,5,Cash,2024-12-03
4480,James Mclaughlin,Salem,East,Groceries,Milk,47976.87,17.5,10906.06,2,Net Banking,2024-02-05
4481,Jose Fitzpatrick,Salem,East,Groceries,Snacks,40083.26,14.5,8169.65,7,UPI,2024-07-24
4482,Andrew Ray,Madurai,West,Sports,Football,44233.91,25.99,4701.68,9,UPI,2025-12-23
4483,Kevin Reed,Tirunelveli,North,Groceries,Milk,34435.01,28.82,4389.75,7,Cash,2024-04-06
4484,Jeffrey Ryan,Coimbatore,East,Groceries,Milk,3665.33,11.5,394.11,2,Card,2024-09-13
4485,James Daniel,Coimbatore,North,Groceries,Milk,31730.54,8.53,3249.9,1,UPI,2025-02-05
4486,William Horton,Coimbatore,South,Electronics,Mobile,28845.19,14.55,3811.95,7,UPI,2025-07-09
4487,Kaylee Clark,Tirunelveli,West,Sports,Gym Bag,47862.24,0.43,4743.52,7,UPI,2024-07-20
4488,April Mullins,Madurai,West,Furniture,Chair,25181.86,23.35,5575.76,8,Card,2025-10-23
4489,Henry Harris,Chennai,North,Furniture,Sofa,29569.36,6.69,6109.75,9,Card,2024-11-28
4490,Courtney Lopez,Chennai,North,Furniture,Cupboard,49824.47,25.62,8946.56,9,Cash,2024-06-02
4491,Mitchell Baker,Chennai,West,Clothing,Jacket,40022.47,5.85,7914.03,8,Cash,2025-01-23
4492,Andrew Fisher,Salem,South,Groceries,Oil,21284.8,14.52,2319.52,6,Card,2025-11-18
4493,Jason Bell,Madurai,South,Clothing,Jacket,31264.51,28.57,4980.62,2,Card,2025-05-16
4494,Scott Garcia,Trichy,West,Furniture,Chair,2649.55,4.61,190.48,3,Net Banking,2025-04-27
4495,Devon Gallagher,Madurai,West,Groceries,Rice,41967.32,16.04,5329.35,10,Cash,2024-11-09
4496,Andrew Foster,Chennai,North,Groceries,Oil,33704.18,21.76,3174.29,9,Net Banking,2025-04-14
4497,Dr. Erin Morton,Madurai,West,Groceries,Oil,6258.43,20.83,712.11,6,UPI,2024-02-03
4498,Terri Lynch,Chennai,West,Furniture,Chair,31955.27,4.24,3991.95,10,Net Banking,2024-07-19
4499,Kathy Johnson,Coimbatore,East,Electronics,Mobile,48708.68,25.31,3397.63,9,UPI,2025-09-08
4500,Anthony Adams,Tirunelveli,West,Electronics,Headphones,827.03,21.44,109.65,10,Cash,2025-08-22
4501,Heather Woodard,Madurai,North,Clothing,Kurti,46830.22,9.39,3605.58,10,Cash,2024-01-13
4502,Wesley Flores,Trichy,South,Sports,Shoes,34803.77,15.31,1957.23,8,Cash,2024-07-13
4503,Mr. Timothy Case,Madurai,West,Groceries,Snacks,42609.91,10.49,8969.89,4,UPI,2024-12-06
4504,Zachary Arnold,Tirunelveli,North,Sports,Cricket Bat,19914.2,1.91,4484.5,9,Card,2024-03-01
4505,Terry Armstrong,Salem,East,Clothing,Jacket,44198.61,1.53,9278.36,2,UPI,2025-11-18
4506,Cynthia Fields,Salem,North,Clothing,Kurti,30356.7,11.49,6865.29,3,UPI,2025-05-29
4507,Arthur Coleman,Coimbatore,East,Furniture,Cupboard,40190.13,11.91,7485.97,8,Cash,2024-03-10
4508,Joe Pollard,Madurai,East,Electronics,Headphones,6879.13,15.68,788.04,7,UPI,2025-06-03
4509,Sarah Myers,Salem,East,Electronics,Smart Watch,37574.61,20.99,9159.82,4,Cash,2025-03-21
4510,Laura Parker,Trichy,West,Electronics,Mobile,7835.96,20.32,784.4,5,Card,2024-08-01
4511,Madison Walker,Madurai,North,Groceries,Rice,13801.7,11.32,2694.06,5,Cash,2024-05-03
4512,Patricia Fields,Salem,South,Furniture,Cupboard,17861.85,6.32,1427.24,10,Net Banking,2024-05-21
4513,Stephanie Brown,Trichy,North,Furniture,Cupboard,14380.6,15.29,2953.06,1,Card,2024-12-17
4514,Michael Williams,Chennai,West,Clothing,Jeans,11958.06,15.96,1944.99,1,Cash,2025-03-19
4515,Angela Jones,Trichy,East,Electronics,Mobile,6084.37,21.49,1132.5,10,Card,2024-03-20
4516,Tamara Liu,Tirunelveli,South,Groceries,Oil,38665.67,2.3,9540.57,5,UPI,2024-12-12
4517,Jill Arnold,Tirunelveli,North,Sports,Cricket Bat,12438.34,28.31,2745.9,2,Net Banking,2024-02-11
4518,Chad Shepherd,Tirunelveli,East,Electronics,Laptop,13238.76,24.15,1786.56,6,Net Banking,2025-01-15
4519,Kenneth Perry,Coimbatore,North,Sports,Football,45207.03,2.63,4895.2,7,Net Banking,2025-05-26
4520,Jacqueline Gallagher,Chennai,West,Groceries,Oil,5105.05,27.14,529.92,9,Cash,2024-11-21
4521,Daniel Johnson,Madurai,East,Electronics,Laptop,43504.06,24.41,7744.17,2,UPI,2025-06-17
4522,Dillon Chen,Chennai,South,Clothing,T-Shirt,31956.86,12.03,6732.19,9,Net Banking,2024-01-17
4523,Michael Contreras,Chennai,North,Sports,Football,15172.17,4.5,1783.63,9,Cash,2025-04-10
4524,Tricia Mcneil,Madurai,East,Clothing,T-Shirt,7922,4.28,1873.63,8,UPI,2025-10-24
4525,John Thompson,Tirunelveli,North,Sports,Cricket Bat,32313.53,20.32,4557.87,4,UPI,2025-07-01
4526,Tammy Martin,Tirunelveli,West,Sports,Cricket Bat,8473.55,8.52,1472.34,10,Card,2024-06-03
4527,Steven Edwards,Chennai,North,Sports,Shoes,40977.47,15.85,5596.05,8,Card,2024-07-02
4528,Patricia Walker,Salem,North,Furniture,Sofa,20173.09,12.92,4411.31,8,UPI,2024-06-04
4529,Gina Williams,Chennai,East,Furniture,Table,2381.37,23.8,319.56,4,UPI,2025-02-27
4530,Lisa Mcdonald,Coimbatore,East,Electronics,Smart Watch,39260.41,20.55,6865.25,10,Cash,2024-05-24
4531,David Peters,Coimbatore,South,Groceries,Milk,45504.64,16.05,5789.87,10,Card,2024-10-11
4532,Samuel Brown,Salem,East,Electronics,Laptop,12857.87,9.84,822.98,6,Cash,2025-08-19
4533,Sandra Christensen,Madurai,East,Furniture,Chair,28226.01,24.52,3931.22,7,Net Banking,2024-08-27
4534,Matthew Wiley,Trichy,South,Clothing,Kurti,7731.18,21.33,1037.13,4,UPI,2024-10-22
4535,Tyler Martinez,Tirunelveli,South,Furniture,Sofa,9801.42,19.76,1345.75,7,Cash,2024-08-31
4536,Lee Mcknight,Tirunelveli,North,Electronics,Headphones,13321.38,9.39,1564.66,10,Cash,2025-10-08
4537,Mr. Benjamin Gonzalez,Salem,North,Clothing,T-Shirt,38087.87,6.88,3150.3,10,Net Banking,2024-11-22
4538,Jeffrey Burton,Salem,West,Clothing,Jacket,32694.21,17.23,3535.18,3,Card,2024-08-07
4539,Ashley Rodriguez,Coimbatore,North,Electronics,Laptop,16533.82,18.17,1052.88,8,Card,2024-07-08
4540,Margaret Cruz,Coimbatore,North,Clothing,Kurti,27284.57,4.16,3589.82,1,UPI,2025-02-01
4541,Beverly Scott,Tirunelveli,West,Sports,Football,34068.85,11.27,1707.35,3,Cash,2025-11-04
4542,Susan Anderson,Salem,West,Electronics,Mobile,23837.97,9.51,5386.14,8,Net Banking,2024-12-14
4543,Jeffery Wheeler,Trichy,West,Groceries,Oil,29474.44,17.47,3706,2,UPI,2024-06-03
4544,Robert Gray,Chennai,South,Groceries,Rice,9358.27,10.65,1650.26,8,Card,2025-12-22
4545,Stephen Morris,Tirunelveli,East,Groceries,Snacks,9171.14,23.58,1975.34,4,UPI,2025-08-13
4546,Abigail Montoya,Chennai,North,Electronics,Laptop,6664.36,5.49,1371.75,7,UPI,2024-12-29
4547,Raymond Mitchell,Salem,West,Clothing,Jeans,49591.62,3.58,12234.7,10,Net Banking,2024-01-10
4548,Kelly Ramirez,Coimbatore,South,Furniture,Sofa,11203.44,16.62,2674.12,10,Net Banking,2024-10-12
4549,Steven Rodriguez,Coimbatore,North,Groceries,Milk,1988.98,24.51,301.68,10,Card,2025-01-28
4550,Grace Morgan,Chennai,West,Clothing,Jeans,36630.79,0.36,5956.72,7,Card,2024-03-30
4551,Susan Bates,Tirunelveli,North,Electronics,Mobile,2701.34,30,271.04,1,Cash,2024-04-08
4552,Shelly Perry,Tirunelveli,West,Electronics,Mobile,38394.18,24.91,7231.64,10,Card,2024-12-14
4553,Kristin Soto,Madurai,South,Sports,Shoes,6360.23,20.69,518.14,8,Cash,2025-07-17
4554,Mark Harris,Salem,South,Furniture,Chair,602.54,13.81,97.88,3,Cash,2025-09-06
4555,Richard Barker,Coimbatore,South,Groceries,Oil,17927.01,9.36,1980.82,7,Card,2025-08-05
4556,Jillian Serrano,Trichy,West,Electronics,Mobile,40770.53,19.19,2260.66,4,UPI,2024-04-19
4557,Daniel Flores,Madurai,South,Sports,Cricket Bat,35655.43,18.76,3074.3,9,UPI,2024-12-11
4558,Richard Hatfield,Tirunelveli,North,Groceries,Rice,5639.72,20.54,824.43,1,Card,2024-11-03
4559,Kathleen Robbins,Madurai,South,Clothing,Jacket,2923.36,20.45,692.33,6,Net Banking,2025-09-01
4560,Bonnie Mills,Chennai,South,Furniture,Cupboard,26523.06,18.87,3132.12,7,Card,2024-11-01
4561,Jennifer Taylor,Salem,South,Electronics,Laptop,27492.67,20.79,6254.94,10,Net Banking,2025-06-22
4562,Meredith White MD,Coimbatore,South,Clothing,Jeans,33245.85,18.9,5922.65,7,Card,2024-02-09
4563,Mr. William Sims,Chennai,East,Electronics,Headphones,30812.04,19.33,2972.1,2,Cash,2025-10-20
4564,Beth Davis,Chennai,East,Furniture,Chair,46819.05,10.49,6361.88,5,UPI,2025-10-09
4565,Sydney Mills,Trichy,East,Electronics,Laptop,31424.34,19.34,7038.81,8,UPI,2024-03-14
4566,Jessica Robinson,Coimbatore,West,Sports,Football,42597.85,27.15,2788.2,7,Card,2025-04-06
4567,Wanda Morris,Tirunelveli,West,Sports,Gym Bag,27270.88,7,6438.19,3,Card,2024-09-11
4568,Ian Miles,Salem,West,Sports,Cricket Bat,44949.65,8.97,6535.59,9,UPI,2025-10-06
4569,Albert Ellis,Coimbatore,West,Groceries,Rice,43896.03,27.23,5822.98,5,Card,2025-04-10
4570,Nicole Diaz,Madurai,North,Groceries,Milk,45620.07,15.84,3219.06,6,Cash,2025-02-03
4571,Charles Baldwin,Chennai,East,Sports,Football,16156.35,2.55,1467.16,1,Cash,2025-03-26
4572,Nicole Williams,Chennai,South,Electronics,Smart Watch,5800.64,12.54,1128.26,1,UPI,2025-02-27
4573,Rose Anderson,Trichy,East,Electronics,Smart Watch,967.37,25.12,156.14,3,Net Banking,2024-02-08
4574,Amy Edwards,Chennai,South,Groceries,Snacks,16945.24,14.36,1859.87,7,Cash,2024-04-29
4575,Charles Perez,Salem,East,Sports,Football,20899.14,19.08,3819.03,5,Card,2025-02-26
4576,Erica Wilson,Salem,South,Sports,Cricket Bat,13407.5,18.31,803.51,10,UPI,2025-04-12
4577,Michelle Pham,Trichy,West,Groceries,Rice,13401.28,18.56,1060.21,8,Card,2025-02-04
4578,Stephanie Rodgers,Tirunelveli,South,Clothing,Jacket,37718.2,11.12,3548.96,7,UPI,2024-08-08
4579,Alexis Kelly,Trichy,West,Electronics,Smart Watch,43476.35,4.42,5349.22,4,Card,2025-01-20
4580,Eugene Gutierrez,Madurai,East,Furniture,Table,29266.74,7.56,2786.4,2,UPI,2024-03-26
4581,Angela Martinez,Trichy,North,Furniture,Table,47631.67,22.85,8996.52,2,Cash,2024-06-11
4582,Charles Wright,Trichy,South,Sports,Cricket Bat,23685.84,29.53,4236.71,1,Cash,2024-01-06
4583,Joseph Patterson,Tirunelveli,West,Furniture,Table,16424.47,25.89,2840.29,9,Card,2024-06-05
4584,Jake Howard,Chennai,South,Sports,Cricket Bat,7144.18,18.45,743.18,10,Cash,2024-06-25
4585,Brandon Sherman,Tirunelveli,North,Clothing,T-Shirt,41107.8,23.3,5827.27,9,Cash,2025-07-21
4586,Francisco Price,Madurai,South,Furniture,Table,30775,16.48,6133.02,8,Net Banking,2025-10-21
4587,Kaitlyn Byrd,Madurai,East,Furniture,Cupboard,7966.39,25.12,1066.52,7,UPI,2024-03-20
4588,Anna Carter,Trichy,West,Furniture,Sofa,17364.05,19.31,1749.8,5,UPI,2025-11-21
4589,Lauren Moran,Trichy,West,Clothing,Jeans,23416.91,14.07,4412.56,7,Cash,2024-12-26
4590,Melissa Ray,Tirunelveli,East,Clothing,Jeans,23674.84,29.85,3920.28,2,UPI,2025-12-01
4591,Theodore Robertson MD,Madurai,North,Furniture,Table,3469.25,13.39,243.22,4,Card,2024-12-08
4592,Dr. Veronica Pham DVM,Tirunelveli,North,Clothing,Jacket,13617.35,29.76,3371.63,7,UPI,2025-12-18
4593,Brian Smith,Trichy,West,Sports,Shoes,13458.35,5.92,1094.45,5,Cash,2025-10-02
4594,Charles Ramos,Chennai,West,Clothing,T-Shirt,36363.51,15.78,6656.84,10,Card,2025-05-18
4595,Jessica Hunt,Trichy,West,Furniture,Chair,18262.45,11.16,1900.01,8,Cash,2024-03-27
4596,Jeremy Snyder,Trichy,East,Electronics,Laptop,1035.83,25.57,99.03,3,Card,2024-01-16
4597,Nicole Walker,Trichy,West,Furniture,Cupboard,18048.79,4.46,3365.66,5,Cash,2025-05-15
4598,Michael Gonzalez,Coimbatore,East,Electronics,Laptop,574.39,0.34,47.49,8,Card,2025-05-31
4599,Shawn Cox,Trichy,North,Sports,Gym Bag,35831.45,12.88,8435.95,9,Card,2024-06-28
4600,Rachel Nguyen,Tirunelveli,North,Electronics,Mobile,7899.54,5.05,1170.89,6,Cash,2025-07-07
4601,Kelly Blair,Salem,North,Sports,Shoes,38570.95,17.51,3883.45,9,Cash,2024-02-15
4602,Angela Freeman,Tirunelveli,North,Sports,Football,22840.71,12.43,1214.31,6,Cash,2024-12-12
4603,Dr. Maria Mercado,Tirunelveli,North,Sports,Football,15127.52,24.6,2351.37,4,Cash,2025-08-15
4604,Kyle Reyes,Salem,North,Electronics,Mobile,33773.76,14.44,7461.75,8,Card,2024-02-22
4605,Diana Casey,Madurai,West,Sports,Cricket Bat,46118.95,17.04,9317.34,5,Card,2024-11-22
4606,Scott Jenkins,Chennai,North,Sports,Shoes,9126.77,21.06,834.15,10,UPI,2025-07-17
4607,Alan Owens,Coimbatore,East,Electronics,Headphones,25458.07,20.23,3353.25,7,UPI,2024-08-25
4608,Beth Blanchard,Salem,West,Furniture,Cupboard,42943.18,0.99,7392.59,1,Net Banking,2024-01-20
4609,Thomas Miller,Madurai,West,Sports,Cricket Bat,16782.35,19.51,2454.28,6,UPI,2025-01-01
4610,Michelle Jackson,Madurai,West,Sports,Shoes,6364.78,1.79,1375.84,6,Net Banking,2025-02-26
4611,Robert Hill,Coimbatore,East,Electronics,Mobile,47414.79,15.21,5051.52,7,Card,2024-05-15
4612,Heidi Cooper,Madurai,North,Electronics,Smart Watch,41188.2,18.8,4427.16,4,UPI,2025-12-15
4613,Deborah Osborn,Salem,East,Clothing,Jacket,15147.12,9.52,2823.35,4,UPI,2024-04-07
4614,Erica Gardner,Trichy,North,Groceries,Oil,23577.75,21.25,4283.06,8,Net Banking,2024-12-09
4615,Veronica Young,Trichy,North,Groceries,Snacks,7309.7,2.33,1214.68,10,UPI,2025-01-25
4616,Michelle Thompson,Madurai,North,Clothing,T-Shirt,7948.88,8.78,461.31,9,Net Banking,2024-11-02
4617,Brian Pham,Chennai,South,Clothing,Kurti,35495.7,5.11,7394.44,10,Card,2025-07-18
4618,Diana Payne,Trichy,North,Furniture,Sofa,46056.15,11.33,5487.26,7,UPI,2024-10-06
4619,Richard Jones,Coimbatore,North,Clothing,Jacket,5701.2,25.83,859.24,1,Net Banking,2025-08-15
4620,Bradley Stone,Madurai,West,Furniture,Chair,19461.72,23.4,4207.97,10,Net Banking,2025-10-05
4621,Andrew Wolf,Chennai,East,Furniture,Table,36405.41,14.49,1946.53,2,Card,2024-09-01
4622,Tommy Wu,Coimbatore,North,Clothing,T-Shirt,11877.24,28.86,2713.8,7,Net Banking,2024-08-14
4623,Bobby Matthews,Trichy,West,Clothing,Jacket,25710.77,28.54,1504.4,4,Cash,2025-09-13
4624,Thomas Velez,Madurai,East,Clothing,Kurti,20093.33,15.69,3296.3,4,UPI,2024-05-01
4625,Andrew May,Trichy,West,Clothing,Jeans,15299.82,9.9,1907.37,8,Cash,2024-05-08
4626,Brady Brooks,Tirunelveli,East,Electronics,Headphones,18946.47,4.12,3787.61,4,Card,2025-04-06
4627,Shannon Conway,Coimbatore,South,Furniture,Cupboard,1083.6,12.46,224.23,9,UPI,2025-08-10
4628,Paul Lamb,Tirunelveli,North,Clothing,Kurti,36833.73,29.09,6336.16,1,Card,2024-12-18
4629,Aaron Berg,Chennai,East,Sports,Cricket Bat,42513.04,4.31,5810.55,4,Net Banking,2025-01-27
4630,Melinda Lara,Salem,North,Electronics,Mobile,16515.03,27.82,1998.82,3,Card,2025-05-11
4631,Brian Ingram,Madurai,West,Sports,Cricket Bat,34684.04,17.12,8667.31,8,UPI,2024-11-10
4632,Joel Jennings,Salem,West,Groceries,Milk,589.92,24.63,142.57,6,UPI,2025-02-17
4633,Chloe Ortiz,Tirunelveli,West,Clothing,Jeans,48274.93,19.68,11399.45,10,Net Banking,2024-10-16
4634,Patrick Banks,Coimbatore,West,Sports,Cricket Bat,30200.51,20.6,3545.76,7,UPI,2024-03-18
4635,Nicholas Allen,Coimbatore,North,Sports,Cricket Bat,43677.42,15.63,6170.63,4,Net Banking,2024-12-15
4636,Joseph Lewis,Coimbatore,South,Sports,Cricket Bat,20109.66,26.47,4234.6,5,UPI,2024-02-24
4637,Miss Brenda Taylor,Tirunelveli,East,Groceries,Oil,44193.81,6.66,6926.31,3,Net Banking,2025-01-21
4638,Kimberly Humphrey,Salem,North,Electronics,Laptop,29653.83,11.6,4525.66,3,Cash,2025-12-07
4639,Angela Knight,Trichy,East,Sports,Football,21828.73,8.82,3749.55,8,UPI,2024-08-09
4640,Joel Wilson,Salem,West,Clothing,Kurti,18891.47,2.14,2438.69,9,UPI,2024-09-24
4641,Stephen Lee,Madurai,East,Electronics,Laptop,11337.31,15.13,2713.76,10,UPI,2024-08-29
4642,Benjamin Berry,Coimbatore,South,Electronics,Headphones,11240.5,29.59,1074.07,9,UPI,2025-12-16
4643,Lisa Oconnor,Tirunelveli,South,Sports,Gym Bag,4196.21,8.94,266.95,4,Card,2024-09-28
4644,Lauren Miller,Trichy,East,Groceries,Milk,1928.11,11.13,196.86,8,Net Banking,2025-05-02
4645,Cheryl Dennis,Salem,West,Furniture,Chair,40859.68,3.7,6267.22,6,UPI,2025-07-30
4646,Adam Raymond,Salem,West,Electronics,Headphones,38011.11,7.83,8215.57,5,Net Banking,2024-07-27
4647,Mrs. Sandra Mcdaniel DVM,Trichy,West,Sports,Shoes,20493.79,12.63,2297.69,3,UPI,2024-11-06
4648,Sandra Saunders,Chennai,East,Clothing,T-Shirt,37133.14,8.29,4830.8,3,UPI,2024-05-25
4649,Lisa Bennett,Trichy,West,Sports,Shoes,40965.77,17.37,7988.83,3,UPI,2024-07-19
4650,Anna Burke,Coimbatore,North,Sports,Gym Bag,13430.44,5,1991.11,9,Card,2024-05-30
4651,Tiffany Long,Madurai,West,Sports,Gym Bag,36100.67,1.66,3923.7,3,Cash,2025-04-19
4652,Felicia Clark,Chennai,South,Clothing,Jacket,27276.9,18.48,5346.21,6,UPI,2025-09-20
4653,Christopher Humphrey,Coimbatore,South,Furniture,Sofa,43133.75,1.56,9718.67,5,Card,2024-11-11
4654,Anna Lawson DVM,Madurai,West,Electronics,Headphones,48720.54,8.8,11415.52,2,Card,2024-10-23
4655,Stephanie Curtis,Coimbatore,South,Furniture,Cupboard,47733.12,24.61,10696.67,9,Card,2024-04-17
4656,Rodney Benitez,Salem,North,Clothing,Jeans,48078.68,22.49,11174.37,1,Net Banking,2024-02-24
4657,Chris Turner,Tirunelveli,South,Electronics,Smart Watch,46962.12,17.19,4692.7,10,Card,2024-06-13
4658,Kathy Schroeder,Tirunelveli,East,Groceries,Snacks,29411.07,8.81,5507.25,4,Net Banking,2024-11-07
4659,Christopher Moore,Salem,East,Furniture,Table,19451.49,12.7,2541.44,2,Cash,2024-02-29
4660,Meghan James,Salem,North,Clothing,T-Shirt,722.34,4.59,47.76,7,UPI,2025-07-16
4661,Hailey Torres,Coimbatore,North,Clothing,Jacket,28467.91,10.93,2605.48,7,Card,2025-08-09
4662,Julie Thomas,Tirunelveli,North,Furniture,Sofa,6129.34,20.7,831.16,7,Net Banking,2025-04-02
4663,Robert Vasquez,Salem,West,Electronics,Laptop,23513.96,2.39,2261.01,10,Net Banking,2024-10-10
4664,Tracy Becker,Salem,West,Furniture,Chair,16914.37,3.58,1945.18,8,UPI,2024-08-24
4665,Amanda Ryan,Madurai,West,Electronics,Headphones,23784.35,2.52,5036.21,3,Net Banking,2024-05-13
4666,Kristin Moore,Madurai,South,Clothing,T-Shirt,22638,14.52,4856.81,1,Cash,2024-03-23
4667,Sarah Chavez,Salem,West,Sports,Cricket Bat,37328.28,11.35,8453.58,3,Card,2024-07-21
4668,Lisa Green,Chennai,East,Groceries,Oil,18749.38,21.79,1796.42,6,Net Banking,2024-05-18
4669,Monica Mooney,Trichy,West,Furniture,Sofa,20901.73,23.75,1915.44,1,UPI,2024-06-28
4670,Sally Little,Madurai,West,Sports,Shoes,4664.63,17.34,814.13,10,Cash,2025-05-23
4671,Matthew Ray,Madurai,North,Clothing,Jeans,35706.13,5.49,5640.31,3,UPI,2025-06-27
4672,Sheri Woods,Chennai,South,Sports,Football,38168.24,3.42,2479.28,6,Net Banking,2024-10-18
4673,Anthony Thomas,Chennai,North,Sports,Football,38516.4,21.34,4472.3,10,Cash,2025-05-28
4674,Sean Waters,Coimbatore,East,Clothing,Jeans,47924.84,18.88,10648.33,1,Net Banking,2024-08-27
4675,Gabrielle Chandler,Tirunelveli,East,Clothing,Jacket,24175.87,8.62,5979.22,10,UPI,2025-05-02
4676,Julie Mitchell DDS,Salem,West,Furniture,Table,47747.86,14.32,5606.86,6,Card,2025-11-16
4677,Robert Vazquez,Madurai,West,Electronics,Smart Watch,35905.47,26.11,8503.15,9,Card,2024-08-04
4678,Renee Freeman,Salem,North,Sports,Football,35013.41,9.82,5584.05,4,Card,2024-08-11
4679,Richard Garcia,Salem,South,Clothing,Kurti,48012.9,27.78,6580.49,4,Net Banking,2024-05-24
4680,Kristina George,Coimbatore,North,Groceries,Milk,4050.6,9.81,576.06,10,UPI,2024-02-25
4681,Crystal Lawrence,Madurai,South,Furniture,Sofa,7160.15,28.1,771.75,9,UPI,2024-01-28
4682,Olivia White,Madurai,East,Electronics,Laptop,42239.87,7.07,8722.1,9,Card,2024-08-02
4683,Heather Deleon,Salem,West,Furniture,Chair,9918.31,25.25,722.37,10,Net Banking,2025-01-30
4684,Julie Cochran,Trichy,East,Groceries,Snacks,1172.59,12.77,120.64,2,Net Banking,2024-01-29
4685,Julie Mccall,Madurai,North,Furniture,Table,38920.94,0.14,4448.57,7,Cash,2025-02-23
4686,Jordan Miller,Madurai,West,Clothing,Jacket,8407.52,8.39,453.33,3,Cash,2025-06-05
4687,Tina Hamilton,Tirunelveli,West,Furniture,Table,44462.61,17.33,6992.74,7,UPI,2024-02-14
4688,Jeffrey Washington,Chennai,South,Electronics,Headphones,10012.28,21.76,1622.08,7,UPI,2024-06-13
4689,Christopher Campbell,Salem,East,Sports,Shoes,25968.8,17.96,4171.2,10,Cash,2024-12-19
4690,Rachel Cole,Tirunelveli,North,Furniture,Table,31035.1,26.36,7207.07,7,Card,2024-05-01
4691,Rebecca Smith,Coimbatore,South,Furniture,Table,7565.5,12.92,1247.66,5,Cash,2025-03-26
4692,Zachary Jones,Salem,North,Sports,Gym Bag,26522.33,15.26,2056.95,8,UPI,2025-10-12
4693,Stephanie Griffin,Chennai,West,Electronics,Mobile,20773.3,3.9,4752.68,7,Card,2025-06-22
4694,Abigail Anderson,Coimbatore,West,Electronics,Mobile,46741.43,12.03,8960.12,7,Net Banking,2024-10-15
4695,David Boyd,Trichy,East,Sports,Cricket Bat,6084.36,28.19,1500.71,2,Net Banking,2025-03-27
4696,Veronica Shields,Coimbatore,North,Groceries,Milk,36538.04,5.91,2071.65,8,Net Banking,2024-04-19
4697,Amanda Long,Coimbatore,West,Sports,Cricket Bat,28674.2,11.03,6672.21,4,Net Banking,2025-06-08
4698,Joshua Morton,Trichy,South,Electronics,Smart Watch,31991.07,25.59,4413.99,3,UPI,2025-02-13
4699,Kristin Hale,Coimbatore,North,Groceries,Rice,3673.5,7,693.11,2,UPI,2025-11-30
4700,Mark Stephens,Salem,East,Groceries,Oil,38854.21,22.14,5548.97,10,Net Banking,2025-04-30
4701,Annette Lewis,Madurai,East,Furniture,Table,34645.27,3.8,7486.52,7,Net Banking,2024-09-09
4702,Jennifer Mathews,Chennai,North,Electronics,Mobile,28803.75,12.97,3582.21,10,Cash,2024-08-10
4703,Adam Garner,Chennai,West,Sports,Shoes,43696.7,2.56,2651.36,1,UPI,2025-11-14
4704,Christine Campbell,Trichy,West,Furniture,Sofa,44036.3,27.73,2406.73,5,UPI,2025-02-09
4705,Nancy Spencer,Coimbatore,North,Furniture,Table,17100.77,17.97,1778.96,4,Net Banking,2024-07-17
4706,Jessica Watts,Salem,South,Groceries,Milk,17556.01,8.76,3443.45,7,Card,2025-04-01
4707,David Price,Tirunelveli,West,Furniture,Table,49438.06,8.34,8589.75,3,Card,2025-03-27
4708,Robert Jones,Tirunelveli,East,Electronics,Smart Watch,34567.36,3.6,8272.65,2,Net Banking,2024-11-10
4709,Thomas Fitzpatrick,Trichy,West,Furniture,Table,43791.34,18.89,9368.02,4,Cash,2025-12-01
4710,Erin Miller,Tirunelveli,West,Groceries,Snacks,34416.61,23.57,1753.05,1,Net Banking,2024-10-05
4711,Carl Gonzalez,Trichy,West,Groceries,Snacks,33158.57,19.91,5045.77,2,UPI,2024-12-04
4712,Brandon Zuniga,Tirunelveli,East,Electronics,Laptop,26870.8,20.11,5095.34,5,Net Banking,2024-10-14
4713,Nicole Flores,Chennai,West,Electronics,Smart Watch,4853.8,26.28,300.2,2,Card,2024-05-05
4714,George Aguilar,Madurai,South,Furniture,Sofa,48772.19,1.45,9916.19,6,Card,2024-07-15
4715,Haley Allen,Salem,East,Groceries,Milk,8612.17,15.98,1678.25,1,Net Banking,2025-04-08
4716,Alexandra Smith,Salem,West,Electronics,Smart Watch,322.2,4.5,36.73,10,Cash,2025-04-26
4717,Vincent Garcia,Coimbatore,West,Sports,Cricket Bat,15327.07,23.73,1063.89,7,UPI,2024-04-19
4718,Monica Burns,Madurai,West,Groceries,Snacks,21616.7,7.34,4133.06,6,UPI,2024-09-02
4719,Patrick Serrano,Madurai,South,Electronics,Laptop,32009.04,4.53,5381.16,2,Net Banking,2024-01-13
4720,Jessica Walker,Salem,North,Electronics,Laptop,43961.3,15.03,9699.78,3,UPI,2024-10-10
4721,Randy Chavez,Coimbatore,North,Furniture,Cupboard,43068.74,13.7,3141.81,7,Net Banking,2024-03-21
4722,Joseph Miller,Coimbatore,South,Furniture,Cupboard,45392.56,6.93,5733.57,7,Cash,2025-04-02
4723,Erika Burnett,Trichy,South,Furniture,Sofa,42215.76,11.15,6135.79,6,Card,2024-06-23
4724,Erin Christensen,Salem,North,Furniture,Cupboard,27003.48,20.03,2189.01,1,Net Banking,2025-02-10
4725,Amanda Medina,Coimbatore,South,Groceries,Oil,9890.03,14.49,1919.41,3,Cash,2025-06-29
4726,Corey Ford,Madurai,North,Electronics,Mobile,42927.41,9.16,5559.86,10,Net Banking,2024-11-17
4727,Michael Taylor,Madurai,West,Clothing,Jacket,36768.33,25.41,8561.36,9,Net Banking,2024-02-10
4728,Taylor Lewis,Trichy,North,Furniture,Table,15850.18,6.97,3261.98,1,UPI,2025-03-29
4729,Michael Jones,Tirunelveli,North,Furniture,Sofa,44785.27,3.72,10390.89,10,Net Banking,2025-07-05
4730,Megan Jackson,Salem,North,Groceries,Rice,33301.26,18.64,6207.24,4,Card,2025-12-09
4731,Xavier Martinez Jr.,Madurai,East,Furniture,Table,21701.68,21.47,2708.74,10,Cash,2025-09-28
4732,Michael Reed,Trichy,West,Clothing,Jeans,13542.48,1.28,1100.94,1,UPI,2025-07-04
4733,Tammie Krause,Madurai,South,Groceries,Rice,29937.97,12.14,4857.76,9,Net Banking,2025-01-26
4734,Ryan Moore,Salem,East,Furniture,Sofa,27248.5,19.73,4057.55,9,Cash,2025-03-03
4735,Miguel Barry,Coimbatore,South,Groceries,Milk,36325.85,4.61,6266.49,9,UPI,2024-12-01
4736,Mary Martinez,Chennai,East,Electronics,Mobile,20876.86,23.22,2172.05,8,Card,2025-02-27
4737,Joseph Miller,Madurai,East,Clothing,Kurti,7324.53,2.93,1698.2,5,Cash,2024-03-03
4738,Amanda Garrett,Madurai,East,Groceries,Rice,7379.41,26.66,910.83,1,Card,2025-11-17
4739,Rachel Gutierrez,Chennai,West,Sports,Cricket Bat,47679.1,17.21,8086.96,6,Net Banking,2024-07-12
4740,David Robinson,Coimbatore,North,Clothing,T-Shirt,43085.78,5.77,7863.41,7,Card,2025-02-28
4741,Henry Adams,Chennai,East,Clothing,Jeans,12124.06,1.31,2027.62,3,Net Banking,2025-09-13
4742,Gail Solis,Chennai,East,Groceries,Oil,14970.68,2.53,2419.11,1,Net Banking,2025-04-10
4743,Anthony Barker,Madurai,North,Sports,Shoes,25637.39,21.23,3242.2,2,Cash,2024-01-24
4744,John Spencer,Trichy,East,Electronics,Smart Watch,6029.14,7.2,447.64,6,Cash,2025-11-13
4745,Jack Avila,Coimbatore,East,Sports,Football,21012.42,3.27,1794.81,3,Net Banking,2025-09-04
4746,Kaitlyn Mercer,Salem,East,Groceries,Oil,6923.62,25.33,1348.82,4,Net Banking,2025-11-05
4747,Joshua Reed,Coimbatore,North,Groceries,Oil,10430.25,7.43,1598.42,10,Cash,2025-08-09
4748,Heather Montgomery,Chennai,North,Electronics,Mobile,5905.03,20.61,962.72,1,Net Banking,2025-04-05
4749,Martin Floyd,Tirunelveli,East,Furniture,Chair,11279.95,23.37,1136.82,2,UPI,2025-04-13
4750,Heidi Soto,Madurai,South,Sports,Cricket Bat,14412.2,13.93,795.86,9,Card,2025-07-21
4751,Kimberly Swanson,Tirunelveli,South,Groceries,Snacks,20535.04,24.56,1531.34,4,Cash,2024-12-01
4752,Robert Melendez,Madurai,East,Clothing,T-Shirt,45850.02,2.6,11459.02,2,Cash,2024-06-16
4753,Garrett Frey,Tirunelveli,East,Groceries,Milk,33176.92,3.84,2463.09,1,UPI,2025-06-01
4754,Karla Pitts,Salem,West,Furniture,Cupboard,37068.14,5.83,9109.04,1,Card,2024-11-15
4755,Victoria Durham,Tirunelveli,North,Electronics,Headphones,46937.98,26.54,5258.36,3,Cash,2024-11-08
4756,Christy Garcia,Coimbatore,South,Sports,Gym Bag,6876.66,9.71,1680.84,7,Net Banking,2024-03-05
4757,Melissa Little,Chennai,West,Furniture,Sofa,983.81,17.72,236.34,6,Card,2024-08-31
4758,Erica Brown,Madurai,South,Furniture,Table,839.78,9.98,49.87,8,Card,2025-01-02
4759,Angela Cooke,Tirunelveli,North,Groceries,Milk,4516.92,4.27,495.92,9,Card,2025-03-08
4760,Hannah Clarke,Coimbatore,West,Clothing,Jacket,41321.57,6.95,4214.15,4,Cash,2024-09-21
4761,Janice Newman,Trichy,East,Electronics,Headphones,25974.32,26.96,3279.36,7,Card,2025-11-19
4762,Kelly Pace,Coimbatore,North,Clothing,Jacket,17309.71,27.25,3283.94,2,Net Banking,2024-10-08
4763,Nathaniel Wells,Chennai,South,Groceries,Oil,11814.73,6.08,1690.67,6,Card,2024-08-03
4764,Brenda Cortez,Salem,North,Sports,Cricket Bat,28782.92,25.5,6061.63,1,Net Banking,2024-08-30
4765,Danielle Williams,Coimbatore,South,Electronics,Smart Watch,22865.09,21.86,4690.59,3,UPI,2024-09-23
4766,Lauren Martinez,Trichy,South,Sports,Gym Bag,33946.21,24.45,3369.73,10,Net Banking,2024-07-15
4767,Stephen Salinas,Coimbatore,East,Electronics,Mobile,10526.54,18.86,592.34,10,Cash,2024-07-02
4768,Rachel Long,Madurai,East,Sports,Football,36500.25,28.47,3573.62,5,UPI,2025-04-21
4769,Alicia Pierce,Tirunelveli,South,Sports,Gym Bag,48153,0.98,11929.46,10,Card,2025-03-30
4770,Brittany Lamb,Tirunelveli,South,Sports,Shoes,43026.14,18.27,3756.43,2,Card,2024-10-10
4771,Nicholas Hull,Salem,North,Sports,Gym Bag,2481.23,29.94,193.49,3,UPI,2025-09-28
4772,Andrea Montoya,Tirunelveli,West,Furniture,Chair,48763.16,0.27,9276.24,2,Card,2024-12-26
4773,Tony Garcia,Trichy,West,Groceries,Oil,15472.48,19.01,3682.92,8,Card,2025-07-29
4774,Lisa Edwards,Madurai,North,Groceries,Rice,26995.51,17.9,4014.6,6,Cash,2024-11-22
4775,Michael Johnson,Trichy,West,Furniture,Cupboard,10691.43,11.74,1556.6,6,Net Banking,2024-06-14
4776,David Shields,Madurai,West,Groceries,Oil,23894.52,16,4731.83,1,Card,2025-07-19
4777,Tyler Bowman,Trichy,South,Sports,Shoes,24968.6,1.02,3288.64,7,Net Banking,2024-06-25
4778,Jermaine Miller,Tirunelveli,West,Furniture,Cupboard,18489.18,12.7,3044.94,10,Card,2025-09-19
4779,Michael Daniel DDS,Coimbatore,West,Groceries,Milk,29326,14.38,6170.21,7,Card,2025-12-27
4780,Jonathan Williams,Coimbatore,East,Groceries,Rice,27950.6,14.96,1856.95,9,Net Banking,2024-07-30
4781,Kimberly Taylor,Madurai,South,Furniture,Cupboard,19184.4,20.3,3355.16,8,UPI,2025-01-28
4782,Megan Harmon,Salem,South,Furniture,Table,39889.84,23.22,3418.59,1,Net Banking,2024-11-26
4783,Jamie Long,Madurai,South,Clothing,Jeans,37188.56,20.1,7480.15,1,Cash,2025-08-12
4784,Darlene White,Madurai,South,Sports,Gym Bag,41413.59,20.2,7284.26,7,Card,2024-04-28
4785,Jessica Goodman,Salem,West,Furniture,Cupboard,25341.15,9.06,4727.76,6,Net Banking,2025-08-31
4786,Brian Kline,Trichy,South,Furniture,Table,5533.85,5.24,1077.06,6,UPI,2025-08-23
4787,Jeffrey Erickson,Madurai,South,Clothing,Jacket,19809.03,24.7,1931.25,7,UPI,2024-04-21
4788,Gail Richards,Madurai,North,Clothing,Kurti,45365.1,17.04,5069.6,4,UPI,2024-06-12
4789,Ruben Smith,Chennai,South,Clothing,T-Shirt,14239.02,7.83,942.03,10,Net Banking,2024-08-20
4790,Steven Long,Salem,West,Groceries,Oil,12023.11,9.19,1611.57,6,Net Banking,2025-05-25
4791,Heather Mays,Madurai,West,Furniture,Chair,42719.32,27.91,8745.18,4,Card,2025-01-11
4792,Sandra Savage,Chennai,South,Clothing,T-Shirt,36735.67,13.63,7923.82,3,Card,2024-01-15
4793,Kelly Mejia,Salem,North,Furniture,Chair,43476.4,5.42,7977,3,Net Banking,2024-11-19
4794,Isaac Delgado,Chennai,East,Electronics,Headphones,10204.96,28.31,1952.05,3,Card,2025-06-14
4795,Crystal Davis,Madurai,South,Clothing,Jeans,34790.42,14.12,8476.54,3,Card,2024-05-19
4796,David Watson,Salem,West,Clothing,Jeans,27842.38,25.26,4980.13,1,Net Banking,2025-10-25
4797,Lance Patterson,Trichy,North,Clothing,Jacket,22750.32,21.73,5300.61,2,Cash,2025-10-03
4798,Randy Bell,Trichy,East,Groceries,Snacks,44961.38,20.53,7591.36,2,Cash,2024-07-30
4799,Christopher Benitez,Madurai,South,Electronics,Smart Watch,49182.29,14.47,2480.18,7,Net Banking,2024-09-12
4800,Nicole Griffin,Tirunelveli,South,Groceries,Rice,26104.89,12.51,4905.39,8,Cash,2025-06-30
4801,Kevin Stephens,Chennai,West,Sports,Gym Bag,28741.33,10.5,2533.19,1,Cash,2025-02-25
4802,Jessica Yoder,Coimbatore,North,Furniture,Cupboard,44870.78,26.1,8102.42,6,Card,2025-01-29
4803,Amanda Weaver,Chennai,East,Clothing,Jacket,35299.43,3.34,1793.53,8,Cash,2024-01-04
4804,Morgan Medina,Chennai,North,Groceries,Rice,36483.69,10.17,7188.45,2,UPI,2024-11-23
4805,Kimberly Gilbert,Madurai,South,Sports,Shoes,33056.76,15.4,5500.73,2,Card,2024-09-22
4806,Mrs. Chelsea Baldwin,Trichy,North,Electronics,Mobile,35741.88,17.44,8578.22,3,Cash,2025-09-11
4807,Robert Diaz,Tirunelveli,West,Furniture,Cupboard,24968.18,4.4,1657.22,10,Net Banking,2025-04-22
4808,Cheryl Walker,Salem,North,Furniture,Cupboard,2304.61,20.74,324.03,1,Card,2025-12-16
4809,Eric Juarez,Trichy,East,Sports,Football,26529.15,20.83,5149.26,2,Card,2025-10-24
4810,Dr. Wanda Mendoza MD,Coimbatore,East,Sports,Shoes,48965.63,20.64,2582.65,9,Cash,2024-09-16
4811,Donald Reeves,Madurai,West,Clothing,Jacket,41429.8,29.18,3937.04,5,Net Banking,2024-09-16
4812,Andrea Aguirre,Coimbatore,West,Groceries,Oil,17841.69,9.85,3412.09,5,Card,2024-05-26
4813,Erika Graham,Tirunelveli,South,Furniture,Chair,22279.37,1.17,3258.56,4,Net Banking,2024-11-13
4814,Jacqueline Crawford,Trichy,North,Electronics,Smart Watch,18164.33,25.3,1697.94,9,Net Banking,2025-09-15
4815,Alyssa Ewing,Madurai,West,Furniture,Chair,46264.81,10.21,11504.98,10,Net Banking,2024-07-02
4816,Julia Mitchell,Coimbatore,East,Sports,Gym Bag,13615.3,18.77,2316.67,10,Cash,2024-08-27
4817,Sean Gonzalez,Trichy,East,Furniture,Table,17631.14,16.89,1786.64,3,Card,2024-02-12
4818,Joel Barron,Chennai,West,Electronics,Smart Watch,8216.22,21.69,758.56,2,Net Banking,2024-11-22
4819,Carlos Williams,Trichy,South,Clothing,Jeans,10058.15,21.08,1664.35,1,Card,2024-11-26
4820,Joseph Ortega,Chennai,South,Electronics,Mobile,36937.99,28.02,5672.46,3,Cash,2025-01-28
4821,Holly Jones DDS,Tirunelveli,West,Groceries,Oil,18161.96,11,2950.24,8,Net Banking,2024-06-30
4822,Kristen Cowan,Salem,South,Clothing,Jacket,22771.75,25.04,5360.4,5,Cash,2025-05-04
4823,Stephen Turner,Coimbatore,West,Sports,Gym Bag,7363.17,25.26,1639.36,7,UPI,2024-05-05
4824,Sherry Mccullough,Trichy,South,Electronics,Mobile,36687.13,0.95,2349.64,4,Net Banking,2025-03-04
4825,Joyce Odom,Trichy,East,Sports,Football,36707.99,10.43,9091.95,6,Card,2024-07-31
4826,Ryan Gomez,Chennai,North,Sports,Gym Bag,40140.67,21.66,5583.47,2,Card,2024-08-30
4827,David Welch,Salem,North,Clothing,T-Shirt,20578.93,19.1,2308.9,3,UPI,2024-12-14
4828,Lori Mejia,Trichy,East,Furniture,Table,18678.81,28.13,2491.21,4,UPI,2025-09-16
4829,Deborah Dickerson,Madurai,East,Groceries,Oil,21803.26,15.1,1665.68,2,Card,2025-09-26
4830,Allison Lopez,Coimbatore,East,Electronics,Smart Watch,17081.96,12.26,2033.57,3,Net Banking,2024-08-15
4831,Michael Hughes Jr.,Trichy,South,Electronics,Laptop,15631.04,26.44,3527.09,10,UPI,2024-03-22
4832,Ethan Watts,Chennai,North,Furniture,Sofa,27926.68,29.43,6240.93,7,Net Banking,2025-09-16
4833,Megan Jones,Salem,South,Sports,Shoes,48644.43,11.8,7639.55,5,Net Banking,2024-06-12
4834,Gregory Jackson,Tirunelveli,West,Clothing,Jeans,1085.34,2.76,198.4,1,Card,2024-08-10
4835,Sarah Barron,Tirunelveli,North,Sports,Shoes,31727.87,5.74,4494.69,5,Net Banking,2025-11-01
4836,Gregory Evans,Salem,East,Furniture,Sofa,16967.87,6.61,1000.09,5,Card,2024-09-18
4837,Garrett Fitzgerald,Tirunelveli,South,Furniture,Chair,14248.69,20.92,2135.6,7,Card,2024-10-07
4838,Carolyn Rodriguez,Coimbatore,West,Groceries,Milk,34903.09,12.18,5164.43,2,Card,2024-12-14
4839,Amanda Downs,Trichy,North,Furniture,Chair,6614.39,21.21,1137.86,6,Net Banking,2025-05-15
4840,Madison Ward,Coimbatore,South,Clothing,Jeans,42820.96,28.14,9030.93,7,Net Banking,2025-07-24
4841,Lindsay Leblanc,Madurai,North,Sports,Cricket Bat,33384.03,26.84,3426.23,10,Net Banking,2024-10-15
4842,Lynn Khan,Salem,South,Clothing,T-Shirt,25865.66,27.44,4724.93,5,Cash,2025-02-05
4843,Jason Terrell,Chennai,West,Groceries,Rice,2568.67,22.77,150.5,2,Net Banking,2025-01-31
4844,Ashley Manning,Trichy,North,Groceries,Milk,49790.69,23.4,3315.61,8,Cash,2024-02-03
4845,Ryan Friedman,Chennai,North,Clothing,Jacket,20180.18,9.19,3856.75,3,Card,2025-12-09
4846,Heather Wheeler,Salem,West,Furniture,Table,48694.13,5.35,8996.72,5,Card,2025-02-19
4847,Stanley Wright,Tirunelveli,South,Furniture,Cupboard,6536.11,22.19,1279.75,9,UPI,2024-09-04
4848,Nicholas Rose,Tirunelveli,East,Furniture,Sofa,29422.73,1.46,2600.55,9,Card,2024-04-23
4849,Kelly Smith,Madurai,South,Groceries,Milk,27523.71,15.45,5475.3,7,UPI,2024-06-11
4850,Pamela Smith,Madurai,West,Furniture,Chair,10837.11,6.4,2265.67,2,Net Banking,2025-06-10
4851,Rebecca Wright,Salem,South,Sports,Shoes,36137.8,29.07,2266.24,5,UPI,2024-12-29
4852,Victoria Johnson,Chennai,West,Groceries,Milk,49502.54,8.59,10454.9,6,Cash,2024-12-21
4853,Jonathan Lynch,Chennai,North,Sports,Football,35947.13,9.6,7006.15,1,Card,2024-01-19
4854,Anthony Bailey,Trichy,North,Clothing,Jacket,35268.12,25.33,6001.6,1,UPI,2025-10-08
4855,Lauren Edwards,Trichy,East,Clothing,T-Shirt,1908.7,16.34,309.06,4,Net Banking,2025-09-23
4856,Jonathan Edwards,Madurai,North,Clothing,Kurti,31546.92,5.92,4354.53,6,UPI,2025-10-05
4857,Christopher Fowler,Coimbatore,West,Electronics,Mobile,9074.78,2.61,1719.85,2,Cash,2025-06-12
4858,Kristin Wiggins,Chennai,South,Furniture,Sofa,24341.23,6.31,2891.73,2,Cash,2024-03-24
4859,Catherine Reed,Chennai,South,Electronics,Mobile,13719.75,22,2565.32,6,Cash,2025-05-29
4860,Nancy Sanchez,Chennai,West,Furniture,Chair,39653.84,16.52,8863.69,10,UPI,2024-02-18
4861,Anthony Green,Coimbatore,West,Clothing,T-Shirt,32468.13,8.78,5975.13,5,Cash,2024-09-26
4862,Dr. James Johnson Jr.,Salem,South,Electronics,Headphones,22915.67,12.44,1760.53,1,Cash,2025-11-08
4863,Michael Parker,Chennai,North,Clothing,Kurti,45821.97,28.18,2468.19,10,UPI,2024-09-14
4864,Paul Garcia,Chennai,North,Furniture,Table,40495.82,1.54,3060.1,2,UPI,2025-01-31
4865,John Sanders,Madurai,East,Groceries,Milk,22569.88,20.92,3856.55,7,Card,2024-09-16
4866,Sarah Manning,Madurai,East,Furniture,Chair,47926.23,19.46,5739.17,7,Cash,2024-03-11
4867,Cameron Perry,Chennai,South,Sports,Gym Bag,16673.01,15.29,3232.16,2,Net Banking,2024-04-24
4868,Darrell Tapia,Coimbatore,East,Electronics,Headphones,41930.3,18.94,9124.75,2,Net Banking,2024-09-07
4869,Joel White,Salem,East,Electronics,Headphones,31052.08,24.06,6156.52,2,Cash,2025-09-20
4870,Charles Andrews,Madurai,North,Groceries,Rice,19485.68,8.15,1992.65,6,Card,2024-07-19
4871,Justin Jordan,Chennai,East,Electronics,Smart Watch,36175.98,15.04,3038.32,9,Net Banking,2025-09-29
4872,Tina Hayden,Trichy,North,Groceries,Rice,41490.04,18.28,10094.85,3,Card,2024-11-07
4873,Jessica Wilkins,Salem,South,Sports,Football,9778.18,17.6,952.14,5,Net Banking,2025-08-26
4874,Stephen Parks,Tirunelveli,East,Furniture,Sofa,9575.3,6.97,625.31,8,Net Banking,2024-12-03
4875,Jocelyn Kelly,Chennai,West,Sports,Cricket Bat,542.95,17.05,45.17,9,UPI,2025-08-25
4876,Mark Fuller,Tirunelveli,East,Groceries,Oil,35958.07,8.07,6098.14,6,UPI,2025-12-18
4877,Ryan Jackson,Salem,South,Clothing,Jacket,26413.86,7.85,2364.19,4,Card,2024-07-14
4878,Michael Peterson,Tirunelveli,South,Sports,Cricket Bat,17663.3,25.98,3022.59,8,UPI,2024-01-14
4879,Jessica Bennett,Trichy,East,Electronics,Headphones,16702.64,13.99,1836.22,8,Card,2025-01-19
4880,Pamela Klein,Coimbatore,East,Electronics,Mobile,1640,11.84,216.94,3,Cash,2024-06-25
4881,Ryan Brown,Tirunelveli,West,Electronics,Mobile,47718.25,22.6,2907.13,2,Net Banking,2024-10-01
4882,Laura Blake,Coimbatore,East,Furniture,Sofa,22836.89,20.57,4838.58,9,Card,2025-07-26
4883,Billy Santos,Chennai,South,Groceries,Snacks,38835.37,29.74,7673.03,4,Card,2024-09-27
4884,Jennifer Scott,Chennai,South,Groceries,Milk,40692.38,14,6639.23,8,Net Banking,2025-05-24
4885,Darlene Hunt,Trichy,West,Furniture,Table,2232.31,9.13,231.18,1,UPI,2025-12-11
4886,Matthew Castillo,Coimbatore,West,Sports,Cricket Bat,39537.71,14.29,5955.12,8,Net Banking,2025-05-12
4887,Christopher Kennedy,Madurai,East,Sports,Football,9121.13,9.88,1830.59,9,UPI,2024-01-04
4888,Linda Berg,Salem,South,Groceries,Milk,24943.23,27.53,6084.37,4,UPI,2025-06-25
4889,Ashley Jones,Trichy,North,Furniture,Chair,34642.69,9.65,1982.62,1,Card,2025-12-24
4890,Bradley Lee,Trichy,South,Sports,Football,26370.07,25.2,2482.39,4,UPI,2024-07-21
4891,Rodney Hernandez,Chennai,South,Clothing,Kurti,19815.87,7.14,2527.3,6,Cash,2024-10-19
4892,Perry Blevins,Trichy,West,Clothing,Jeans,13085.55,1.24,2578.7,2,Card,2024-07-16
4893,Stephanie Owen,Salem,North,Groceries,Oil,1717.4,24.37,239,8,UPI,2025-05-07
4894,Erin Hunter,Salem,South,Sports,Football,9214.76,26.54,1155.81,7,UPI,2025-12-31
4895,John Walters,Salem,North,Sports,Football,7733.74,11.84,1324.67,2,Cash,2024-05-04
4896,Jeremy Atkins,Salem,East,Furniture,Chair,42137.7,14.1,5017.79,5,Net Banking,2025-04-23
4897,Mr. Robert Griffin,Chennai,North,Groceries,Oil,15952.13,25.23,798.06,6,Cash,2024-01-20
4898,Kathleen Morrow,Tirunelveli,West,Sports,Cricket Bat,11012.53,13.29,2556.64,10,Net Banking,2024-04-14
4899,Kenneth Powell,Salem,East,Sports,Football,15015.19,11.6,3709.23,8,Cash,2025-11-12
4900,Michael Cannon,Trichy,North,Electronics,Headphones,36657.33,17.85,8984.29,4,Cash,2024-02-12
4901,James Bishop,Coimbatore,West,Furniture,Cupboard,18198.02,17.8,2872.41,7,Card,2024-01-18
4902,Lisa Jones,Trichy,West,Groceries,Snacks,44930.07,20.02,5997.59,2,Card,2025-08-26
4903,Ruth Roberts,Trichy,East,Clothing,Jacket,13146.53,21.27,1727.24,1,Card,2024-02-05
4904,Sean Craig,Trichy,East,Furniture,Chair,41693.14,0.82,9443.93,7,Cash,2025-10-25
4905,Diana Mcguire,Trichy,East,Furniture,Cupboard,307.77,12.6,43.66,4,Net Banking,2024-11-18
4906,Colton White,Salem,North,Sports,Cricket Bat,22379.39,13.2,3219.65,10,Cash,2024-08-22
4907,Lauren Coleman,Salem,West,Electronics,Mobile,24637.47,24,4496.93,1,Cash,2024-10-06
4908,Amanda Middleton,Trichy,West,Sports,Football,1325.9,6.26,234.31,6,UPI,2025-04-14
4909,Tyler Stone,Trichy,West,Electronics,Mobile,25661.27,9.21,2015.04,6,UPI,2024-12-20
4910,Benjamin Jordan,Trichy,East,Furniture,Chair,34142.27,10.3,7719.25,5,Card,2024-04-21
4911,Kelly Ramirez,Chennai,East,Clothing,Jacket,24744.94,27.1,2664.61,1,Card,2024-04-24
4912,Brian Skinner,Trichy,East,Electronics,Mobile,37183.16,13.54,3176.1,10,Card,2024-08-30
4913,Joseph Cochran,Coimbatore,South,Sports,Shoes,21174.13,11.28,4490.88,3,Cash,2024-04-23
4914,Christopher Schultz,Salem,North,Furniture,Table,42172.87,5.87,3446.7,5,Card,2025-08-02
4915,Cindy Price,Trichy,West,Groceries,Oil,43011.9,8.06,4849.36,7,Net Banking,2025-12-24
4916,Shawn Schwartz,Trichy,West,Electronics,Mobile,32371.52,6.51,5006.15,1,Cash,2025-06-14
4917,Jaime Robinson,Trichy,West,Electronics,Smart Watch,47347.94,8.33,2947.48,8,Card,2024-11-03
4918,David Tran,Tirunelveli,North,Sports,Shoes,39045.5,17.1,8501.32,4,Net Banking,2024-11-01
4919,Katie Carter,Salem,South,Groceries,Rice,40860.84,4.97,8208.46,1,UPI,2025-05-25
4920,Abigail Martinez,Trichy,North,Sports,Cricket Bat,6197.91,17.14,833.07,2,Card,2025-07-15
4921,Terri Smith,Coimbatore,East,Groceries,Oil,36556.18,16.71,7783.09,2,Cash,2024-11-03
4922,Ryan Turner,Salem,South,Furniture,Table,5184.63,16.59,1246.86,10,Cash,2025-01-29
4923,Daniel Hoover,Tirunelveli,South,Furniture,Table,45803.26,14.59,4640.49,4,Cash,2025-06-29
4924,Gabriela Hernandez,Trichy,East,Electronics,Mobile,7648.68,27.1,1650.86,2,Card,2025-12-31
4925,Phillip Smith,Trichy,East,Electronics,Smart Watch,24413.6,29.99,2210.18,7,Cash,2025-11-25
4926,Mr. William Collins,Trichy,West,Groceries,Snacks,31477.8,18.97,6544.97,10,Net Banking,2025-03-19
4927,Erica Jones,Madurai,South,Furniture,Table,3100.24,10.87,730.24,7,Net Banking,2025-03-16
4928,Austin Blake MD,Madurai,North,Sports,Shoes,33732.88,16.9,5243.29,9,UPI,2024-04-05
4929,Isaac Haney,Salem,East,Groceries,Oil,460.89,19.9,110.66,1,UPI,2025-11-07
4930,Melissa Larson,Coimbatore,South,Electronics,Laptop,48039.45,27.78,8724.1,10,Card,2025-08-12
4931,Charlene Rosales,Madurai,South,Electronics,Headphones,39789.36,17.58,5758.43,6,Net Banking,2025-08-19
4932,Tina Clarke,Chennai,North,Clothing,T-Shirt,31274.95,2.18,2684.21,1,Card,2024-12-26
4933,Raymond Kaiser,Coimbatore,North,Clothing,Kurti,10364.23,14.86,1432.65,10,Net Banking,2025-08-24
4934,Dakota Rogers,Chennai,North,Groceries,Snacks,48096.86,18.42,5733.32,7,Net Banking,2024-05-13
4935,Justin Ray,Coimbatore,West,Furniture,Chair,44199.86,2.11,6312.03,10,Cash,2024-05-31
4936,Tyler Acevedo,Madurai,North,Sports,Shoes,49221.95,0.86,11706.42,7,Cash,2024-02-14
4937,Justin Barrett,Tirunelveli,West,Clothing,Jacket,3707.83,18.08,203.19,3,Card,2025-08-10
4938,Ann Smith,Salem,North,Groceries,Milk,30816.25,29.3,6167.7,9,Net Banking,2024-02-04
4939,Shawn Smith,Madurai,East,Clothing,T-Shirt,12286.39,20.91,2219,7,Net Banking,2024-04-26
4940,Amanda Stephens,Trichy,North,Electronics,Laptop,4007.27,5.91,325.29,7,UPI,2025-04-06
4941,Charles Murphy,Coimbatore,East,Clothing,Kurti,34968.05,22.95,3515.57,9,Cash,2024-10-30
4942,Tyler Hughes,Trichy,South,Furniture,Sofa,23456.79,25.6,3403.21,5,Cash,2024-09-28
4943,Haley Alvarez,Chennai,North,Groceries,Rice,12633.49,9.15,3057.96,6,Net Banking,2024-10-23
4944,Samantha Gibson,Coimbatore,South,Sports,Football,13340.48,13.34,850.31,5,Card,2024-01-22
4945,Steven Lewis,Salem,North,Electronics,Smart Watch,25732.07,9.79,6176.62,10,Net Banking,2025-05-04
4946,Corey Grimes,Coimbatore,West,Groceries,Snacks,13034.73,29.45,2396,6,Cash,2024-06-24
4947,Timothy Williams,Chennai,East,Groceries,Snacks,20478.75,16.49,2551.84,8,Net Banking,2024-01-04
4948,Mallory Anthony,Salem,North,Sports,Shoes,14485.99,3.58,3042.66,8,Card,2025-12-16
4949,Susan Garcia,Madurai,South,Sports,Gym Bag,43440.99,3.26,10402.92,7,Card,2024-12-30
4950,Jeffrey Reyes,Salem,North,Groceries,Milk,30342.13,10.68,6131.34,2,Net Banking,2024-08-04
4951,Jose Wang,Chennai,South,Electronics,Mobile,44235.2,11.39,3618.47,1,Card,2025-08-17
4952,Michelle Reed,Trichy,South,Sports,Football,44815.46,24.94,8930.64,1,UPI,2025-10-13
4953,Regina Smith,Salem,South,Furniture,Cupboard,26599.61,6.12,5136.88,5,Cash,2024-08-06
4954,Maria Harvey,Trichy,West,Sports,Football,17794.44,7.61,3844.1,3,Net Banking,2025-09-30
4955,Aaron White,Chennai,South,Sports,Shoes,42412.94,18.36,9461.62,8,UPI,2024-01-02
4956,Matthew Molina,Salem,North,Furniture,Cupboard,21278.66,29.37,5075.01,10,Cash,2025-10-26
4957,Jill Austin,Coimbatore,South,Electronics,Mobile,22423.91,25.52,5062.5,4,UPI,2024-11-27
4958,Lauren Miller,Chennai,West,Furniture,Chair,28866.48,11.45,5083.61,1,Card,2025-03-16
4959,David Young,Trichy,West,Sports,Cricket Bat,45469.33,9.8,4342.08,2,Card,2025-07-21
4960,Jason Deleon,Coimbatore,West,Clothing,T-Shirt,36893.61,12.71,7789.73,9,Cash,2025-03-31
4961,Kellie Blevins,Madurai,East,Groceries,Oil,8350.68,1.5,1066.97,7,Cash,2024-06-16
4962,Aaron Gaines,Trichy,South,Groceries,Rice,21316.75,22.49,3674.25,9,Net Banking,2025-10-02
4963,Carl Lynn,Tirunelveli,East,Sports,Cricket Bat,22681.06,13.72,1598.33,5,Net Banking,2024-03-25
4964,Jonathan Brown,Madurai,East,Clothing,Jeans,27457.49,29.28,6296.64,8,UPI,2025-04-14
4965,Dr. Carla Hernandez,Madurai,North,Electronics,Laptop,29150.6,5,6195.47,4,UPI,2024-12-12
4966,Nicholas Molina,Coimbatore,West,Sports,Cricket Bat,35932.48,20.47,5871.85,8,UPI,2025-01-15
4967,Joseph Green,Tirunelveli,North,Furniture,Table,5701.69,4.53,735.4,9,Card,2024-06-24
4968,Jessica Moss,Tirunelveli,South,Furniture,Table,11875.92,8.62,1160.81,9,Cash,2025-01-31
4969,Jonathan Hines,Salem,South,Electronics,Headphones,22489.44,0.07,5211.32,1,Cash,2024-02-19
4970,Nicholas Noble,Salem,South,Furniture,Sofa,47372.11,13.34,7341.37,1,Cash,2025-12-12
4971,Cory Norris,Coimbatore,West,Furniture,Cupboard,46011.45,13.18,8114.95,9,UPI,2025-10-20
4972,Juan Greene,Coimbatore,South,Furniture,Sofa,4487.65,19.65,368.33,3,UPI,2025-08-11
4973,Kelly Savage,Tirunelveli,South,Electronics,Laptop,43994.69,16.8,9409.45,8,Card,2024-08-29
4974,George Evans,Chennai,South,Sports,Cricket Bat,20920.86,5.1,5070.15,7,Card,2025-07-09
4975,Linda Pearson,Tirunelveli,South,Clothing,Kurti,46551.1,25.07,3096.06,2,UPI,2025-01-10
4976,Thomas Hines,Coimbatore,West,Furniture,Cupboard,45751.15,18.09,7249.85,5,Net Banking,2025-04-07
4977,David Clark,Madurai,East,Electronics,Mobile,27390.89,15.78,3060.52,5,Card,2025-08-01
4978,Maria White,Coimbatore,East,Furniture,Chair,36139.44,0.25,3652.62,2,Card,2025-02-02
4979,Joseph Thompson,Salem,East,Sports,Shoes,40235.33,9.47,7796.42,7,Net Banking,2024-11-03
4980,Daniel Valencia,Madurai,West,Sports,Shoes,49169.21,27.17,4227.39,2,Card,2025-01-10
4981,Mr. Bryan Leblanc Jr.,Chennai,North,Sports,Football,22878.5,11.64,5397.22,8,Cash,2024-06-24
4982,Carlos Rios,Tirunelveli,South,Groceries,Snacks,37558.88,17.84,8312.51,8,Net Banking,2025-11-01
4983,Maria Castro,Chennai,East,Sports,Gym Bag,6467.93,15.32,915.57,2,Cash,2024-11-14
4984,Kimberly Crawford,Coimbatore,South,Groceries,Oil,43398.24,22.99,8679.36,7,Card,2024-12-10
4985,Larry Olson,Coimbatore,South,Furniture,Table,26007.36,0.82,2934.48,5,Card,2025-09-08
4986,Ann Jones,Chennai,East,Sports,Cricket Bat,21259.99,25.49,4266.14,7,Card,2025-04-23
4987,Lisa Stephens,Madurai,West,Sports,Shoes,8996.71,14.88,1684.78,4,Card,2025-09-19
4988,Matthew Tanner,Chennai,North,Electronics,Smart Watch,11566.92,27.04,2000.38,10,UPI,2024-04-08
4989,Belinda Webb,Trichy,North,Clothing,T-Shirt,45138.42,20.89,9365.42,8,Net Banking,2024-01-14
4990,Hannah Porter,Trichy,West,Furniture,Sofa,30771.29,24.49,4199.25,3,UPI,2025-10-12
4991,Chad Harris,Madurai,North,Electronics,Mobile,30798.03,7.29,2934.76,8,UPI,2024-12-12
4992,Sarah Lloyd,Chennai,North,Groceries,Oil,21033.03,5.48,2396.82,4,Net Banking,2024-10-27
4993,Alan Sullivan,Tirunelveli,East,Electronics,Smart Watch,48984.74,8.58,2504.36,10,Card,2024-06-30
4994,Rebecca Smith,Tirunelveli,South,Furniture,Table,9654.97,19.59,583.93,10,Net Banking,2025-05-03
4995,Christina Mendez,Madurai,North,Groceries,Milk,27237.69,28.58,2763,2,UPI,2024-02-22
4996,Keith Gamble,Madurai,East,Furniture,Cupboard,27962.51,9.69,1452.19,5,Card,2025-06-22
4997,John Miller,Salem,South,Groceries,Rice,39997.29,4.62,9197.08,2,Card,2024-08-03
4998,Tony Morris,Madurai,South,Sports,Gym Bag,29117,24.4,5411.51,6,Cash,2024-05-18
4999,Derek Carter,Salem,West,Sports,Gym Bag,10716.96,14.94,1998.27,4,Net Banking,2024-06-03
5000,Johnny Strickland,Coimbatore,East,Sports,Football,42463.95,24.91,7726.34,5,Card,2025-04-17
5001,Taylor Alexander,Trichy,West,Furniture,Chair,11117.15,14.66,644.63,3,UPI,2025-04-14
5002,Anthony Perez,Chennai,East,Sports,Cricket Bat,6132.89,20.08,1063.36,6,Card,2025-11-13
5003,Phillip Hamilton,Madurai,West,Electronics,Laptop,11986.71,1.09,1154.01,4,UPI,2025-06-28
5004,Lisa Mcpherson,Salem,South,Sports,Cricket Bat,12328.27,16.7,2884.58,9,Cash,2025-01-05
5005,Karen Zamora,Trichy,East,Clothing,Jacket,5614.6,28.35,1106.09,5,Card,2025-08-29
5006,Darlene Logan,Trichy,East,Furniture,Chair,27495.4,3.01,6419.01,1,Net Banking,2025-12-23
5007,Christina Santiago,Coimbatore,West,Sports,Shoes,45257.32,7.41,9685.44,6,Card,2024-01-28
5008,Tammy Graves,Madurai,North,Sports,Cricket Bat,764.46,20.69,147.55,1,Card,2025-07-27
5009,Angela Baker,Tirunelveli,West,Clothing,Kurti,13528.77,11.55,1370.54,8,Net Banking,2024-05-28
5010,Haley Stephens,Madurai,East,Groceries,Oil,16694.72,10.84,3054.71,10,Net Banking,2025-06-19
5011,Robert Williams,Tirunelveli,West,Clothing,Jacket,4635.97,10.23,422.74,7,Card,2024-04-15
5012,Justin Khan,Madurai,East,Furniture,Table,37857.93,6.73,1950.16,1,UPI,2025-04-17
5013,Steven Cook,Tirunelveli,North,Sports,Cricket Bat,17864.96,9.95,2555.13,7,Card,2024-11-27
5014,Brian Bautista,Chennai,West,Groceries,Snacks,30720.91,4.1,4077.35,2,Net Banking,2025-11-19
5015,Benjamin Freeman,Coimbatore,East,Groceries,Snacks,43961.82,13.57,5854.24,10,UPI,2024-12-27
5016,Pamela Kelley,Chennai,South,Sports,Gym Bag,34432.98,11.02,5403.41,4,Cash,2024-08-06
5017,Edward Mason,Salem,North,Furniture,Cupboard,48146.15,3.17,4726.31,2,Card,2025-05-19
5018,Mr. Howard Velazquez,Tirunelveli,East,Clothing,Jeans,31509.57,25.57,3895.54,4,Card,2024-06-11
5019,Angela Fernandez,Chennai,North,Groceries,Milk,27264.22,21.58,6099.55,10,UPI,2024-11-09
5020,Nicole Rivera,Chennai,East,Sports,Shoes,20306.52,20.86,1414.5,6,UPI,2024-06-20
5021,Michael Carson,Coimbatore,East,Furniture,Cupboard,6925.63,28.72,1005.31,4,UPI,2025-04-20
5022,Dr. Randy Lopez,Coimbatore,South,Sports,Gym Bag,36521.13,10.26,5469.16,10,Cash,2024-05-25
5023,Mrs. Jacqueline Barton,Chennai,North,Clothing,Kurti,11889.69,1.69,1751.41,9,Net Banking,2024-08-22
5024,Rachel Phillips,Coimbatore,East,Groceries,Oil,26875.93,26.73,3116.22,4,UPI,2025-12-22
5025,Douglas Wilson,Trichy,West,Electronics,Headphones,10252.14,1.94,2289.29,6,Card,2024-12-26
5026,Troy Thompson,Tirunelveli,West,Groceries,Milk,25497.91,0.95,3725.12,2,Cash,2024-05-07
5027,Margaret Chavez,Chennai,North,Sports,Cricket Bat,11786.02,13.79,796.5,6,Card,2024-02-21
5028,Kristin Vazquez,Chennai,South,Furniture,Chair,4570.9,22.03,1104.9,4,Net Banking,2025-04-03
5029,Jason Rogers,Chennai,East,Sports,Shoes,18076.2,22.29,3745.33,1,Cash,2024-07-11
5030,Janet Rice,Madurai,South,Furniture,Table,26465.34,29.41,3337.94,1,UPI,2025-09-11
5031,Dr. Darrell Riley,Chennai,East,Furniture,Cupboard,47447.78,14.94,10944.96,9,Cash,2025-02-17
5032,Alexander Clark,Trichy,North,Clothing,Jacket,33577.76,27.01,5547.47,10,Card,2024-12-12
5033,Michael Hartman,Trichy,South,Groceries,Snacks,22334.65,0.68,4880.55,9,UPI,2025-01-30
5034,James Flowers IV,Chennai,South,Furniture,Chair,39621.27,23.61,8197.47,9,Card,2024-01-13
5035,Deborah Wiley,Tirunelveli,East,Sports,Gym Bag,39523.04,29.91,6647.11,9,UPI,2025-04-09
5036,Connie Williams DVM,Tirunelveli,South,Clothing,Jacket,43600.59,8.46,7086.3,6,Card,2025-09-17
5037,Jeffrey Whitney,Tirunelveli,West,Furniture,Table,25441.94,19.04,3740.58,4,UPI,2025-08-11
5038,Steven Shields,Tirunelveli,West,Furniture,Table,5613.52,1.17,367.16,6,UPI,2025-04-06
5039,Adam Wood,Chennai,East,Electronics,Laptop,35202.05,14.85,7779.77,5,UPI,2025-05-17
5040,Lauren Benson,Chennai,South,Electronics,Headphones,35921.37,24.17,2158.5,3,UPI,2024-06-27
5041,Adam Cordova,Trichy,South,Groceries,Oil,28042,5.23,2953.69,7,UPI,2024-06-22
5042,Maria Cruz,Madurai,North,Clothing,Kurti,37621.64,12.23,3881.03,5,Net Banking,2025-07-08
5043,Kyle Phillips,Coimbatore,East,Groceries,Milk,46791.36,6.77,2504.01,9,Net Banking,2025-10-06
5044,Stephanie Bonilla,Tirunelveli,West,Furniture,Cupboard,4662.72,10.24,891.67,9,UPI,2025-12-17
5045,Antonio Herrera,Chennai,West,Electronics,Mobile,14212.72,11.65,2669.66,6,Net Banking,2025-03-28
5046,Michael Williams,Coimbatore,North,Sports,Football,45866.84,20.16,7871.79,7,Net Banking,2025-02-21
5047,John Bowen,Trichy,West,Furniture,Cupboard,45212.13,11.06,6924.21,6,Cash,2024-07-30
5048,Micheal Prince,Trichy,East,Electronics,Smart Watch,13469.53,3.77,2604.19,8,UPI,2025-09-01
5049,Ryan West,Tirunelveli,South,Clothing,T-Shirt,2180.7,17.88,158.14,5,Cash,2024-07-29
5050,Samuel Kim,Tirunelveli,East,Groceries,Snacks,45629.31,6.96,6887.72,9,Cash,2025-12-14
5051,Jim Rogers,Madurai,South,Clothing,T-Shirt,41054.58,24,5701.1,10,Cash,2024-01-08
5052,Jose Lopez,Madurai,West,Sports,Shoes,8406.67,4.87,1879.67,9,UPI,2025-06-30
5053,Kurt Fox,Tirunelveli,North,Clothing,Kurti,892.83,18.77,149,7,Cash,2025-03-10
5054,Jessica Robbins,Salem,South,Furniture,Sofa,49049.4,22.83,7242.11,6,Net Banking,2024-08-20
5055,Rebecca Ward,Trichy,North,Groceries,Snacks,40187.81,16.94,9605.53,10,UPI,2024-05-18
5056,Tammy Martin,Salem,South,Electronics,Smart Watch,34927.57,17.85,6269.61,7,Net Banking,2025-11-03
5057,Sara Drake,Chennai,North,Clothing,Kurti,36289.89,1.77,3454.42,7,Cash,2025-02-07
5058,Stacy Sandoval,Tirunelveli,North,Furniture,Sofa,43058.31,18.72,9347.49,3,Net Banking,2024-02-09
5059,Alex Moore,Chennai,South,Sports,Gym Bag,33452.54,23.48,3796.97,5,Net Banking,2024-06-27
5060,Joseph Hernandez,Trichy,East,Groceries,Milk,15675.51,28.48,2551.83,4,Card,2024-03-16
5061,Scott Blair,Chennai,West,Electronics,Smart Watch,40590.18,25.41,9819.02,3,UPI,2025-11-19
5062,Claire Manning,Trichy,East,Sports,Cricket Bat,21423.36,24.5,2668.98,2,UPI,2025-11-19
5063,Alicia Winters,Madurai,South,Sports,Football,45337.34,9.34,11006.99,7,Card,2024-12-21
5064,Sharon Anderson,Chennai,North,Clothing,Jeans,23663.96,12.83,3332.95,10,Net Banking,2024-09-05
5065,Christina Marsh,Chennai,South,Furniture,Chair,7014.7,2.97,1723.2,9,UPI,2024-06-04
5066,Ronald Willis,Madurai,North,Groceries,Rice,47570.38,17.98,5713.61,5,Net Banking,2025-12-08
5067,Amanda Coleman,Trichy,North,Groceries,Oil,43364.67,8.9,4698.32,9,Card,2024-12-27
5068,John Moran,Madurai,South,Groceries,Rice,33862.08,1.57,4333.79,10,UPI,2024-10-18
5069,Jo Huffman,Tirunelveli,South,Clothing,Kurti,37935.41,20.87,8709.5,8,Card,2024-02-07
5070,Melissa Thomas,Trichy,South,Groceries,Oil,46071.96,25,10081.9,4,UPI,2025-07-10
5071,Denise Lee,Tirunelveli,North,Groceries,Milk,24141.2,10.24,5276.28,10,Cash,2024-10-20
5072,Kelly Berry,Chennai,East,Furniture,Cupboard,46943.12,1.51,8458.57,8,Net Banking,2025-07-07
5073,Lisa Hill,Madurai,East,Sports,Cricket Bat,45737.12,24.35,10602.9,7,Card,2025-07-09
5074,Jacob Gonzalez,Salem,West,Groceries,Snacks,45609.13,3.81,7679.95,1,UPI,2025-04-18
5075,Nicholas White,Coimbatore,South,Groceries,Snacks,26476.18,24.6,1687.06,5,UPI,2025-10-11
5076,Molly Mendoza,Trichy,West,Electronics,Laptop,38063.03,5.35,9251.44,2,Card,2025-07-26
5077,Zachary Wade,Tirunelveli,South,Groceries,Oil,29675.86,29.43,5196.04,1,UPI,2025-06-07
5078,James Sanchez,Salem,East,Sports,Shoes,18492.75,7.92,3899.01,3,Cash,2025-06-03
5079,Susan Morse,Coimbatore,South,Furniture,Table,44294.3,15.53,6870.79,2,UPI,2025-05-15
5080,Mark Johnson,Salem,West,Sports,Cricket Bat,39305.64,18.52,9740.72,8,UPI,2024-05-13
5081,William Miller,Chennai,West,Clothing,T-Shirt,16226.28,17.83,1013.98,6,UPI,2024-09-20
5082,Antonio Ross,Trichy,West,Groceries,Oil,31021.86,19.04,2757.54,2,Card,2025-09-11
5083,Rachel Lee,Salem,East,Electronics,Mobile,3587.31,27.77,397.4,3,Cash,2025-08-07
5084,Erin Young,Madurai,North,Electronics,Laptop,31177.11,28.59,6286.88,2,UPI,2025-08-19
5085,James Richmond,Madurai,North,Furniture,Sofa,7401.33,23.54,1373.81,1,UPI,2024-08-09
5086,Casey Lee,Chennai,West,Groceries,Oil,45600.83,15.08,9487.17,7,Net Banking,2025-10-26
5087,Kimberly English,Salem,South,Furniture,Table,25400.42,17.31,2589.33,1,Cash,2024-07-24
5088,Philip Rodriguez,Salem,East,Clothing,T-Shirt,16672.64,28.92,3805.56,6,Net Banking,2024-11-06
5089,Christina Donaldson,Trichy,West,Clothing,Kurti,10460.46,6.85,637.63,7,Cash,2025-04-14
5090,Pamela Cline,Madurai,West,Electronics,Smart Watch,15808.72,7.43,1477.77,8,UPI,2024-11-13
5091,Joseph Williams,Tirunelveli,East,Groceries,Milk,6925.42,20.27,513.16,5,Cash,2024-06-19
5092,Richard Jones,Coimbatore,North,Clothing,T-Shirt,7018.53,22.32,1451.53,4,Card,2024-10-02
5093,Kimberly Whitehead,Coimbatore,West,Groceries,Milk,49301.86,3.24,8422.11,3,UPI,2025-12-10
5094,Christine Goodwin,Salem,North,Sports,Football,21143.35,4.09,4481.21,4,Card,2024-06-07
5095,Mr. Ronald Wise,Salem,West,Clothing,T-Shirt,2002.79,27.73,113.89,8,UPI,2024-08-22
5096,Robert Cuevas,Madurai,North,Clothing,Jacket,26322.89,12.66,2819.86,8,Net Banking,2025-03-23
5097,Monica Young,Salem,West,Groceries,Rice,1588.69,0.31,134.85,7,Card,2024-10-05
5098,Carol Moore,Salem,West,Sports,Football,25440.93,1.96,1428.9,9,UPI,2024-10-23
5099,Sarah Schwartz,Trichy,East,Electronics,Laptop,25554.38,16.12,6017.35,6,UPI,2025-07-11
5100,Jennifer Mcgee,Salem,South,Furniture,Table,16757.23,28.9,3439.8,1,Cash,2025-10-13
5101,John Shields,Chennai,South,Electronics,Headphones,6088.37,26.79,355.86,5,Net Banking,2024-08-20
5102,Donald Romero,Madurai,South,Furniture,Sofa,12114.4,6.6,2583.18,6,UPI,2024-05-29
5103,Gilbert Turner,Tirunelveli,North,Groceries,Milk,9183.9,12.29,1786.85,2,Cash,2025-04-03
5104,Marissa Flowers,Salem,North,Furniture,Sofa,43460.58,27.72,10147.49,5,Cash,2025-03-27
5105,Lori Jimenez,Chennai,West,Electronics,Smart Watch,2980.48,29.14,545.14,7,UPI,2024-12-07
5106,Brian Henry,Trichy,North,Clothing,Jacket,15785.57,7.36,2512.87,9,UPI,2024-12-31
5107,Kimberly Bates,Salem,East,Furniture,Table,21973.97,22.96,4026.35,5,Cash,2024-03-10
5108,Christopher Ortiz,Salem,East,Furniture,Cupboard,25763.13,26.22,3518.57,5,Card,2025-03-23
5109,Lori Cochran,Madurai,West,Clothing,T-Shirt,36746.27,12.07,7535.07,8,Card,2025-08-08
5110,Melissa Pineda,Tirunelveli,North,Furniture,Cupboard,48402.51,13.46,11045.05,7,Cash,2025-05-31
5111,Jennifer Sullivan,Chennai,South,Groceries,Rice,29661.68,12.75,5032.89,8,Card,2025-02-16
5112,Miss Alyssa Franklin,Tirunelveli,East,Groceries,Rice,45652.77,0.46,2548.21,2,Net Banking,2025-11-10
5113,Kenneth Young,Tirunelveli,West,Clothing,Jeans,22439.84,20.16,5294.47,9,Cash,2025-03-09
5114,Lisa Hudson,Madurai,West,Groceries,Rice,42197.84,14.25,8721.5,3,Cash,2025-11-23
5115,Kathy Armstrong,Salem,East,Sports,Gym Bag,46745.85,8.48,7888.24,3,Net Banking,2024-05-13
5116,Kathleen Edwards,Coimbatore,West,Furniture,Sofa,38797.38,11.22,8069.75,8,Net Banking,2024-04-13
5117,Renee Bond,Chennai,North,Clothing,Jacket,11009.68,17.72,1060.54,4,Net Banking,2025-05-07
5118,Haley Wright,Chennai,West,Clothing,Jacket,22019.54,28.5,2937.4,10,Net Banking,2025-07-18
5119,Paul Reyes,Tirunelveli,North,Sports,Gym Bag,15760.51,19.67,2890.09,5,Card,2025-04-05
5120,Cynthia Perez,Madurai,East,Furniture,Table,21014.83,22.39,3335.13,7,Net Banking,2024-11-23
5121,Haley Ward,Chennai,North,Clothing,Jacket,27255.28,29.07,2858.25,1,Card,2025-10-21
5122,Olivia Hart,Trichy,South,Furniture,Sofa,16957.12,20.01,1191.34,4,Cash,2024-08-17
5123,Eric Ortiz,Salem,South,Electronics,Laptop,41298.86,13.53,8525.93,10,Net Banking,2025-07-12
5124,Kenneth Yang,Trichy,East,Furniture,Sofa,5547.21,4.53,1292.17,3,Net Banking,2024-07-17
5125,Robert Henry,Tirunelveli,South,Electronics,Headphones,9139.57,0.91,2000.21,10,Net Banking,2025-08-02
5126,William Mays,Tirunelveli,South,Groceries,Rice,26762.9,15.13,4607.91,10,Card,2025-04-05
5127,Melissa Bailey,Chennai,West,Groceries,Oil,41248.53,21.27,7612.59,2,Net Banking,2024-08-08
5128,Ashley Savage,Coimbatore,East,Groceries,Snacks,13451.71,18.28,2417.81,7,Net Banking,2024-11-14
5129,Christine Gallagher,Trichy,South,Groceries,Snacks,40664.95,16.38,8950.22,6,Net Banking,2024-04-10
5130,Luke Green,Madurai,East,Sports,Cricket Bat,472.29,28.78,34.74,10,Cash,2024-10-07
5131,Donald Taylor,Trichy,West,Clothing,T-Shirt,5612.55,14.79,1333.42,7,Card,2025-07-10
5132,Samantha Hall,Coimbatore,South,Furniture,Cupboard,27599.84,7.63,3097.29,5,Net Banking,2024-03-13
5133,Joseph Parker,Trichy,West,Sports,Cricket Bat,20240.6,9.17,4020.34,7,Net Banking,2025-10-13
5134,Troy Turner,Tirunelveli,East,Clothing,Jacket,49814.31,20.49,8413.59,5,Cash,2024-08-26
5135,Mary Jacobson,Salem,East,Groceries,Rice,7595.59,26.69,1403.53,8,Net Banking,2025-10-14
5136,Morgan Nunez,Chennai,West,Groceries,Snacks,37395.56,11.02,8279.64,4,UPI,2024-10-01
5137,Jamie Johnson,Madurai,North,Clothing,T-Shirt,18767.66,16.05,2977.48,9,Card,2025-08-20
5138,Dr. Vanessa Mccormick,Salem,South,Sports,Gym Bag,4868.98,18.23,1070.39,1,Cash,2024-03-16
5139,Mary Foster,Chennai,East,Furniture,Cupboard,4902.94,4.38,905.65,3,UPI,2024-04-05
5140,William Petty,Tirunelveli,West,Sports,Gym Bag,4004.02,9.6,320.13,7,UPI,2024-05-14
5141,Anthony Baker,Salem,North,Furniture,Sofa,35308.62,29.82,2732.33,8,Net Banking,2025-07-27
5142,Terrence Beck,Coimbatore,South,Clothing,T-Shirt,15172.38,28.68,1251.21,1,Card,2024-10-07
5143,Patrick Webb,Chennai,South,Groceries,Milk,7548.62,7.03,931.63,4,UPI,2025-07-26
5144,Scott Jensen,Madurai,East,Electronics,Headphones,45006.53,28.89,10864.56,7,Cash,2025-01-22
5145,Claudia Hays,Tirunelveli,North,Furniture,Table,41026.05,7.81,3390.28,5,UPI,2024-07-19
5146,Dominic Thomas,Chennai,North,Furniture,Table,23398.55,2.92,1807.64,3,Cash,2025-04-02
5147,Dennis Robinson,Madurai,South,Furniture,Table,550.03,27.34,84.75,9,Net Banking,2024-06-06
5148,William Long,Chennai,North,Furniture,Chair,25590.49,29.21,1685.43,5,Net Banking,2025-08-10
5149,Erica Key,Trichy,West,Clothing,Jacket,11146.95,6.1,2342.29,6,Card,2025-11-11
5150,Matthew Wang,Tirunelveli,East,Clothing,Kurti,46764.56,12.77,5257.71,2,Cash,2024-06-10
5151,Elizabeth Cruz,Coimbatore,East,Clothing,Jacket,47749.36,6.13,5492.63,4,Cash,2025-04-09
5152,Barbara Garcia,Chennai,North,Electronics,Laptop,30104.52,27.89,5781.86,7,Card,2025-12-24
5153,William Carlson,Madurai,West,Groceries,Rice,19109.2,8.9,1783.55,8,Card,2024-06-12
5154,James Owens,Trichy,North,Electronics,Smart Watch,21139.14,28.83,4515.73,6,Card,2025-10-21
5155,Diana Huff,Salem,West,Furniture,Cupboard,30717.7,7.01,4177.18,4,Net Banking,2024-03-08
5156,Joshua Mendoza,Chennai,South,Clothing,Kurti,1004.87,15.72,162.91,10,Net Banking,2024-07-09
5157,Linda Reyes,Madurai,North,Groceries,Rice,22486.1,10.43,5373.01,3,Net Banking,2025-07-20
5158,Danielle Rubio,Madurai,West,Groceries,Oil,32897.5,10.45,6445.58,8,Cash,2025-07-07
5159,Phyllis Frederick,Tirunelveli,South,Clothing,T-Shirt,15852.7,14.97,3388.65,1,UPI,2024-03-10
5160,Linda Buck,Tirunelveli,North,Electronics,Smart Watch,3117.57,18.95,286.39,3,UPI,2025-03-07
5161,Brian Fitzgerald,Tirunelveli,North,Sports,Cricket Bat,14154,26.71,3077.93,5,Card,2024-07-14
5162,Jonathan Hunt,Salem,West,Groceries,Rice,17922.32,26.61,3941.55,2,Card,2025-01-17
5163,Marcus Smith,Tirunelveli,West,Furniture,Table,15450.79,0.92,2223.1,9,Card,2025-05-15
5164,Veronica Kemp,Trichy,West,Sports,Cricket Bat,1856.92,7.15,301.44,10,Net Banking,2025-10-05
5165,Mary Miller,Coimbatore,West,Clothing,Kurti,7099.43,0.36,1202.58,5,Card,2024-08-04
5166,Joseph Roberts,Trichy,West,Furniture,Table,19114.72,8.78,3011.33,1,UPI,2025-08-22
5167,Dale Lloyd,Tirunelveli,West,Clothing,Kurti,44585.83,18.69,10406.64,9,Card,2025-12-10
5168,Wayne Ross,Madurai,North,Furniture,Sofa,28160.12,1.62,3219.36,5,Card,2024-04-14
5169,Katherine Pierce,Tirunelveli,West,Sports,Gym Bag,13662.37,15.08,1088.21,7,Card,2024-11-26
5170,James Chan,Chennai,North,Furniture,Table,3369.29,3.7,839.65,1,Card,2025-01-20
5171,Debra Bush,Trichy,South,Clothing,T-Shirt,23108.24,11.93,5536.97,7,Cash,2024-04-21
5172,Marcia Cook,Madurai,West,Furniture,Sofa,4462,10.73,1017.95,3,Net Banking,2025-10-31
5173,Roger Moore,Madurai,West,Electronics,Headphones,28963.77,7.24,3649.47,2,Cash,2024-11-05
5174,Brittany Smith,Salem,North,Groceries,Milk,25104.81,24.7,4984.03,8,UPI,2024-04-25
5175,Jamie Moran,Tirunelveli,West,Electronics,Headphones,34757.87,2.94,6656.93,6,Net Banking,2025-11-01
5176,Gregory Cruz,Coimbatore,West,Groceries,Snacks,1584.23,28.5,376.79,8,Cash,2024-01-19
5177,William Taylor,Tirunelveli,East,Electronics,Mobile,47008.41,15.16,7819.1,10,Net Banking,2025-01-31
5178,David Martin,Chennai,West,Electronics,Mobile,35925.88,16.04,2348.66,7,Net Banking,2024-03-09
5179,Michael Ponce,Salem,South,Clothing,Jacket,2416.7,14.59,146.72,2,Cash,2024-10-16
5180,Nathaniel Francis,Salem,East,Furniture,Sofa,49609.55,14.05,3290.66,5,Cash,2024-02-24
5181,Ashley Stanley,Salem,East,Electronics,Headphones,49798.93,15.07,4331.58,4,Net Banking,2025-04-22
5182,Calvin Stevens,Trichy,South,Clothing,Jeans,37433.07,12.24,5387.16,8,Card,2025-03-10
5183,Abigail Hale,Salem,North,Clothing,Jeans,48378.52,12.18,8432.51,5,Card,2025-04-03
5184,Stephanie Deleon,Salem,North,Groceries,Rice,27815.59,15.71,2306.43,4,UPI,2025-05-26
5185,Patrick Rice,Coimbatore,North,Sports,Cricket Bat,1264.27,28.92,121.83,2,Net Banking,2025-10-13
5186,Andrew Schroeder,Chennai,South,Clothing,T-Shirt,38613.46,27.03,4095.36,2,Card,2025-11-09
5187,Jennifer Franklin,Salem,South,Clothing,Jeans,45726.45,22.7,7018.04,7,UPI,2025-08-03
5188,Christopher Peters,Chennai,West,Electronics,Laptop,11882.65,12.71,762.41,2,UPI,2025-02-22
5189,Rebecca Torres,Trichy,South,Sports,Football,19556.86,26.75,3245.52,3,UPI,2024-10-15
5190,Phyllis Hutchinson,Trichy,North,Groceries,Milk,30733.89,8.68,2185.21,7,Card,2024-04-25
5191,Shannon Schmidt,Trichy,South,Clothing,Kurti,13678.26,14.59,1669.41,8,Net Banking,2024-10-12
5192,Jasmine Haynes,Coimbatore,West,Furniture,Cupboard,35427.7,0.07,4978.22,6,Net Banking,2024-07-31
5193,Samantha Wilson,Tirunelveli,East,Electronics,Mobile,9488.09,9.71,1020.65,6,UPI,2025-07-08
5194,Pamela Salazar,Tirunelveli,South,Electronics,Headphones,39670.07,6.33,9096.29,5,Card,2025-12-04
5195,Deborah Cabrera,Chennai,North,Electronics,Laptop,7526.75,17.31,617.57,1,Cash,2024-01-03
5196,Mary Simpson,Trichy,West,Groceries,Snacks,41359.75,11.9,5985.24,8,Card,2024-03-21
5197,Patrick Blake,Salem,East,Groceries,Oil,33753.97,28.03,3524.43,8,UPI,2025-08-31
5198,Zachary Ward,Chennai,North,Groceries,Milk,45489.39,21.01,5412.09,8,Card,2025-04-29
5199,Cassandra Chavez,Tirunelveli,West,Clothing,T-Shirt,39670.3,11.12,4691.3,4,UPI,2024-12-18
5200,Christine Vasquez,Trichy,South,Groceries,Snacks,910.35,0.46,175.95,3,Card,2025-12-22
5201,Dakota Estrada,Tirunelveli,East,Sports,Shoes,7716.43,22.5,888.91,7,Cash,2025-01-04
5202,Dr. Teresa Mercer PhD,Chennai,West,Furniture,Table,25360.31,15.16,2464.82,5,UPI,2024-06-17
5203,Timothy Hayes,Chennai,West,Electronics,Headphones,9429.39,25.64,2045.97,6,Net Banking,2024-05-01
5204,Lisa Campbell,Coimbatore,South,Sports,Gym Bag,27046.31,12.21,5201.31,3,Cash,2024-04-08
5205,Cheryl Lindsey,Chennai,West,Groceries,Snacks,33700.97,19.25,5457.23,2,Cash,2024-03-20
5206,Natalie Munoz,Coimbatore,East,Furniture,Chair,48099.41,12.21,3995.48,1,UPI,2025-01-25
5207,Heidi Harrison,Trichy,East,Clothing,Kurti,4775.31,8.5,1088.62,8,Card,2025-08-10
5208,Sierra Haley,Coimbatore,East,Clothing,T-Shirt,29332.88,2.22,6302.73,10,UPI,2025-06-05
5209,Hannah Howard,Tirunelveli,East,Furniture,Chair,38736.85,5.71,8617.54,5,Cash,2025-04-23
5210,Lisa Martinez,Trichy,West,Sports,Cricket Bat,15177.98,28.54,899.08,3,Cash,2024-11-26
5211,Robert Snyder,Tirunelveli,East,Groceries,Rice,421.47,9.87,81.84,8,Net Banking,2025-04-18
5212,Steven Young,Trichy,South,Groceries,Snacks,45858.48,20.79,7179.92,7,Cash,2024-12-13
5213,Aaron Mason,Chennai,North,Furniture,Chair,12737.71,22.32,1370.64,10,Net Banking,2024-05-09
5214,Tina Deleon,Salem,North,Furniture,Chair,6425.18,12.34,1251.47,1,Cash,2025-09-04
5215,John Weeks,Trichy,North,Sports,Football,32793.92,15.74,4746.32,5,Cash,2024-11-07
5216,Dana Miller,Tirunelveli,South,Electronics,Mobile,3097.37,15.66,500.98,4,Net Banking,2024-05-18
5217,Jacob Gaines,Coimbatore,West,Electronics,Mobile,8863.07,13.05,1277.81,7,Cash,2024-09-13
5218,Ronald Vazquez,Chennai,East,Sports,Football,42717.47,6.46,2584.75,5,Net Banking,2024-11-30
5219,Peter Riley,Salem,North,Groceries,Rice,28884.9,1.86,6003,9,Net Banking,2024-12-05
5220,Bridget Ruiz,Madurai,South,Clothing,Jacket,31273.95,15.57,3244.3,4,UPI,2025-12-26
5221,Madison Stewart,Salem,North,Furniture,Sofa,40179.14,9.91,4438.19,7,Net Banking,2025-08-04
5222,Russell Harmon MD,Trichy,East,Furniture,Table,43853.71,8.47,4517.56,1,Net Banking,2025-12-14
5223,Terry Tucker,Tirunelveli,North,Clothing,Jeans,34648.98,20.77,3543.23,8,Cash,2025-10-19
5224,Heather Nelson,Chennai,East,Sports,Shoes,39621.13,13.98,8745.28,6,Net Banking,2025-04-08
5225,Christopher Garcia,Salem,North,Clothing,Kurti,40319.35,28.34,3476.07,6,UPI,2025-06-26
5226,Diane Reid,Chennai,South,Clothing,Jacket,29152.5,21.24,2247.57,3,UPI,2025-01-02
5227,Erica Washington,Salem,South,Sports,Cricket Bat,4279.66,19.05,872.66,6,Net Banking,2024-02-07
5228,Francisco Brown,Coimbatore,West,Clothing,Jeans,6272.67,15.08,1122.61,6,Cash,2025-07-27
5229,Theresa Craig,Coimbatore,East,Sports,Gym Bag,6359.8,8.22,1580.64,8,Card,2024-01-30
5230,Cory Fisher,Madurai,North,Groceries,Oil,32353.1,27.42,3299.09,10,Card,2024-03-19
5231,Andrew Nguyen,Salem,North,Sports,Gym Bag,20114.65,0.18,1795.98,7,Card,2024-08-01
5232,Robert Clay,Madurai,South,Electronics,Laptop,4539.84,1.99,679.54,3,Net Banking,2024-10-09
5233,Jessica Jackson,Trichy,West,Furniture,Cupboard,12851.17,28,3123.05,1,Net Banking,2024-01-24
5234,Christina Hansen,Trichy,East,Electronics,Headphones,11268.31,24.19,1609.75,7,Net Banking,2025-04-22
5235,Scott Miller,Salem,North,Electronics,Smart Watch,4847.21,14.79,1001.87,9,Net Banking,2025-09-25
5236,Joshua Parsons,Coimbatore,North,Electronics,Mobile,1033.14,3.05,162.15,7,Cash,2024-05-19
5237,Anita Wilkins,Chennai,West,Sports,Football,25301.68,5.03,5636.87,10,UPI,2025-04-15
5238,Emily Friedman,Chennai,West,Sports,Gym Bag,4259.11,7.14,790.16,9,Card,2024-04-16
5239,Mark Holden,Chennai,East,Furniture,Sofa,9853.03,8.56,734.3,5,Net Banking,2024-10-23
5240,Eric English,Salem,East,Clothing,Jacket,31446.54,17.7,6966.85,9,Cash,2024-08-28
5241,Adam Phillips,Madurai,West,Sports,Football,24731,16.29,1544.86,3,Card,2025-03-25
5242,Jennifer Reed MD,Coimbatore,South,Groceries,Rice,13504.13,16.31,1001.39,6,Card,2024-06-04
5243,David Nelson,Tirunelveli,West,Electronics,Laptop,36690.19,15.15,8328.53,7,Net Banking,2024-04-03
5244,Kari Ritter,Trichy,West,Furniture,Cupboard,4871.97,9.16,414.43,1,Cash,2025-11-28
5245,Erin Wilkins,Salem,East,Sports,Football,46890.01,7.17,10569.4,10,UPI,2024-12-09
5246,Susan Turner,Chennai,South,Sports,Gym Bag,37465.6,29.99,2903.21,8,Cash,2025-04-07
5247,David Blackburn,Madurai,South,Electronics,Laptop,16783.52,18.16,2915.45,6,Cash,2024-03-16
5248,Michael Williams,Chennai,North,Clothing,Jeans,10717.63,24.34,2015.49,5,Cash,2025-02-09
5249,Joseph Oconnor,Tirunelveli,South,Sports,Cricket Bat,8644.18,29.34,799.27,9,Cash,2025-06-11
5250,Cesar Mills,Chennai,South,Groceries,Snacks,28406.81,22.72,1854.56,5,Net Banking,2025-02-12
5251,Brian Day,Trichy,East,Groceries,Snacks,28815.46,12.92,1503.14,3,Net Banking,2024-10-27
5252,William Acevedo,Madurai,South,Furniture,Table,40644.35,1.07,4943.06,9,Card,2024-03-09
5253,Brittney Foster,Tirunelveli,East,Electronics,Laptop,4660.82,16.4,982.86,6,Cash,2024-04-24
5254,Christopher Edwards,Salem,East,Furniture,Sofa,42062.14,27.47,9487.17,10,Cash,2025-12-01
5255,Amber Moore,Trichy,West,Electronics,Mobile,29610.18,6.71,4088.38,4,Net Banking,2025-12-19
5256,Jack Maynard,Salem,West,Furniture,Table,29245.82,22.45,2267.36,4,Net Banking,2025-04-27
5257,Rebecca Greene,Trichy,West,Clothing,Jeans,42127.66,13.1,5820.36,7,Cash,2025-09-06
5258,Frank Huffman,Chennai,East,Groceries,Rice,26003.28,14.63,2273.39,2,Cash,2024-03-30
5259,Holly Stein,Trichy,West,Furniture,Sofa,49771.51,14.15,2701.68,3,Card,2025-01-01
5260,Christopher Long,Coimbatore,North,Clothing,Kurti,10252.91,13.07,1633.44,3,Card,2024-12-30
5261,Martin Moore,Tirunelveli,West,Groceries,Oil,11975.42,3.68,1648.2,9,Card,2025-11-14
5262,Elizabeth Sanchez,Salem,West,Sports,Cricket Bat,32225.41,0.78,6364.89,9,Net Banking,2024-06-22
5263,Dawn Castillo,Tirunelveli,East,Clothing,Kurti,2557.58,1.68,460.45,3,Card,2025-10-14
5264,Joshua Kelly,Salem,North,Clothing,Kurti,10595.06,15.47,1727.74,7,UPI,2024-01-04
5265,Patricia Rodriguez DVM,Trichy,East,Sports,Cricket Bat,24356.09,28.59,5406.12,3,Cash,2025-04-10
5266,Samuel Cox,Madurai,East,Electronics,Smart Watch,18875,1.37,4085.62,10,Net Banking,2025-09-15
5267,Sandy Lynch DVM,Coimbatore,South,Electronics,Mobile,16413.47,19.77,2447.08,3,Cash,2024-07-05
5268,Matthew Smith,Chennai,North,Sports,Shoes,33810.31,20.21,5073.26,3,UPI,2024-07-24
5269,Olivia Harper,Chennai,South,Electronics,Laptop,35785.64,2.92,6134.68,6,Net Banking,2025-05-06
5270,Michael Huerta,Tirunelveli,South,Clothing,T-Shirt,15953.22,20.94,1368.63,8,UPI,2024-12-14
5271,Mark Mitchell,Tirunelveli,East,Sports,Gym Bag,18197.61,29.94,4116.74,8,UPI,2025-05-12
5272,Melissa Lee,Salem,South,Groceries,Rice,48040.5,7.16,7430.09,4,UPI,2024-05-04
5273,Kristy Hubbard,Madurai,West,Clothing,T-Shirt,11658.01,19.58,1908.85,6,UPI,2025-06-11
5274,Stephanie Hutchinson,Salem,West,Groceries,Oil,38130.52,2.55,2750.74,3,Cash,2025-01-12
5275,Keith Price,Salem,South,Electronics,Mobile,34025.92,15.33,4844.11,10,Net Banking,2024-06-17
5276,Robin Williams,Chennai,South,Groceries,Milk,47236.19,13.42,4437.83,4,UPI,2025-09-23
5277,William Barnett,Coimbatore,South,Furniture,Cupboard,915.13,6.31,180.88,8,UPI,2024-08-18
5278,Terry Nguyen,Madurai,North,Furniture,Chair,26228.67,14.74,4576.74,8,Net Banking,2024-04-05
5279,Tricia Robertson,Coimbatore,West,Furniture,Table,5962.51,21.03,526.66,7,Net Banking,2025-12-26
5280,Elizabeth Shepherd,Salem,East,Sports,Cricket Bat,9184.13,1.59,1773.18,7,Cash,2024-11-13
5281,Aaron Jones,Tirunelveli,West,Clothing,Kurti,35163.96,1.36,5193.28,6,Cash,2025-01-15
5282,George Schmitt,Tirunelveli,North,Furniture,Sofa,41006.67,17.57,4181.98,2,UPI,2025-09-21
5283,Tiffany Garner,Madurai,South,Clothing,Jacket,41494.18,13.46,10274.21,9,Cash,2024-09-19
5284,Robert Bowers,Trichy,East,Groceries,Rice,694.46,14.83,64.56,4,Net Banking,2024-12-19
5285,Christopher Beck,Salem,West,Electronics,Headphones,44134.25,10.63,10983.58,3,Card,2024-12-14
5286,Henry Evans,Trichy,South,Clothing,Jacket,41023.93,0.6,6792.29,7,UPI,2024-03-14
5287,William Berry,Tirunelveli,South,Electronics,Smart Watch,9263.2,24.65,1818.73,6,UPI,2024-01-07
5288,Brittany Bailey,Trichy,East,Electronics,Laptop,20202.05,25.31,2135.72,1,Cash,2025-09-23
5289,Erik Smith,Madurai,South,Electronics,Headphones,47891.55,10.07,8376.55,4,Net Banking,2025-04-23
5290,Kevin Salas,Coimbatore,North,Clothing,Jeans,18625.85,22.43,1197.62,1,Card,2025-03-01
5291,Mary Smith,Trichy,North,Groceries,Milk,4785.84,28.16,1008.99,2,Cash,2025-06-24
5292,Deborah Robinson,Trichy,East,Electronics,Headphones,10244.17,11.82,1966.14,7,UPI,2024-05-13
5293,Chad Howard,Trichy,East,Electronics,Laptop,30990.46,11,5770.38,1,Net Banking,2025-12-02
5294,Sean Nguyen,Chennai,West,Clothing,Kurti,18729.1,14.24,2168.01,2,Cash,2024-07-13
5295,Elizabeth Benitez,Madurai,East,Clothing,Jacket,15099.83,1.11,2856.35,5,Net Banking,2024-02-21
5296,Nancy Hernandez,Madurai,South,Sports,Shoes,40739.96,14.17,6494.34,8,Net Banking,2025-07-27
5297,Christine Garcia,Chennai,East,Sports,Gym Bag,14854.34,20.67,901.99,7,Cash,2025-04-20
5298,Joseph Johnson,Madurai,West,Clothing,Jacket,7316.2,18.51,1252.65,7,Cash,2024-07-02
5299,Renee Anderson,Madurai,North,Groceries,Rice,37521.52,20.61,7011.45,8,Net Banking,2024-03-30
5300,Gina Sanchez,Salem,East,Furniture,Sofa,516.23,12.71,75.97,3,UPI,2025-10-03
5301,Kenneth Buckley,Madurai,North,Clothing,Kurti,1335.14,28.16,153.11,9,Card,2024-02-15
5302,Steven Wade,Coimbatore,West,Clothing,Jacket,4071.42,9.86,801.94,5,Cash,2024-08-27
5303,Monica Sanchez,Chennai,East,Clothing,Jacket,1745.9,26.98,237.07,3,Cash,2024-06-09
5304,Gregory Rodriguez,Chennai,South,Furniture,Chair,8721.4,13.88,1457.67,5,UPI,2025-08-12
5305,Courtney Campbell,Salem,South,Furniture,Cupboard,11996.66,11.9,1613.64,8,UPI,2024-05-09
5306,Charles Lindsey,Coimbatore,West,Sports,Gym Bag,30036.89,8.71,5583.56,8,UPI,2025-10-22
5307,Henry West,Madurai,East,Sports,Shoes,22948.33,12.08,1335.96,3,Cash,2025-06-04
5308,Andrea Green,Tirunelveli,East,Clothing,Kurti,34966.05,25.21,3245.8,4,Card,2025-10-31
5309,Brittany Franklin,Salem,North,Electronics,Smart Watch,39157.29,6.83,7895.5,9,UPI,2024-01-30
5310,Cathy Williams,Trichy,East,Furniture,Cupboard,40374.39,16.57,3126.8,3,Net Banking,2024-08-21
5311,Barbara Jacobson,Madurai,North,Furniture,Cupboard,13416.14,16.01,1101.04,3,Card,2025-08-26
5312,Kathryn Mclean,Madurai,South,Clothing,Kurti,10595.86,5.75,2148.68,4,Cash,2025-05-23
5313,Matthew Garner,Trichy,North,Furniture,Cupboard,7465.94,28.72,1415.78,1,Net Banking,2025-07-04
5314,Colin Hall,Madurai,West,Groceries,Rice,10561.88,3.79,1690.69,2,Net Banking,2024-06-17
5315,Stephanie Gray,Trichy,South,Furniture,Cupboard,43547.77,0.35,8341.02,8,Net Banking,2024-12-28
5316,David Mullen,Tirunelveli,East,Furniture,Sofa,18904.8,7.08,1578.34,7,Cash,2025-03-10
5317,Hannah Key,Coimbatore,West,Groceries,Milk,15444.89,29.42,2493.53,1,Card,2024-01-21
5318,Erin Cooper,Chennai,West,Clothing,Kurti,31463.23,18.29,4196.03,9,UPI,2025-05-26
5319,Caroline Powell,Coimbatore,East,Electronics,Smart Watch,49089.12,28.34,5408.29,2,UPI,2025-11-04
5320,Timothy Hart,Coimbatore,North,Clothing,Jeans,38973.25,14.3,4089.76,8,Cash,2024-08-14
5321,Chris Perkins,Madurai,West,Clothing,Jacket,37873.34,14.18,7206.81,2,UPI,2025-02-11
5322,Jessica Boyd,Tirunelveli,East,Clothing,Jeans,12484.51,11.68,1194.03,4,Cash,2024-03-12
5323,Christopher Harrison,Chennai,West,Sports,Gym Bag,4498.01,13.2,484.45,1,UPI,2024-04-16
5324,Anthony Diaz,Trichy,East,Furniture,Table,29873.42,21.05,4808.54,2,Card,2025-05-14
5325,William Patrick,Salem,West,Furniture,Chair,48532.29,27.87,6944.17,10,UPI,2025-01-22
5326,Suzanne Frazier,Tirunelveli,North,Furniture,Sofa,37267.3,20.34,6525.97,3,Net Banking,2025-07-17
5327,Christina Ortega,Trichy,North,Furniture,Cupboard,11076.96,22.74,1357.67,3,Cash,2025-03-12
5328,Thomas Parker,Salem,West,Groceries,Snacks,12236.35,11.28,2742.17,9,Card,2024-06-08
5329,Debbie Proctor,Trichy,West,Groceries,Snacks,4896.65,15.19,362.38,7,Cash,2024-08-12
5330,Thomas Owens,Salem,West,Clothing,Kurti,8147.42,23.02,1083.74,9,Net Banking,2025-12-29
5331,Rodney Hicks,Salem,South,Furniture,Chair,7533.1,15.78,539.04,4,Cash,2025-10-16
5332,Nicolas Glover,Madurai,West,Electronics,Smart Watch,47264.44,26.88,5648.24,5,Card,2025-07-09
5333,Stephanie White,Coimbatore,East,Sports,Gym Bag,25271.22,28.09,1565.17,5,Card,2024-08-02
5334,Lori Hooper,Tirunelveli,East,Groceries,Rice,46954.99,5.86,10935.52,6,Net Banking,2025-04-29
5335,Charles Paul,Madurai,North,Electronics,Headphones,17111.35,28.04,2365.95,9,Net Banking,2025-04-27
5336,Jeffery Olson,Trichy,East,Furniture,Cupboard,19346.96,23.75,2713.41,1,Card,2024-01-21
5337,Jon Johnson,Salem,South,Electronics,Smart Watch,31499.68,27.73,2648.75,10,Card,2025-03-19
5338,Alexander Munoz,Salem,West,Groceries,Rice,40184,22.33,4008.68,9,Net Banking,2025-05-19
5339,Sean Anthony,Coimbatore,North,Electronics,Laptop,21789.07,15.25,2104.63,7,UPI,2025-12-05
5340,Cynthia Ochoa,Salem,South,Sports,Football,15872.84,19.95,2605.1,1,Card,2025-08-04
5341,Nathaniel Acevedo,Coimbatore,North,Sports,Cricket Bat,34080.5,7.26,3473.57,2,Card,2024-04-04
5342,Michael Willis,Trichy,West,Groceries,Oil,34482.03,10.33,5368.16,9,Net Banking,2024-04-05
5343,Michael Aguilar,Tirunelveli,East,Electronics,Smart Watch,39455.33,2.26,3988.95,4,UPI,2025-05-02
5344,Brian Garcia,Salem,North,Furniture,Chair,40794.15,10.63,8789.88,10,Card,2024-07-14
5345,April Holt,Coimbatore,East,Groceries,Snacks,31201.84,10.4,7237.87,1,Card,2024-01-19
5346,Paul Clark,Coimbatore,North,Clothing,T-Shirt,4382.1,26.47,1074.74,3,Cash,2025-11-08
5347,Brittany Shaw,Coimbatore,West,Clothing,T-Shirt,43653.43,5.85,4228.31,9,Card,2024-07-24
5348,Jessica Williams,Salem,West,Clothing,T-Shirt,7693.92,13.78,431.54,10,Net Banking,2024-04-11
5349,Steven Adams,Trichy,East,Sports,Football,4463.64,29.05,626.79,6,Net Banking,2024-05-14
5350,Amanda Burgess,Tirunelveli,West,Clothing,Jeans,42741.72,2.04,7889,6,Cash,2024-09-02
5351,Erin Brown,Tirunelveli,East,Sports,Gym Bag,3918.41,3.65,843.04,2,Cash,2025-03-24
5352,William Hansen,Tirunelveli,West,Furniture,Sofa,1933.07,23.29,232.16,8,Card,2024-03-17
5353,Sarah Owens,Chennai,West,Clothing,Jacket,11277.12,7.78,1557.41,6,Net Banking,2025-07-30
5354,Joe Woodward MD,Salem,South,Groceries,Rice,18871.92,16.14,2535.13,5,Card,2025-03-23
5355,Keith Fernandez,Coimbatore,South,Electronics,Headphones,45773.51,15.4,2895.01,6,Cash,2025-04-18
5356,Hector Clay,Chennai,South,Clothing,Jeans,30439.84,20.29,5968.74,4,Card,2025-03-19
5357,Henry Gordon,Trichy,West,Clothing,Kurti,3628.62,21.09,303.87,5,Cash,2025-05-18
5358,Alex Crosby,Chennai,East,Clothing,Jeans,46266.3,1.77,4436.22,1,Cash,2024-10-27
5359,Nicole Williams,Salem,South,Clothing,Jeans,5477.78,22.4,429.95,2,UPI,2025-09-20
5360,Kara Simpson,Chennai,West,Clothing,Kurti,10544.07,6.69,1918.76,2,Cash,2025-11-16
5361,Karen Green,Madurai,North,Electronics,Mobile,26267.59,29.11,5784.32,7,Card,2025-09-22
5362,Mike Espinoza,Salem,North,Sports,Cricket Bat,28343.11,25.29,4645.06,10,Cash,2024-12-27
5363,Rebecca Lopez,Tirunelveli,West,Electronics,Laptop,23051.18,24.67,5547.34,6,Card,2024-11-24
5364,Marcus Vargas,Madurai,East,Sports,Gym Bag,40231.05,25.58,3358.21,10,UPI,2024-04-26
5365,Courtney Cole,Trichy,West,Clothing,Kurti,21568.08,17.39,5200.63,3,Net Banking,2024-11-24
5366,Adam Hansen,Salem,North,Clothing,Jacket,15417.48,11.45,2102.29,4,Net Banking,2025-09-07
5367,Jordan Weber,Salem,East,Sports,Football,3459.27,15.72,583.17,1,UPI,2025-10-12
5368,William Mcpherson,Madurai,West,Clothing,Jeans,25366.97,24.9,3470.31,3,UPI,2024-02-01
5369,Chad James,Chennai,West,Sports,Cricket Bat,8483.7,4.28,1807.67,8,Cash,2024-02-19
5370,Mary Wade,Tirunelveli,North,Clothing,Kurti,17325.85,16.28,1815.62,10,Cash,2025-03-10
5371,Victoria Brown,Tirunelveli,West,Clothing,Jeans,19081.85,17.72,2495.24,1,Card,2025-08-23
5372,Lynn Gallagher,Tirunelveli,North,Electronics,Mobile,23691.38,14.27,5821.54,8,Cash,2025-11-19
5373,William Roberts,Salem,South,Clothing,Jacket,1965.52,16.96,469.88,1,Net Banking,2025-08-09
5374,Katie Roberts,Coimbatore,East,Clothing,Jacket,44274.08,16.35,8767.96,6,Net Banking,2024-11-27
5375,Donna Contreras,Tirunelveli,East,Groceries,Rice,5204.26,6.18,272.2,3,Net Banking,2025-11-27
5376,Jessica Love,Trichy,North,Sports,Shoes,38036.06,25.53,3611.79,4,Cash,2025-11-18
5377,Samantha Williams,Trichy,East,Electronics,Laptop,11831.16,14.18,2702.09,3,UPI,2024-02-23
5378,Timothy Garcia,Madurai,East,Groceries,Milk,37264.5,22.52,8060.42,2,Cash,2025-08-03
5379,Jennifer Payne,Coimbatore,South,Groceries,Rice,44412.38,16.4,6352.11,5,Net Banking,2025-07-26
5380,Danielle Hopkins,Coimbatore,South,Sports,Gym Bag,38744.35,13.55,6106.27,5,UPI,2025-01-04
5381,Caroline Morgan,Tirunelveli,North,Electronics,Headphones,38996.28,3.31,2083.13,9,Card,2024-08-17
5382,Nicholas Mays,Trichy,West,Clothing,Jacket,42859.86,18.4,8830.64,10,UPI,2025-07-15
5383,Travis Quinn,Tirunelveli,South,Electronics,Smart Watch,47519.91,29.57,11120.36,5,Card,2025-03-28
5384,Jeremy Kim,Trichy,East,Clothing,T-Shirt,30577.68,9.64,6988.91,3,Net Banking,2024-05-14
5385,Michelle Jones,Tirunelveli,West,Electronics,Mobile,12656.31,17.16,2943.75,2,Cash,2024-01-05
5386,Lauren Moody,Trichy,East,Electronics,Laptop,44996.92,17.2,7579.46,5,Cash,2025-01-09
5387,Michael Robbins,Salem,North,Furniture,Table,19947.82,13.53,1013.27,5,Cash,2025-07-13
5388,George Kirby,Trichy,North,Groceries,Rice,2587.87,24.13,138.36,9,UPI,2024-02-03
5389,Elizabeth Luna,Coimbatore,South,Furniture,Sofa,19516.8,11.82,1334.41,4,Net Banking,2025-06-29
5390,Amanda Jones,Chennai,East,Sports,Football,43242.81,23.99,10570.68,10,Net Banking,2024-08-20
5391,Rebecca Ryan,Tirunelveli,South,Groceries,Milk,32041.1,20.89,3719.72,3,UPI,2025-09-01
5392,Kathryn Holmes,Chennai,East,Furniture,Chair,32077.49,16.61,6217.36,7,UPI,2024-10-17
5393,Molly Schwartz,Chennai,West,Groceries,Snacks,2124.93,13.43,321.67,3,Cash,2024-05-28
5394,Michael Rodriguez,Trichy,West,Electronics,Mobile,40597.44,17.1,5171.01,6,UPI,2024-01-19
5395,Timothy Blackwell DVM,Chennai,North,Electronics,Mobile,8796.35,21.91,1464.23,10,Net Banking,2024-06-03
5396,Cristina Harris,Coimbatore,North,Sports,Football,24548.3,6.6,2834.88,9,Card,2024-04-29
5397,Jennifer Scott,Coimbatore,South,Sports,Cricket Bat,8585.46,18.13,569.39,2,UPI,2024-06-28
5398,Mrs. Regina Pruitt,Chennai,South,Electronics,Headphones,14465.24,6.48,3561.51,4,UPI,2025-05-13
5399,Dustin Dawson,Coimbatore,South,Clothing,Kurti,7371.05,1.24,506.74,9,Cash,2025-08-06
5400,Sarah Griffin,Coimbatore,West,Clothing,T-Shirt,21887.8,22.2,2430.52,7,Net Banking,2025-04-12
5401,Craig Smith,Coimbatore,West,Sports,Cricket Bat,34079.27,4.57,2483.57,9,Cash,2025-10-13
5402,Jose Turner,Tirunelveli,West,Clothing,Jeans,42676.6,4.46,10310.35,8,Card,2025-08-14
5403,Kristin Olsen,Chennai,East,Groceries,Milk,45405.75,11.16,5261.82,3,Net Banking,2024-12-15
5404,Richard Reyes,Madurai,South,Furniture,Table,26943.95,11.99,1691.11,4,Net Banking,2025-05-08
5405,Jorge Davis,Chennai,South,Electronics,Smart Watch,44476.2,10.41,10620.1,2,Net Banking,2024-01-19
5406,James Ortiz,Coimbatore,East,Electronics,Laptop,23435.07,6.63,4385.5,8,Card,2024-05-29
5407,William Brooks,Trichy,East,Sports,Gym Bag,12940.18,1.48,3199.48,2,Card,2024-01-31
5408,Elizabeth Stephens,Tirunelveli,South,Groceries,Oil,46560.85,10.37,3917.17,4,UPI,2025-07-29
5409,Stacey Morrison,Chennai,West,Groceries,Rice,7032.17,28.67,517.69,9,Net Banking,2024-05-26
5410,Kenneth Parker,Trichy,South,Sports,Cricket Bat,19129.01,13.71,984.4,9,Card,2024-03-07
5411,Erik Jones,Madurai,West,Electronics,Mobile,13685.79,24.83,2011.73,4,UPI,2025-07-25
5412,Jesus Mathews,Tirunelveli,East,Electronics,Smart Watch,6006.17,15.97,866.58,3,Net Banking,2024-02-12
5413,Dr. Amber Rogers,Chennai,West,Furniture,Table,43665.82,6.51,8521.56,1,Cash,2025-01-19
5414,Shawn Johnson,Tirunelveli,West,Electronics,Laptop,13273.89,1.87,2504.19,5,Net Banking,2024-11-05
5415,Dale Harrison,Tirunelveli,East,Sports,Cricket Bat,8520.43,2.09,1751.23,8,Cash,2025-01-13
5416,Matthew Brown,Salem,West,Electronics,Smart Watch,14632.39,21.15,1343.78,1,Net Banking,2025-01-05
5417,Lisa Jackson,Salem,West,Electronics,Mobile,37767.05,18.07,6603.99,7,Card,2025-11-01
5418,Matthew Jackson,Tirunelveli,North,Clothing,Jeans,18887.39,24.16,1886.4,10,Cash,2025-12-28
5419,Lori Morton,Trichy,South,Electronics,Smart Watch,22020.82,14.91,4122.5,7,Cash,2025-02-16
5420,Sheri Cooper,Madurai,South,Electronics,Mobile,6532.95,19.52,1203.2,10,Card,2024-10-24
5421,Daniel Hamilton,Chennai,East,Furniture,Table,22012.55,14.13,5398.46,3,UPI,2025-06-10
5422,Charles Saunders,Coimbatore,South,Sports,Football,3303.85,29.31,352.91,1,Card,2025-09-05
5423,George White,Madurai,North,Furniture,Sofa,16668.8,29.53,4046.87,6,Net Banking,2025-07-28
5424,Desiree Ball,Salem,West,Groceries,Rice,11871.86,24.47,2658.85,6,UPI,2025-10-21
5425,Deborah Sanchez,Coimbatore,East,Electronics,Mobile,5491.33,5.79,1192.39,4,Net Banking,2024-02-20
5426,Vincent Cantrell,Madurai,South,Electronics,Laptop,9951.66,25.5,1166.82,9,Card,2025-10-18
5427,Kimberly Foster,Madurai,North,Clothing,Jeans,43129.38,1.48,3779.96,4,Cash,2025-09-16
5428,Melanie Fowler,Chennai,East,Electronics,Mobile,2465.76,5.72,507.6,9,Card,2025-05-25
5429,Matthew Montes,Madurai,West,Clothing,Jeans,45175.36,18.67,2766.91,5,Net Banking,2025-06-14
5430,Jill Harrison,Madurai,South,Clothing,T-Shirt,29999.69,8.46,5603.89,2,Card,2025-05-09
5431,Clayton Sanchez,Chennai,East,Furniture,Sofa,8952.76,6.51,1465.35,1,UPI,2024-11-16
5432,Duane Knight,Chennai,East,Clothing,Jeans,26248.09,16.71,6132.93,5,UPI,2025-01-01
5433,Mark Larsen,Salem,East,Electronics,Headphones,17283.28,0.81,2871.29,8,UPI,2025-06-07
5434,Jamie Davis,Trichy,North,Sports,Shoes,16633.58,1.86,3137.54,7,Cash,2025-12-25
5435,Susan Floyd,Tirunelveli,West,Furniture,Sofa,21579.62,21.18,1271.63,9,Net Banking,2024-07-19
5436,Yvette Franklin,Salem,East,Clothing,Kurti,27082.07,8.12,3947.45,10,Card,2024-09-02
5437,Matthew Hill,Coimbatore,East,Furniture,Cupboard,21792.35,10.73,5324.28,3,Cash,2024-06-27
5438,Deborah Scott,Tirunelveli,South,Electronics,Headphones,32962.87,19.8,3543.01,10,Cash,2024-06-18
5439,Daniel Gilbert,Trichy,South,Electronics,Mobile,47420.39,8.56,7318.46,4,Card,2024-09-15
5440,Michael Jones,Trichy,North,Furniture,Cupboard,21153.91,20.8,3208.13,4,Net Banking,2025-04-07
5441,Mrs. Catherine Castillo,Chennai,West,Electronics,Headphones,48985.63,17.75,5366.59,5,Card,2024-09-23
5442,Daniel Martin,Chennai,South,Groceries,Oil,3892.95,13.76,674.32,4,UPI,2024-02-18
5443,Sabrina Oconnor,Chennai,West,Electronics,Mobile,6902.28,2.81,1437.71,1,Card,2024-03-08
5444,Brandon Wood,Coimbatore,South,Groceries,Snacks,26990.35,5.01,5638.26,10,Cash,2025-12-21
5445,Regina Gardner,Tirunelveli,South,Sports,Football,17198.78,3.36,1189.72,10,Net Banking,2025-10-27
5446,Kenneth Acosta,Coimbatore,South,Sports,Gym Bag,41656.21,16.9,9769.09,4,Net Banking,2024-07-16
5447,Sandra Gilbert,Coimbatore,South,Clothing,T-Shirt,48501.65,6.66,11245.73,10,UPI,2024-04-25
5448,Tracy Williams,Salem,East,Sports,Shoes,29385.88,16.68,6733.42,6,UPI,2025-09-13
5449,Denise Roach,Chennai,West,Furniture,Cupboard,10036.35,19.22,527.36,9,Net Banking,2025-02-20
5450,Shelly Le,Madurai,East,Furniture,Table,26830.28,16.88,5660.77,3,UPI,2025-01-30
5451,Denise Rivera,Madurai,North,Groceries,Milk,36372.27,19.7,8757.51,6,Net Banking,2025-01-25
5452,James Wilson,Madurai,North,Clothing,Kurti,34793.71,7.06,5281.97,1,Card,2024-04-04
5453,Judith Ewing,Tirunelveli,South,Clothing,T-Shirt,47146.2,8.29,2842.94,8,Net Banking,2024-03-17
5454,Sharon Walker,Tirunelveli,South,Furniture,Chair,823.11,5.43,115.59,5,Card,2025-10-26
5455,Michael Reed,Madurai,West,Clothing,T-Shirt,20786.7,16.37,4758.66,5,Cash,2024-02-23
5456,Jeremy Campbell,Chennai,North,Clothing,Jeans,30286.64,19.79,2070.85,10,Cash,2025-04-29
5457,Jerry Vance,Salem,East,Furniture,Chair,47215.2,17.54,11618.01,7,UPI,2025-05-08
5458,Cheryl Moore PhD,Trichy,West,Groceries,Oil,11574.41,13.47,1182.91,10,UPI,2024-07-27
5459,Terry Cervantes,Trichy,North,Clothing,Kurti,18808.93,22.74,1606.41,7,UPI,2025-01-09
5460,Bridget Pitts,Chennai,East,Furniture,Cupboard,49204.41,9.02,8516.99,2,Card,2024-07-29
5461,Mr. Leonard Ward DDS,Salem,West,Electronics,Laptop,1289.66,11.83,248.63,6,Cash,2024-04-17
5462,Martin Turner,Trichy,North,Groceries,Oil,49704.92,15.82,3978.21,6,Cash,2025-10-09
5463,Isaac Howard,Salem,South,Electronics,Headphones,16336.23,17.25,1083.49,1,UPI,2025-06-11
5464,Emily Davis DDS,Chennai,East,Electronics,Mobile,19028.48,11.75,1939.85,3,Card,2025-04-28
5465,Jessica Taylor,Chennai,East,Electronics,Laptop,16674.43,7.11,3112.28,4,Net Banking,2024-09-20
5466,Alexis Hughes,Trichy,West,Sports,Football,14731.03,14.55,2155.56,6,Card,2024-10-31
5467,Mark Miller,Salem,West,Electronics,Headphones,3074.89,3.58,212.46,9,Net Banking,2024-08-07
5468,Robert Schaefer Jr.,Salem,South,Clothing,T-Shirt,38947.05,16.89,7284.21,7,Card,2024-03-28
5469,Erica Lopez,Madurai,South,Electronics,Laptop,31742.49,6.56,5585.59,2,Card,2025-02-02
5470,Michelle Hernandez,Tirunelveli,South,Furniture,Sofa,41752.25,1.3,5911.76,5,Net Banking,2024-10-13
5471,Tara Brown,Trichy,South,Sports,Cricket Bat,17473.34,26.81,3378.13,8,Card,2024-12-25
5472,Kayla Montgomery,Tirunelveli,North,Furniture,Table,41514.7,8.67,7141.66,8,Cash,2025-07-11
5473,Timothy Johnson,Coimbatore,South,Electronics,Mobile,15229.99,7.48,2897.94,6,Net Banking,2025-02-23
5474,James Baker,Chennai,West,Electronics,Mobile,908.8,19.21,182.67,2,UPI,2024-10-10
5475,Brittney Dougherty,Coimbatore,West,Electronics,Mobile,2891.4,22,527.41,9,Net Banking,2024-07-30
5476,David Ward,Madurai,West,Sports,Cricket Bat,15134.01,3.52,1603.28,8,Cash,2024-12-05
5477,Robert Berry,Tirunelveli,South,Electronics,Mobile,32387.56,0.39,6376.13,8,UPI,2024-09-27
5478,Allison Dorsey,Coimbatore,North,Furniture,Table,26146.08,11.18,2101.57,1,Cash,2025-01-16
5479,Michelle Barton,Trichy,East,Furniture,Table,1239.26,13.02,100.6,8,UPI,2025-12-14
5480,Marcus Parker,Trichy,North,Groceries,Milk,10731.64,29.24,1797.99,9,Net Banking,2025-01-17
5481,Julia Anderson,Salem,East,Furniture,Cupboard,16411.69,4,1798.79,5,Net Banking,2025-11-23
5482,Whitney Adams,Salem,North,Electronics,Smart Watch,38830.92,15.7,9304.07,4,Net Banking,2025-09-10
5483,Benjamin Warren,Chennai,West,Furniture,Table,8959.83,12.27,852.33,10,Net Banking,2024-06-16
5484,Sharon Bruce,Coimbatore,West,Electronics,Smart Watch,33570.88,21.23,4040.91,8,Cash,2025-02-05
5485,Joseph Quinn,Salem,North,Groceries,Rice,34829.2,3.7,8444.7,1,Net Banking,2025-05-04
5486,Alyssa Allen,Tirunelveli,North,Electronics,Mobile,44176.21,5.5,2403.77,2,UPI,2025-10-14
5487,Madison Hopkins,Madurai,West,Furniture,Table,6165.59,18.15,391.82,10,Net Banking,2024-01-02
5488,Andrea Frank,Trichy,South,Electronics,Laptop,16244.2,16.47,2927.39,2,Card,2025-10-19
5489,Ashley Watson,Madurai,North,Groceries,Snacks,47998.86,24.56,8348.45,1,UPI,2024-08-01
5490,Penny Roberts,Tirunelveli,East,Electronics,Laptop,44650.04,21.91,5560.41,9,Card,2025-07-24
5491,Mr. Cole Gregory MD,Trichy,East,Electronics,Mobile,43998.55,9.53,10383.06,3,Card,2025-06-10
5492,Mark Johnson,Salem,South,Furniture,Chair,15913.39,12.21,804.53,10,Cash,2025-07-22
5493,Jacqueline Shaffer,Chennai,North,Groceries,Oil,47712.03,13.19,9050.69,4,Cash,2024-02-25
5494,Troy Fields,Trichy,East,Electronics,Headphones,17517.56,6.64,1064.11,8,Card,2024-02-19
5495,Diana Moran,Tirunelveli,East,Electronics,Mobile,45789.86,17.04,5959.92,10,Cash,2024-06-11
5496,Michael Daniels,Salem,North,Electronics,Laptop,43739.85,22.26,3425.01,7,Net Banking,2024-09-30
5497,Brian Diaz,Madurai,West,Furniture,Table,23621.02,17.14,5519.49,8,UPI,2025-11-24
5498,Bethany Aguilar,Chennai,West,Furniture,Sofa,14581.04,22.19,1863.9,6,UPI,2024-05-04
5499,Whitney Lam,Madurai,North,Furniture,Cupboard,2184.3,3.76,357.43,5,Card,2024-06-20
5500,Shannon Jackson,Tirunelveli,South,Clothing,Jeans,26659.81,13.99,3736.32,5,Cash,2024-08-18
5501,John Freeman,Madurai,South,Electronics,Laptop,1438.66,8.78,118.2,9,Card,2025-09-28
5502,Sarah Ross,Madurai,South,Clothing,Kurti,8283.82,27.1,874.49,4,Card,2024-08-20
5503,Jerome Douglas,Salem,West,Clothing,Jeans,44791.08,21.64,5252.27,4,Net Banking,2024-06-03
5504,Veronica Pollard,Coimbatore,South,Groceries,Oil,7684.45,28.4,1242.11,7,Net Banking,2024-10-14
5505,Jennifer Thompson,Chennai,North,Electronics,Smart Watch,5484.36,13.82,366.37,1,Card,2025-08-07
5506,David Powell,Coimbatore,South,Electronics,Smart Watch,30964.74,19.01,2534.93,6,Card,2024-12-29
5507,Ryan Jones,Tirunelveli,East,Sports,Gym Bag,32691.07,9.3,4202.79,4,Card,2024-02-29
5508,Ryan Cochran,Coimbatore,East,Furniture,Chair,11917.09,27.24,847.65,1,Cash,2024-01-15
5509,James Anderson,Coimbatore,East,Groceries,Rice,29062.18,17.07,1668.75,9,Card,2024-09-08
5510,Ana Mccoy,Coimbatore,North,Electronics,Laptop,41631.01,8.98,8775.42,1,Net Banking,2025-07-16
5511,Keith Butler,Tirunelveli,South,Clothing,Jacket,34361.51,21,2735.94,4,Card,2024-04-25
5512,Chad Hall Jr.,Coimbatore,West,Electronics,Laptop,9904.91,28.27,1400.11,8,UPI,2024-05-25
5513,Eric Gibson,Madurai,North,Groceries,Rice,33586.7,6.69,7790.21,7,Net Banking,2025-05-01
5514,Colin Savage,Salem,South,Sports,Football,11868.92,18.65,2279.38,1,Net Banking,2024-01-15
5515,Laura Smith,Tirunelveli,East,Clothing,Jeans,24561.05,11.97,2158.24,8,UPI,2024-11-15
5516,Jessica Gutierrez,Madurai,South,Sports,Football,39756.55,9.58,9556.23,2,Card,2025-03-26
5517,Lisa Yates,Chennai,East,Furniture,Cupboard,34199.61,4.46,2837.54,6,Net Banking,2025-06-15
5518,Madison Meyer,Madurai,South,Clothing,Jeans,19123.92,16.67,4424.25,5,Cash,2024-06-02
5519,Joseph Ayers,Coimbatore,West,Electronics,Laptop,37482.52,4.03,8418.56,5,Card,2025-12-20
5520,Aaron Anderson,Chennai,South,Clothing,Jacket,36428.43,0.51,6687.13,10,Card,2024-08-23
5521,Sergio Bauer,Madurai,East,Furniture,Cupboard,17862.92,6.88,3170.55,3,Card,2024-07-15
5522,Charles Porter,Madurai,South,Sports,Shoes,21235.83,4.76,1445.74,10,Net Banking,2025-01-26
5523,Tonya Smith,Chennai,West,Groceries,Oil,9056.79,16.73,505.68,9,UPI,2025-01-21
5524,Brandon Coffey,Coimbatore,East,Electronics,Laptop,23641.24,20.85,4655.23,8,UPI,2024-04-06
5525,Joanna Powell,Coimbatore,North,Groceries,Oil,36966.77,4.78,8415.09,7,Cash,2024-07-30
5526,Richard Wright,Tirunelveli,West,Clothing,Jeans,6060.47,8.19,1237.37,10,UPI,2024-07-14
5527,Bobby Tate,Madurai,East,Furniture,Sofa,42073.01,15.31,5100.53,1,UPI,2025-12-17
5528,Timothy Stone,Trichy,South,Electronics,Smart Watch,25513.97,4.18,4291.12,9,UPI,2024-01-02
5529,James Perez,Coimbatore,North,Clothing,T-Shirt,6232.14,1.29,1403.15,3,Cash,2025-03-17
5530,Rebecca Robinson,Madurai,South,Clothing,T-Shirt,18015.76,28.6,1113.85,1,UPI,2025-03-31
5531,Danielle Gonzalez,Salem,East,Clothing,Jacket,11893.72,7.51,2212.93,8,Net Banking,2025-05-02
5532,Christine Smith,Salem,North,Clothing,Jeans,33028.04,1.57,6785.4,10,Cash,2025-10-11
5533,Amber Lambert,Chennai,North,Sports,Football,17367.3,2.06,3098.76,2,Cash,2024-04-25
5534,Juan Rivera,Coimbatore,North,Furniture,Chair,24100.13,28.56,5801.86,7,Card,2025-06-09
5535,Aaron Bryant,Salem,North,Clothing,Kurti,17454.98,27.89,2961.42,1,Net Banking,2024-07-26
5536,Kevin Dawson,Tirunelveli,North,Electronics,Smart Watch,34046.6,14.02,6853.42,10,UPI,2024-02-08
5537,Sean Dixon,Salem,East,Electronics,Smart Watch,49448.81,5.34,4867.5,1,Net Banking,2024-01-30
5538,Nicole Bullock,Madurai,South,Sports,Football,45102.94,20.45,5376.21,7,UPI,2024-01-22
5539,Michael Hatfield,Coimbatore,North,Furniture,Table,37370.24,9.88,5624.99,5,Net Banking,2024-11-28
5540,Jessica Williams,Madurai,East,Groceries,Milk,31923.68,16.49,4916.37,3,Cash,2024-07-07
5541,Kristin Evans,Tirunelveli,East,Groceries,Milk,12361.86,3.6,2009.37,9,Net Banking,2025-03-09
5542,Kevin Thomas,Trichy,East,Sports,Shoes,6608.46,4.16,1058.95,4,Net Banking,2024-05-25
5543,Kimberly Peters,Madurai,East,Groceries,Milk,7116.95,21.96,1176.46,10,Card,2025-08-11
5544,Susan Dixon,Madurai,South,Clothing,Jacket,10063.75,8.39,988.78,1,Net Banking,2025-06-16
5545,Cindy Lloyd,Salem,East,Furniture,Cupboard,2112.13,0.34,511.09,2,UPI,2024-04-06
5546,Shawn Leon,Coimbatore,West,Clothing,T-Shirt,10955.36,27.93,2513.44,7,Net Banking,2024-06-16
5547,Tiffany Brown,Coimbatore,West,Sports,Football,6045.64,26.57,433.26,3,Cash,2024-02-10
5548,Daniel Carrillo,Chennai,South,Sports,Shoes,18986.78,9.73,1265.91,7,Net Banking,2024-10-15
5549,Hayley Choi,Trichy,South,Electronics,Mobile,20379.67,12.76,2366.51,3,Card,2024-07-26
5550,Mary Butler,Madurai,East,Clothing,T-Shirt,47412.61,0.63,4007.53,2,Cash,2024-03-23
5551,Donna Brown,Coimbatore,West,Groceries,Rice,24459.22,25.38,1584.13,1,Cash,2025-07-30
5552,Kimberly Ortiz,Coimbatore,North,Clothing,Jeans,6339.67,23.33,1352.14,8,Net Banking,2025-04-25
5553,Tara Maldonado,Madurai,South,Clothing,Jacket,17186.6,29.41,1914.01,9,Card,2025-02-01
5554,Zachary Garcia,Tirunelveli,South,Electronics,Mobile,6649.16,10.4,1195.23,6,Card,2025-08-04
5555,Karen Mason,Trichy,North,Groceries,Milk,3287.83,9.9,730.43,4,Net Banking,2025-01-19
5556,Charles Hall,Trichy,West,Sports,Cricket Bat,18142.16,1.65,2034.03,6,Card,2025-09-18
5557,Mary Thomas,Tirunelveli,West,Furniture,Table,23668.11,25.35,2705.46,4,Net Banking,2024-06-25
5558,Heidi Castillo,Trichy,East,Clothing,Jeans,1194.97,6.99,184.35,3,UPI,2025-03-09
5559,Michelle Davis,Trichy,North,Furniture,Cupboard,2307.48,4.52,169.43,10,Card,2024-12-11
5560,Robert Kerr,Madurai,South,Groceries,Oil,8975.43,9.88,1754.1,5,UPI,2024-09-21
5561,Anna Watson,Trichy,East,Groceries,Rice,34735.15,2.18,2276.4,9,UPI,2025-03-31
5562,Wendy Clark,Tirunelveli,North,Furniture,Sofa,20469.88,6.26,2073.51,7,UPI,2025-01-09
5563,Russell Olsen,Trichy,North,Electronics,Headphones,1910.04,26.17,419.01,10,Cash,2025-04-25
5564,Peter Wilson,Chennai,East,Groceries,Milk,13663.03,3.88,3094.93,1,UPI,2025-05-27
5565,Anthony Johnson,Salem,South,Furniture,Sofa,36241.36,27.09,4797.1,1,UPI,2025-09-15
5566,Morgan Romero,Madurai,West,Electronics,Laptop,49921.07,9.4,10705.79,7,Net Banking,2025-10-05
5567,Ricardo Cook,Salem,South,Sports,Football,47858.97,25.8,8596.85,7,Cash,2024-03-17
5568,Scott Adkins,Salem,North,Groceries,Milk,6427.47,11.76,491.84,4,Net Banking,2025-10-24
5569,Brandon Ford,Salem,North,Clothing,Kurti,46852.59,7.65,2488.5,5,UPI,2024-12-25
5570,Savannah Petersen,Salem,East,Clothing,Jeans,19468.67,25.86,1665.8,6,Cash,2025-10-30
5571,Ryan Christian,Chennai,South,Electronics,Laptop,14500.23,24.66,3399.31,7,UPI,2024-03-01
5572,Adam Dorsey,Chennai,West,Furniture,Table,42785.87,20.99,9373.75,2,Card,2024-02-15
5573,Stephanie Page,Salem,North,Sports,Football,46329.31,2.55,4938.46,1,Cash,2024-07-17
5574,Glenn Stewart,Trichy,East,Electronics,Laptop,38599.39,3.49,7343.1,9,Card,2025-01-29
5575,Marco Murphy,Chennai,East,Furniture,Table,14159.74,0.51,1345.52,1,UPI,2024-02-17
5576,Karl White,Coimbatore,East,Groceries,Milk,25739.54,11.28,6374.94,1,UPI,2024-05-30
5577,Shelley Madden,Chennai,North,Sports,Football,22651.29,28.78,4016.74,1,Net Banking,2024-07-14
5578,Mathew Peterson,Salem,South,Furniture,Table,44081.56,6.6,2376.27,9,Card,2025-11-25
5579,William Mueller,Trichy,East,Sports,Shoes,49602.02,20.04,4719.16,9,Cash,2024-03-08
5580,David Woods MD,Tirunelveli,West,Groceries,Snacks,18298.72,22.06,1370.12,9,Cash,2025-10-23
5581,Nathan Sullivan,Coimbatore,West,Electronics,Smart Watch,26688.52,16.23,5563.05,2,Net Banking,2024-11-08
5582,Bryan Bean,Salem,South,Electronics,Mobile,3685.12,22.24,804.5,8,UPI,2024-01-31
5583,Anthony Wagner,Chennai,East,Clothing,Kurti,11879.21,7.21,2729.67,7,UPI,2024-12-22
5584,Robert Schultz,Coimbatore,South,Groceries,Snacks,23402.43,22.79,2592.87,5,Card,2024-04-15
5585,Manuel Frost,Trichy,East,Clothing,T-Shirt,30412.89,0.87,4453.79,3,Cash,2024-04-18
5586,Michael Rivera,Chennai,West,Electronics,Smart Watch,17314.91,3.53,1832.57,10,Card,2024-06-27
5587,Steven Ward,Salem,East,Sports,Cricket Bat,18193.51,17.31,3857.29,2,Cash,2024-05-13
5588,Tiffany Riggs,Madurai,South,Sports,Gym Bag,4704.9,20.79,728.33,3,UPI,2024-05-05
5589,Crystal Long,Madurai,South,Furniture,Chair,45802.3,29.52,8213.89,4,UPI,2025-04-21
5590,Mr. Jeremy Larsen,Chennai,North,Groceries,Rice,46494.94,16.5,5107.58,8,Cash,2025-11-27
5591,Timothy Brandt,Chennai,South,Electronics,Mobile,8076.39,15.33,1992.24,2,UPI,2024-12-23
5592,Patricia Randall,Salem,North,Electronics,Laptop,16208.57,7.29,1528.31,10,UPI,2024-07-28
5593,Michelle Cortez,Coimbatore,East,Electronics,Mobile,46600.81,29.69,7363.47,2,Net Banking,2024-07-13
5594,Joe Flores,Tirunelveli,North,Groceries,Snacks,35309.42,26.98,3860.46,9,Cash,2025-06-06
5595,Briana Butler,Salem,North,Sports,Gym Bag,45817.14,25.79,6733.57,6,Cash,2024-04-23
5596,Amy Curtis,Coimbatore,South,Groceries,Snacks,28991.84,14.01,5278.08,9,Card,2024-12-22
5597,Renee Townsend,Tirunelveli,East,Groceries,Milk,34178.29,23.85,2195.6,4,Cash,2025-10-27
5598,Xavier Frey,Coimbatore,West,Clothing,Jeans,27363.92,10.96,3372.97,9,Card,2024-11-13
5599,Dawn Foster,Salem,North,Electronics,Laptop,15531.22,29.85,2662.98,2,UPI,2025-09-15
5600,Peter Adams,Coimbatore,North,Electronics,Mobile,30575.58,24.29,7438.52,3,Cash,2024-05-10
5601,Eric Saunders,Salem,East,Electronics,Laptop,41967.35,15.02,10200.13,3,UPI,2024-11-24
5602,April Hutchinson,Madurai,East,Sports,Football,49881.6,1.47,2552.94,2,Card,2025-01-11
5603,Kristina Richards,Tirunelveli,East,Clothing,Kurti,16586.01,5.91,2107.79,2,Net Banking,2024-12-20
5604,Sara Bell,Tirunelveli,North,Sports,Football,28016.69,18.14,1728.65,9,Card,2024-03-12
5605,Heidi Gomez,Coimbatore,North,Clothing,Jacket,21626.96,8.13,3733.74,9,UPI,2024-08-02
5606,Mr. Trevor Smith,Salem,South,Clothing,T-Shirt,1233.55,15.73,101.71,10,Card,2025-07-19
5607,David Thompson,Chennai,East,Electronics,Smart Watch,25359.97,29.33,5309.7,8,Net Banking,2025-05-10
5608,Brianna Humphrey,Madurai,East,Furniture,Table,11010.89,9.16,1255.09,7,Net Banking,2025-05-18
5609,Monique Curry,Tirunelveli,North,Groceries,Milk,32445.85,25.12,5822.91,10,Cash,2024-08-28
5610,Wendy Downs,Coimbatore,North,Electronics,Mobile,30861.57,24.07,4415.62,1,Cash,2024-07-26
5611,Brandon Bridges,Tirunelveli,East,Furniture,Table,24791.27,28.21,2865.46,3,Net Banking,2024-04-12
5612,Wanda Howard,Salem,North,Groceries,Rice,8933.06,7.75,1361.58,4,UPI,2025-05-05
5613,James Lowe,Trichy,West,Furniture,Sofa,48840.07,2.59,7560.49,10,Cash,2024-06-08
5614,Laura Padilla,Tirunelveli,East,Sports,Football,28099.3,25.55,3168.04,7,UPI,2025-10-06
5615,Karen Roberts,Chennai,East,Groceries,Rice,21190.62,11.97,1126.74,8,UPI,2024-01-20
5616,Mrs. Melissa Curtis,Trichy,South,Sports,Shoes,43259,12.76,8526.89,5,Card,2024-09-07
5617,Jeffrey Reynolds,Chennai,South,Sports,Football,30155.57,24.73,2207.28,2,UPI,2025-03-31
5618,Heidi Mcclure,Coimbatore,North,Electronics,Mobile,19967.74,17.35,2408.13,1,Card,2025-06-23
5619,Jeffrey Holmes,Coimbatore,South,Sports,Gym Bag,47355.98,23.47,4758.18,2,Net Banking,2025-09-02
5620,Stephanie Roberts,Trichy,East,Electronics,Smart Watch,28623.58,16.17,1668.99,7,UPI,2025-06-25
5621,Tamara Vaughan,Salem,South,Clothing,Kurti,3163.79,10.96,625.9,4,Net Banking,2024-02-23
5622,Sara Daniel,Chennai,East,Sports,Football,32053.51,0.01,3038.31,7,UPI,2025-12-09
5623,Jessica Hall,Trichy,South,Clothing,Jacket,37327.48,21.72,8759.14,1,Net Banking,2024-04-09
5624,Paul Carter,Madurai,North,Furniture,Table,4813.63,2.74,727.55,9,Cash,2025-01-07
5625,Dr. Cindy Johnson,Coimbatore,South,Groceries,Snacks,37501.17,2.07,2882.66,6,UPI,2024-04-19
5626,Sara Shields,Salem,East,Sports,Cricket Bat,6476.71,5.9,706.49,7,Cash,2024-07-21
5627,Kevin Duke,Trichy,East,Sports,Shoes,43528.7,5.95,6749.79,3,UPI,2025-03-13
5628,Cheryl Hicks,Tirunelveli,East,Clothing,T-Shirt,11981.94,24.27,2381.75,8,Cash,2024-01-31
5629,Charles Crawford,Coimbatore,East,Furniture,Cupboard,24976.49,8.39,4372.39,9,Card,2024-03-03
5630,Louis Ali,Madurai,North,Electronics,Headphones,3174.1,17.77,757.43,8,Card,2025-08-03
5631,Nicole Stokes,Chennai,North,Furniture,Cupboard,44217.04,12.53,5622.46,8,Cash,2024-05-15
5632,Tyler Montoya,Chennai,North,Groceries,Rice,5342,4.62,801.92,4,Cash,2025-08-08
5633,Jordan Turner,Trichy,North,Sports,Shoes,48927.21,10.11,11585.44,7,Card,2024-07-11
5634,Christopher Garrett,Trichy,East,Groceries,Rice,35063.02,24.34,3001.47,5,Cash,2024-02-09
5635,Melissa Morris,Trichy,East,Furniture,Cupboard,3384.48,13.8,621.14,5,Net Banking,2025-04-10
5636,Jason Marshall,Coimbatore,South,Electronics,Headphones,18788.35,9.1,1222.44,3,Cash,2024-11-14
5637,Tina Thompson,Trichy,West,Furniture,Table,13699.43,29.54,1464.41,6,Net Banking,2024-03-03
5638,Billy Cruz,Trichy,West,Electronics,Headphones,36238.18,22.64,6161.81,4,Cash,2024-10-25
5639,Charles Murphy,Madurai,North,Groceries,Rice,9760.66,0.1,2324.49,3,UPI,2025-05-07
5640,Brian Smith,Trichy,West,Clothing,Jeans,4384.16,27.16,617.71,9,Net Banking,2025-05-08
5641,Elizabeth Evans,Salem,West,Groceries,Snacks,4733.53,21.31,1053.58,4,UPI,2025-09-26
5642,Alan Kim,Salem,South,Groceries,Rice,43212.36,11.03,4719.03,2,Net Banking,2025-08-11
5643,Matthew Hooper,Tirunelveli,South,Electronics,Laptop,21172.5,10.93,5228.99,4,UPI,2024-03-04
5644,Kelly Stark,Salem,East,Clothing,T-Shirt,6111.54,0.15,827.73,8,UPI,2025-02-24
5645,Perry Chaney,Tirunelveli,East,Electronics,Mobile,2514.95,29.25,440.1,6,Card,2025-02-03
5646,Patricia Johnson,Chennai,West,Furniture,Cupboard,33332.58,19.19,6025.2,9,Cash,2024-12-12
5647,Alvin Thompson,Coimbatore,North,Electronics,Mobile,40453.35,16.36,4781.7,9,Net Banking,2024-11-27
5648,Michael Warren,Tirunelveli,West,Sports,Shoes,13884.79,3.87,912.59,2,UPI,2025-12-09
5649,Christopher Curry,Chennai,South,Electronics,Laptop,20790.16,10.63,2438.49,4,Net Banking,2025-01-26
5650,Austin Howard,Coimbatore,East,Electronics,Laptop,26837.24,2.7,6599.88,9,Card,2025-06-27
5651,Ryan Williams,Salem,West,Groceries,Snacks,39430.1,9.95,7640.81,1,Cash,2024-10-07
5652,Robin Boyd,Trichy,North,Furniture,Sofa,11339.97,6.29,988.22,2,Net Banking,2024-09-09
5653,Michael Gibson,Coimbatore,South,Clothing,T-Shirt,47091.86,2.85,4193.8,2,UPI,2025-11-14
5654,Michelle Murphy,Coimbatore,North,Clothing,T-Shirt,25499.88,25.03,4908.87,3,Cash,2025-06-19
5655,Charles Harrington,Trichy,West,Groceries,Snacks,46275.34,19.86,9936.28,1,Card,2024-07-14
5656,Michelle Andersen,Chennai,East,Clothing,Jacket,18360.21,21.9,2902.6,4,UPI,2025-03-20
5657,Robert Schultz,Tirunelveli,South,Groceries,Snacks,49294.95,8.34,5291.61,5,Cash,2025-04-08
5658,Paula Turner,Trichy,South,Groceries,Rice,7702.54,18,559.85,7,Cash,2024-10-22
5659,Michael Kaiser,Coimbatore,East,Electronics,Headphones,47967.71,22.59,7803.17,5,Net Banking,2025-01-30
5660,Melissa Brown,Coimbatore,East,Electronics,Smart Watch,36496.78,14.64,2375.49,1,Net Banking,2024-10-19
5661,Ashley Carter,Chennai,East,Groceries,Rice,36785.91,18.19,5956.05,7,Net Banking,2024-07-13
5662,Lynn Henderson,Chennai,South,Groceries,Snacks,38200.47,17.41,3050.19,7,Cash,2024-12-29
5663,Joseph Gordon,Coimbatore,North,Sports,Football,28529.42,14.92,4400.61,7,Net Banking,2025-03-10
5664,Jason Fernandez,Tirunelveli,West,Clothing,Jeans,7374.93,27.3,457.21,1,Net Banking,2025-11-24
5665,Eric Harper,Salem,West,Furniture,Cupboard,18291.98,15.36,4144.55,7,UPI,2025-10-06
5666,Cynthia Davis MD,Coimbatore,South,Furniture,Chair,2143.71,4.15,299.33,7,Cash,2025-04-03
5667,Cynthia Ferguson,Trichy,North,Sports,Shoes,30790.58,19.63,1808.78,6,UPI,2024-07-21
5668,Zachary Estrada,Chennai,West,Sports,Gym Bag,12759.95,6.73,1523.33,1,Net Banking,2024-11-02
5669,Peter Williams,Madurai,North,Electronics,Headphones,34673.47,6.25,8235.39,9,UPI,2025-03-15
5670,Bryce Travis,Tirunelveli,South,Groceries,Snacks,45220.62,28.95,3852.3,5,Net Banking,2025-11-09
5671,Courtney Martinez,Coimbatore,North,Clothing,Kurti,37118.23,7.28,2984.55,5,Card,2024-11-18
5672,Debbie Stone,Trichy,East,Electronics,Headphones,18603.26,13.19,2538.84,10,Card,2025-04-22
5673,Kathleen Carpenter,Madurai,East,Electronics,Smart Watch,30498.57,20.16,6245.3,9,Card,2024-03-31
5674,Shane Rodriguez,Tirunelveli,West,Electronics,Laptop,30652.54,9.77,3994.25,5,Net Banking,2025-12-06
5675,David Dixon,Madurai,West,Clothing,T-Shirt,15640.83,20.82,1112.76,3,UPI,2024-12-05
5676,Kellie Patterson,Salem,South,Furniture,Sofa,38476.42,25.01,6059.34,2,Card,2024-04-09
5677,Cynthia Simpson,Coimbatore,North,Groceries,Snacks,9820.4,27.59,1130.05,5,UPI,2025-03-12
5678,Felicia Hill,Coimbatore,South,Furniture,Table,12917.36,1.12,2945.19,8,Cash,2025-06-22
5679,Nathan Gonzalez,Madurai,North,Electronics,Laptop,25197.2,25.02,3514.13,9,Cash,2025-08-05
5680,Laura Pratt,Coimbatore,North,Furniture,Chair,19312.14,29.24,3407.54,5,Cash,2024-07-25
5681,Nathaniel Nelson,Coimbatore,North,Clothing,Jacket,49744.39,22.84,4512.82,9,Net Banking,2024-04-27
5682,Tracy Pierce,Chennai,South,Sports,Gym Bag,13317.86,16.12,1839.49,10,Cash,2025-10-07
5683,Frances Jones,Tirunelveli,North,Furniture,Cupboard,41680.57,3.61,4823.81,4,UPI,2024-03-07
5684,Jessica Rogers,Trichy,West,Clothing,Jacket,32063.75,26.75,4571.17,6,Card,2025-06-24
5685,Erika Hicks,Trichy,West,Furniture,Sofa,16066.23,11.48,1205.09,9,Card,2025-10-10
5686,Alexandria Lee,Trichy,North,Furniture,Chair,38722.21,25.32,4277.77,5,Net Banking,2024-05-09
5687,Justin Welch,Salem,East,Furniture,Chair,41522.55,2.44,6228.91,9,Card,2025-10-05
5688,Fred Williams,Trichy,North,Electronics,Mobile,26164.43,28.57,3381.3,8,Net Banking,2025-11-26
5689,Alicia Benjamin,Salem,South,Clothing,Kurti,29852.79,3.69,4563.44,2,Cash,2025-06-25
5690,Dana Smith,Chennai,South,Clothing,Kurti,16941.78,20.26,3799.39,1,Card,2024-05-26
5691,Kathryn Short,Trichy,East,Sports,Gym Bag,40980.96,26.71,7145.81,8,UPI,2025-04-19
5692,Matthew Allen,Madurai,East,Furniture,Sofa,24924.92,8.22,1316.42,7,Cash,2025-04-09
5693,Cindy Martin,Chennai,North,Groceries,Snacks,35293.49,29.46,5177.35,5,Cash,2025-11-10
5694,Tracy Anderson,Coimbatore,West,Groceries,Snacks,3849.61,11.82,301.13,4,UPI,2024-12-04
5695,Brittany Lopez,Madurai,North,Groceries,Oil,7020.21,18.28,1467.4,8,Net Banking,2024-05-13
5696,Carrie Castillo,Salem,South,Sports,Gym Bag,36731.55,29.66,2516.29,4,UPI,2024-04-06
5697,James Perry,Coimbatore,West,Clothing,Jeans,46209.42,29.18,3103.74,1,Cash,2024-03-08
5698,Richard Mills,Salem,West,Sports,Shoes,5317.62,19.03,643.42,8,Cash,2024-04-28
5699,Meghan Garner,Trichy,North,Groceries,Milk,16500.49,1.71,3087.77,9,Cash,2025-03-11
5700,Linda White,Chennai,South,Groceries,Oil,33707.91,20.2,2735.87,8,Card,2025-01-03
5701,Jacqueline Nelson,Trichy,West,Groceries,Oil,10424.45,11.54,914.08,10,UPI,2025-11-04
5702,Pamela Jackson,Madurai,South,Furniture,Table,9762.49,15.4,528.28,3,Net Banking,2024-07-23
5703,Jennifer Harris,Chennai,East,Electronics,Headphones,22725.77,13.86,2546.03,3,Card,2024-09-23
5704,Clayton Lee,Madurai,South,Clothing,Jeans,2381.89,21.07,300.3,3,Cash,2024-05-17
5705,Erik Wilson,Salem,North,Groceries,Snacks,9976.19,9.14,2088.56,3,Cash,2025-03-02
5706,Deanna Robinson,Chennai,West,Furniture,Sofa,3816.4,27.53,357.62,7,Cash,2024-05-13
5707,Erik Black,Tirunelveli,South,Clothing,Kurti,44247.62,5.01,5436.68,2,Card,2024-03-15
5708,Denise Robinson,Salem,West,Electronics,Mobile,49677.52,16.76,2830.96,9,Card,2025-01-29
5709,Gregory Nguyen,Madurai,West,Furniture,Table,39379.92,12.16,3111.37,7,Cash,2024-04-09
5710,Mark Hernandez,Salem,North,Electronics,Smart Watch,1415.9,12.6,283.42,8,Net Banking,2025-04-18
5711,Joshua Mendoza,Tirunelveli,West,Sports,Football,27472.75,8.63,5701.16,1,Cash,2025-03-04
5712,Jacob Lynn,Chennai,North,Sports,Shoes,35934.49,17.78,5679.99,10,Net Banking,2025-09-01
5713,Gary Oliver,Tirunelveli,North,Sports,Cricket Bat,36477.41,1.78,6959.87,2,Card,2024-12-28
5714,Kimberly Ramsey,Trichy,South,Sports,Shoes,44361.5,17.47,10117.64,4,Cash,2024-03-06
5715,Anthony Conner,Salem,East,Clothing,Jeans,41290.39,0.62,3220.55,2,Net Banking,2025-10-15
5716,Richard Russell,Trichy,West,Groceries,Snacks,48278.85,27.12,8283.51,2,Cash,2024-09-17
5717,Rachel Watkins,Salem,South,Sports,Shoes,6396.95,13.05,1138.47,2,UPI,2025-09-30
5718,Nicole Anderson,Salem,West,Sports,Gym Bag,27315.28,18.17,3573.47,7,UPI,2025-07-23
5719,Christopher Wagner,Coimbatore,South,Electronics,Headphones,30611.92,18.51,3034,8,Cash,2024-11-12
5720,Erica Cohen,Chennai,North,Furniture,Cupboard,9095.99,1.37,1295.53,6,Card,2025-07-29
5721,William Johnson,Trichy,South,Electronics,Smart Watch,11311.72,0.19,1266.34,7,Cash,2024-01-03
5722,Leah Williams,Coimbatore,South,Furniture,Cupboard,7494.65,0.74,1593.37,3,Cash,2024-06-07
5723,Timothy Davies,Chennai,West,Groceries,Milk,7348.13,15.3,857.76,10,Card,2024-04-23
5724,Jeremy Rivera,Madurai,East,Electronics,Laptop,3171.5,15.33,451.91,8,Cash,2025-04-21
5725,Ryan Walker,Chennai,West,Furniture,Cupboard,36347.18,1.37,7725.7,2,Card,2025-03-29
5726,David Graham,Coimbatore,North,Clothing,Kurti,29538.09,5.02,3519.33,2,Net Banking,2025-07-13
5727,Edward Franklin,Tirunelveli,West,Electronics,Headphones,43757.56,9.29,9755.06,2,UPI,2024-05-22
5728,Randall Marshall,Trichy,West,Groceries,Oil,12066.26,5.75,2447.94,10,Card,2025-07-31
5729,Alicia Rice,Chennai,South,Sports,Gym Bag,31979.15,21.25,3205.62,1,Card,2025-10-01
5730,David Sanchez,Trichy,East,Groceries,Milk,42589.34,20.04,6167.64,6,Net Banking,2024-01-01
5731,Olivia Boyd,Chennai,West,Sports,Football,33998.36,27.17,3975.31,3,Card,2025-04-11
5732,Jonathan Haynes,Coimbatore,South,Groceries,Milk,29875.67,28.21,3546.64,7,Cash,2025-02-09
5733,Christie Baker,Tirunelveli,South,Clothing,Jeans,28407.5,3.85,3771.67,9,Card,2025-06-12
5734,Jay Sawyer,Salem,South,Furniture,Table,23896.23,3.18,5046.03,3,UPI,2024-04-23
5735,William Mills,Chennai,West,Sports,Gym Bag,34874.18,12.75,4594.33,4,Cash,2024-11-23
5736,Christopher Bailey,Tirunelveli,West,Sports,Cricket Bat,44722.66,0.07,2244.47,6,UPI,2025-05-28
5737,Eric Mcgrath,Chennai,West,Furniture,Chair,27226.97,6.66,4112.93,7,Card,2025-09-20
5738,John Carrillo,Tirunelveli,East,Groceries,Oil,22329.07,15.46,3618.56,5,Net Banking,2025-09-30
5739,Jennifer Phillips,Tirunelveli,East,Furniture,Table,38826.07,18.45,3500.78,5,Net Banking,2025-01-12
5740,Susan Turner,Chennai,West,Electronics,Laptop,27662.37,20.36,5321.61,7,Card,2025-02-27
5741,Christopher Brown,Chennai,West,Clothing,Kurti,15166.33,3.18,2993.83,5,UPI,2025-01-24
5742,Richard Santiago,Trichy,North,Clothing,Kurti,46684.02,26.13,4282.16,3,Net Banking,2024-01-01
5743,Kristen Maxwell,Trichy,West,Electronics,Smart Watch,26635.47,7.36,3809.45,8,Cash,2024-05-25
5744,Emily Ward,Tirunelveli,South,Sports,Cricket Bat,47749.91,1.93,5894.87,8,UPI,2025-11-05
5745,Mark Howell,Tirunelveli,North,Groceries,Rice,41062.06,15.02,6749.73,6,Card,2025-10-21
5746,Jessica Saunders,Madurai,East,Furniture,Table,49431.04,23.96,12124.26,1,Cash,2024-10-11
5747,John Ellis,Tirunelveli,South,Groceries,Milk,37794.22,5.8,6440.42,6,Cash,2024-10-02
5748,Lauren Alexander MD,Tirunelveli,West,Groceries,Rice,40703.29,29.02,7647.55,10,Net Banking,2024-10-09
5749,Joshua Simmons,Coimbatore,West,Electronics,Mobile,13336.59,25.33,2633.63,8,Card,2025-05-14
5750,Erika Craig,Trichy,North,Furniture,Table,28317.02,6.38,2800.58,2,Net Banking,2025-08-15
5751,Victor Todd,Madurai,South,Groceries,Oil,46803.94,1.68,10952.25,4,Cash,2024-09-08
5752,Aaron Miller,Salem,East,Clothing,T-Shirt,32704.78,11.97,3547.08,1,Card,2024-11-15
5753,David Harris,Madurai,East,Groceries,Snacks,20325.49,20.01,4140.68,2,UPI,2025-07-01
5754,Christopher Martin,Madurai,East,Sports,Shoes,17137.53,14.31,3166.17,10,UPI,2024-03-13
5755,Sean Schultz,Salem,East,Electronics,Laptop,17789.5,20.6,1264.36,3,UPI,2025-12-01
5756,Kaitlyn Atkins,Salem,West,Groceries,Snacks,35049.32,15.36,6247.08,2,Net Banking,2024-01-24
5757,Austin Webb,Madurai,North,Sports,Gym Bag,11183.07,9.17,863.35,9,Cash,2024-04-07
5758,Brooke Ray,Salem,South,Clothing,T-Shirt,365.27,14.92,38.24,4,Card,2025-11-02
5759,Jeremy Boyer,Trichy,East,Sports,Football,44352.52,9.44,2753.22,8,Net Banking,2024-10-15
5760,Stephen Wheeler,Tirunelveli,North,Clothing,T-Shirt,30144.78,1.42,5732.15,7,Cash,2024-10-09
5761,Tonya Bray,Salem,North,Groceries,Milk,13012.54,16.05,2953.32,4,Cash,2024-02-05
5762,Kathleen Kemp,Tirunelveli,East,Sports,Cricket Bat,7407.26,12.04,429.99,9,Net Banking,2025-12-23
5763,Robert Frazier,Madurai,West,Clothing,Jeans,41470.16,17.13,6989.1,1,Cash,2025-05-26
5764,Megan Farmer,Salem,North,Groceries,Rice,230.15,6.2,16.5,7,UPI,2024-11-26
5765,Jonathan Torres MD,Madurai,South,Furniture,Sofa,19748.53,3.62,3086.21,9,UPI,2024-06-03
5766,Joseph Smith,Salem,East,Sports,Shoes,2286.48,27.38,154.29,3,Net Banking,2024-11-17
5767,David Bailey,Coimbatore,West,Furniture,Chair,42354.86,19.15,3219.93,1,UPI,2024-10-22
5768,Linda Carter,Madurai,East,Furniture,Cupboard,29988.12,1.75,4021.38,7,Cash,2025-10-20
5769,James Campbell,Tirunelveli,South,Clothing,T-Shirt,3052.85,0.49,327.96,3,Cash,2024-12-25
5770,Melinda Sweeney,Tirunelveli,East,Clothing,Jeans,41238.97,2.87,8527.57,2,Cash,2025-09-02
5771,Barbara Johnson,Trichy,East,Sports,Shoes,11519.03,10.96,649.02,7,Cash,2024-09-27
5772,Phillip Barrera,Tirunelveli,East,Groceries,Oil,38247.21,17.98,2857.52,6,Card,2025-01-27
5773,Catherine Rich,Madurai,North,Clothing,Kurti,26891.71,3.75,3418.49,6,Cash,2025-12-22
5774,Norman Russell,Chennai,East,Furniture,Cupboard,28809.73,17.95,6190.49,9,Cash,2024-02-13
5775,Amanda Sanders,Coimbatore,West,Clothing,Kurti,13493.1,22.49,1016.48,5,UPI,2025-10-04
5776,Don Frank,Salem,West,Sports,Shoes,43448.17,9.11,7665.18,4,UPI,2024-06-23
5777,Robert Wright,Tirunelveli,South,Sports,Football,32679.89,2.72,4766.09,6,Cash,2025-12-02
5778,Daniel Jacobson,Trichy,South,Sports,Shoes,10915.45,24.21,611.1,7,Card,2025-05-20
5779,Kelly Roberts,Coimbatore,South,Clothing,Kurti,29226.82,20.56,2559.43,6,Cash,2025-05-23
5780,Renee Ward,Tirunelveli,West,Furniture,Chair,45934.55,26.12,5438.85,8,Net Banking,2024-02-14
5781,Grace Blair,Salem,North,Clothing,Jeans,47675.09,15.32,9236.45,6,Card,2024-09-25
5782,Courtney Key,Coimbatore,North,Furniture,Sofa,3143.36,27.32,679.39,5,Net Banking,2025-11-30
5783,Christina Fitzpatrick,Tirunelveli,South,Sports,Cricket Bat,24729.56,21.9,4183.23,8,Cash,2025-11-11
5784,Travis Cantu,Chennai,North,Sports,Football,21217.23,18.65,3232.96,6,UPI,2025-02-24
5785,Alexis Walker,Tirunelveli,North,Sports,Gym Bag,31624.04,15.37,2093.14,4,UPI,2025-03-27
5786,Veronica Mejia,Madurai,North,Clothing,T-Shirt,24729.1,23.16,2392.58,5,Card,2024-01-13
5787,Joyce Gomez,Madurai,South,Furniture,Table,23525.63,27.66,2006.84,2,Cash,2024-03-02
5788,April Clarke,Tirunelveli,North,Sports,Football,14424.53,28.33,782.76,7,Cash,2024-07-01
5789,Jennifer Jacobs,Salem,West,Furniture,Cupboard,40141.92,0.6,6295.76,5,Net Banking,2025-03-09
5790,Jill Williams,Salem,East,Groceries,Rice,2405.34,20.11,139.21,9,UPI,2024-05-04
5791,Ashley Salas,Coimbatore,West,Sports,Football,9655.69,5.91,2142,3,UPI,2025-11-06
5792,Charles Smith,Coimbatore,South,Sports,Shoes,6210.84,5.79,833.97,7,UPI,2024-07-05
5793,Angela Shelton,Coimbatore,West,Furniture,Sofa,19943.74,2.48,1416.87,8,Net Banking,2024-10-19
5794,Desiree Hancock,Tirunelveli,West,Sports,Football,46757.82,3.74,6584.98,2,UPI,2024-12-25
5795,Nicholas Dean,Trichy,North,Sports,Football,21758.5,22.98,4635.77,10,Cash,2024-02-05
5796,Lindsey Ward,Trichy,South,Clothing,Kurti,470.21,11.35,37.05,6,Net Banking,2025-11-14
5797,Christopher Allen,Madurai,South,Electronics,Headphones,39015.12,19.68,9549.75,10,Net Banking,2024-01-28
5798,Derek Campbell,Tirunelveli,North,Clothing,Jacket,858.79,16.76,100.51,2,Cash,2024-05-12
5799,Robert Jones,Trichy,East,Furniture,Chair,36119.35,26.44,6039.18,1,UPI,2024-11-20
5800,Adam Frye,Madurai,North,Furniture,Cupboard,24184.15,5.44,4528.76,2,Cash,2024-09-13
5801,Joshua Cruz,Coimbatore,North,Electronics,Laptop,18427.58,21.62,2734.61,7,Cash,2025-02-20
5802,Leslie Terrell,Chennai,West,Sports,Cricket Bat,15131.32,5.08,1263.96,3,UPI,2024-01-06
5803,Carrie Ortiz,Tirunelveli,North,Sports,Gym Bag,10356.2,25.32,1985.2,1,Card,2024-10-24
5804,Heidi Green,Coimbatore,East,Furniture,Chair,30973.23,9.19,5231.55,3,Cash,2025-05-18
5805,Robin Gilmore,Coimbatore,South,Groceries,Snacks,28031.93,5.34,4657.84,3,UPI,2025-07-02
5806,Kristen Jarvis,Coimbatore,North,Clothing,Jeans,38555.62,7.09,4293,10,UPI,2025-02-10
5807,Dawn Mitchell,Coimbatore,East,Furniture,Chair,4555.34,11.48,367.7,4,Net Banking,2024-09-21
5808,Cindy Richardson,Tirunelveli,South,Clothing,Kurti,21670.27,6.31,2833.41,2,Card,2024-04-09
5809,Billy Morgan,Trichy,North,Sports,Football,7132.86,3.41,1128.22,6,UPI,2024-07-06
5810,Robin Barber,Tirunelveli,South,Sports,Football,23721.14,25.52,5793.4,6,Net Banking,2024-12-14
5811,Jodi Pena,Coimbatore,East,Groceries,Milk,33155.79,5.5,7769.73,8,Cash,2025-11-22
5812,Jose Freeman,Tirunelveli,East,Clothing,Jeans,40891.85,3.48,8338.02,2,Cash,2024-01-03
5813,James Day,Trichy,South,Furniture,Chair,33596.67,4.2,5681.6,4,Cash,2024-05-29
5814,John Wilson,Chennai,East,Sports,Cricket Bat,48676.54,26.33,5773.56,4,Net Banking,2025-11-09
5815,Becky Palmer,Trichy,West,Electronics,Mobile,33107.9,0.54,2690.47,2,UPI,2024-04-01
5816,James Leblanc,Chennai,West,Furniture,Chair,9699.81,0.96,2267.64,8,Cash,2025-11-18
5817,Jennifer Edwards,Salem,South,Electronics,Laptop,31205.48,13.19,4238.19,3,UPI,2024-02-25
5818,Joan George,Trichy,South,Sports,Gym Bag,6560.87,20.71,713.21,6,UPI,2025-07-18
5819,Jill Page,Tirunelveli,South,Clothing,T-Shirt,34688.44,10.87,7347.41,2,Net Banking,2025-04-26
5820,Michael Pittman,Madurai,East,Sports,Cricket Bat,25354.6,5.73,3764.85,7,UPI,2024-04-06
5821,Beth Hooper,Trichy,West,Sports,Football,11537.99,3.11,1549.17,5,Cash,2025-01-23
5822,Kevin Bolton,Coimbatore,West,Groceries,Rice,14453.86,28.49,3095,7,Net Banking,2025-10-04
5823,Randy Murray,Madurai,South,Electronics,Headphones,16209.69,2.15,1540.1,6,Card,2024-01-05
5824,Jaclyn Jones,Trichy,South,Clothing,Kurti,28074.21,13.19,3049.72,10,Card,2024-01-17
5825,Steven Harvey,Madurai,East,Furniture,Table,9859.62,4.19,824.52,4,Card,2025-09-29
5826,Jeremy Walker,Tirunelveli,West,Electronics,Mobile,30451.93,25.45,2984.86,1,Cash,2024-09-19
5827,David Hill,Coimbatore,North,Groceries,Snacks,13200.78,14,2427.77,2,Cash,2024-09-26
5828,Carolyn Peterson,Trichy,East,Furniture,Sofa,13854.04,16.42,1512.34,8,UPI,2024-03-18
5829,Edward Hernandez,Chennai,West,Clothing,Jacket,10211.85,26.28,2429.35,3,UPI,2024-06-20
5830,Timothy Novak,Trichy,South,Clothing,T-Shirt,12238.52,3.44,2733.14,3,Card,2024-06-29
5831,Stephen Francis,Madurai,West,Groceries,Oil,24192.35,27.03,4725.88,7,Cash,2025-07-16
5832,Gregory Ortiz,Madurai,West,Groceries,Milk,3976.36,10.15,886.9,2,UPI,2024-10-08
5833,Courtney West,Coimbatore,East,Groceries,Rice,33162.36,22.05,2742.56,2,UPI,2025-02-08
5834,Tiffany Wang,Trichy,West,Sports,Shoes,5588.94,0.71,1068.53,8,UPI,2025-10-28
5835,Haley Soto,Trichy,West,Sports,Football,6433.92,12.85,1316.24,4,Card,2024-12-07
5836,Trevor Roberts,Salem,South,Groceries,Rice,29833.91,26.29,4410.72,2,UPI,2024-09-20
5837,Jason Rivera,Tirunelveli,East,Clothing,Jeans,35448.36,21.25,6205.95,5,UPI,2025-09-10
5838,Stephen Estrada,Madurai,East,Groceries,Milk,36021.34,17.17,4112.54,5,Net Banking,2024-01-04
5839,Donald Henry,Madurai,South,Furniture,Table,49100.67,4.66,3177.55,10,Card,2024-12-13
5840,Nicholas Lopez,Madurai,East,Groceries,Rice,3761.41,18.18,326.39,3,UPI,2024-03-03
5841,Jennifer Martin,Coimbatore,East,Furniture,Cupboard,3908.47,4.83,832.81,7,Net Banking,2024-09-14
5842,Jeremy Campbell,Tirunelveli,North,Furniture,Table,41788.88,13.74,5505.32,3,UPI,2024-03-28
5843,Donald Wyatt,Madurai,South,Furniture,Sofa,30117.3,15.93,6316.05,3,Card,2025-09-09
5844,Denise Wilson,Trichy,East,Sports,Cricket Bat,4205.61,13.19,361.22,8,UPI,2024-06-04
5845,Nicole Johnson,Tirunelveli,West,Furniture,Table,28149.23,4.84,2395.93,1,Card,2025-07-07
5846,Lisa Prince,Tirunelveli,East,Clothing,T-Shirt,16838.5,29.15,2590.19,1,Net Banking,2024-05-15
5847,John Lopez,Madurai,East,Electronics,Laptop,31884.67,19.29,1635.27,7,UPI,2024-02-17
5848,Christopher Johnson,Salem,West,Clothing,Jacket,17776.67,12.17,2417.06,6,Cash,2025-04-08
5849,Michael Jensen,Salem,East,Furniture,Chair,2140.81,23.54,390.92,1,Net Banking,2024-08-30
5850,Todd Evans,Chennai,East,Sports,Gym Bag,26307.49,28.85,4331.21,9,Net Banking,2025-09-30
5851,Jessica Lloyd,Tirunelveli,West,Furniture,Cupboard,669.37,26.13,138.23,2,Cash,2024-01-23
5852,William Daniel,Salem,North,Groceries,Snacks,12968.93,12.2,732.93,7,UPI,2024-04-19
5853,Susan Crawford,Trichy,West,Sports,Gym Bag,13752.26,22.77,2754.76,2,Net Banking,2025-06-03
5854,Michael Holland,Coimbatore,North,Sports,Shoes,41468.52,25.61,5916.19,2,Card,2024-01-25
5855,Carol Greene,Coimbatore,North,Sports,Football,12452.53,21.28,1443.42,5,UPI,2025-08-18
5856,Jeremy Davila,Salem,North,Clothing,Jeans,43362.75,24.55,2489.66,8,Net Banking,2025-05-06
5857,Adrian Curtis,Coimbatore,North,Groceries,Milk,5748.55,6.98,571.08,5,Card,2024-05-20
5858,Timothy Carson,Trichy,North,Electronics,Mobile,43151.28,23.5,4380,9,Cash,2024-09-05
5859,Juan Maldonado,Tirunelveli,East,Clothing,T-Shirt,18498.22,28.02,4461.53,5,Cash,2024-09-07
5860,Laura Wu,Chennai,West,Sports,Shoes,32160.54,5.6,3429.64,8,Net Banking,2024-09-23
5861,Mark Norris,Trichy,East,Furniture,Table,27406.56,24.94,5257.13,8,UPI,2025-06-17
5862,Robin Brooks,Chennai,South,Electronics,Mobile,10504.66,3.4,877.32,2,Net Banking,2025-11-26
5863,Gary Mathis,Trichy,West,Sports,Football,9558.02,2.34,723.93,1,UPI,2024-08-27
5864,Amy Kramer,Chennai,North,Electronics,Smart Watch,48831.74,5.16,3402.8,3,UPI,2025-01-27
5865,Darren Ellis,Chennai,West,Groceries,Rice,42259.8,21.12,7918.76,7,Cash,2024-12-15
5866,Natalie Shaw,Chennai,West,Clothing,Kurti,34871.36,10.42,2647.52,1,Card,2025-04-13
5867,Tim Williams,Tirunelveli,South,Sports,Shoes,28770.39,4.89,2031.01,5,Cash,2025-12-17
5868,Christopher Griffith,Tirunelveli,South,Furniture,Chair,6038.17,8.57,587.19,2,Net Banking,2024-06-03
5869,Denise Miller,Salem,North,Clothing,T-Shirt,41600,23.64,8289.74,9,Card,2024-10-18
5870,Alex Baker,Trichy,South,Groceries,Oil,43424.35,13.99,9561.75,2,Card,2024-12-24
5871,Olivia Jones,Madurai,South,Electronics,Laptop,9705.12,2.46,1548.68,1,Net Banking,2025-08-19
5872,Perry Benitez,Coimbatore,East,Electronics,Laptop,40077.95,14.47,8176.12,7,UPI,2024-08-29
5873,Gary Smith,Tirunelveli,East,Clothing,Kurti,37933.49,29.82,2956.51,5,Net Banking,2024-12-12
5874,Martha Conway,Salem,South,Clothing,Jeans,18790.79,5.23,3349.5,2,UPI,2024-08-14
5875,Tyrone Porter,Chennai,East,Furniture,Sofa,35169.22,7.92,2239.05,7,Cash,2025-11-05
5876,Glenn Adams,Salem,West,Sports,Shoes,12528.9,22.89,1673.43,10,Cash,2025-10-09
5877,Catherine Mathews,Tirunelveli,East,Sports,Gym Bag,29710.94,0.88,4219.05,10,Net Banking,2025-08-13
5878,Casey Cummings,Madurai,South,Groceries,Rice,29082.61,22.89,2568.42,6,Cash,2024-11-23
5879,Kimberly Novak,Chennai,West,Sports,Cricket Bat,30964.35,2.74,5349.34,8,Card,2025-01-10
5880,Dorothy Nicholson,Salem,East,Electronics,Laptop,17667.01,4.1,916.23,8,UPI,2025-04-02
5881,Jared Stone,Trichy,West,Clothing,Kurti,12002.43,9.29,1644.37,10,Cash,2025-04-30
5882,Kimberly Fischer,Trichy,North,Furniture,Cupboard,28852.61,16.23,7128.98,8,Net Banking,2025-10-27
5883,Jason Robertson,Madurai,South,Clothing,Kurti,17252.08,26.61,1000.17,2,Cash,2024-11-03
5884,Haley Luna,Trichy,East,Electronics,Laptop,49029.99,24.88,7981.87,10,Cash,2025-07-27
5885,Joseph Conway,Madurai,South,Furniture,Cupboard,47553.45,8.02,4021.16,2,Net Banking,2024-09-24
5886,Joseph Roberts,Salem,North,Sports,Shoes,17359.84,10.78,4287.47,7,UPI,2024-03-22
5887,David Stevenson,Tirunelveli,West,Groceries,Milk,5450.21,20.29,1294.87,4,Cash,2025-09-14
5888,Thomas Williams,Tirunelveli,South,Groceries,Rice,11844.86,26.37,1778.64,8,Net Banking,2025-07-09
5889,Diane Rogers PhD,Madurai,East,Sports,Gym Bag,39878.22,26.24,9179.96,5,Card,2025-10-12
5890,Amanda Black,Trichy,West,Clothing,T-Shirt,21560.42,18.27,4604.13,9,Card,2024-09-04
5891,Joshua Carter,Madurai,East,Electronics,Mobile,32902.41,20.88,5279.42,4,Card,2024-12-04
5892,Mark Thompson,Chennai,East,Sports,Gym Bag,7001.25,26.29,1108.42,6,Cash,2025-03-12
5893,Donna Banks,Madurai,East,Groceries,Oil,20022.59,24.65,1224.22,1,Net Banking,2024-04-14
5894,Mr. Rick Hill,Trichy,East,Sports,Gym Bag,27516.5,4.51,2977.81,5,Net Banking,2025-04-20
5895,Tanner Sheppard,Coimbatore,East,Groceries,Rice,23651.43,20.76,3097.37,8,Card,2024-10-19
5896,Mrs. Courtney Sheppard,Salem,North,Furniture,Table,11457.72,18.31,2581.37,1,Cash,2025-02-04
5897,William Watson,Madurai,East,Furniture,Table,41919.13,17.94,3134.32,1,Net Banking,2024-03-25
5898,Sherry Johnson,Coimbatore,West,Furniture,Cupboard,48209.79,27.56,3729.79,5,Card,2024-11-06
5899,Anthony Chen,Madurai,West,Electronics,Smart Watch,36581.29,14.53,5300.07,3,Net Banking,2024-04-11
5900,Hannah Brown,Coimbatore,East,Electronics,Smart Watch,10017.22,14.47,1418.99,8,Net Banking,2024-09-22
5901,Nicole Green,Salem,South,Groceries,Rice,22613.39,14.4,1138.96,3,Net Banking,2024-03-05
5902,Deborah Martin,Salem,South,Clothing,T-Shirt,43466.87,24.2,5452.58,10,Card,2025-09-25
5903,Louis Smith,Coimbatore,North,Clothing,T-Shirt,18654.79,21.3,4354.86,3,Card,2024-04-11
5904,George Small,Salem,East,Electronics,Headphones,13878.46,15.53,2239.03,8,Net Banking,2025-05-16
5905,Brandy Hawkins,Salem,West,Electronics,Laptop,45061.11,25.16,6679.15,9,Net Banking,2024-06-04
5906,Julie Mitchell,Chennai,East,Groceries,Rice,22671.74,24.04,3317.22,7,Net Banking,2024-01-08
5907,Ryan Mayo,Trichy,West,Furniture,Sofa,35501.95,4.37,2751.15,6,Card,2024-03-16
5908,Kimberly Bates,Chennai,East,Groceries,Snacks,7147.39,20.23,417.94,3,UPI,2025-07-05
5909,Nicole Clark,Tirunelveli,North,Furniture,Cupboard,44746.95,12.37,10942.83,10,Card,2025-01-02
5910,Sara Johnson,Madurai,South,Sports,Cricket Bat,1194.52,22.06,164.78,9,Card,2024-10-16
5911,Raymond Page,Madurai,North,Sports,Cricket Bat,26920.19,1.33,4487.35,4,UPI,2024-01-01
5912,Dean Ramos,Salem,East,Electronics,Smart Watch,36251.83,19.24,7959.7,7,Cash,2024-04-05
5913,Allison Clay,Tirunelveli,North,Electronics,Mobile,32892.22,29.69,3866.67,4,Net Banking,2024-09-19
5914,Dr. Timothy Smith DVM,Tirunelveli,West,Furniture,Chair,48698.91,4.64,5594.44,6,Card,2025-10-16
5915,Vickie Haynes,Salem,South,Furniture,Chair,40490.18,17.15,9546.57,7,Net Banking,2024-09-21
5916,Ernest Hammond,Tirunelveli,South,Furniture,Sofa,40245.78,1.73,5674.46,9,Cash,2025-11-01
5917,Jason Kim,Trichy,West,Clothing,Kurti,27035.54,11.46,4594.95,7,UPI,2025-08-06
5918,Jennifer Sandoval,Chennai,East,Electronics,Headphones,30525.67,11.42,2038.08,1,Card,2024-02-09
5919,Kristen Wallace,Coimbatore,West,Clothing,Jacket,35753.46,5.2,6297.23,8,UPI,2025-03-27
5920,David Proctor,Salem,North,Clothing,Kurti,592.57,11.01,94.81,2,Cash,2024-01-12
5921,Kevin Golden,Trichy,East,Electronics,Smart Watch,524.54,24.94,78.91,9,Card,2024-04-18
5922,Matthew Stone,Chennai,East,Sports,Cricket Bat,49256.96,24.02,9437.96,5,Net Banking,2024-10-28
5923,Jennifer Brown,Coimbatore,South,Clothing,Jeans,39863.16,9.3,4264.79,1,UPI,2025-09-15
5924,Tamara Berry,Chennai,East,Electronics,Mobile,31049.61,27.11,3379.62,5,UPI,2025-10-21
5925,Nicholas Anderson,Trichy,West,Groceries,Milk,30724.6,0.41,6918.31,9,Cash,2024-05-18
5926,Linda Wright,Trichy,East,Furniture,Table,23458.11,20.05,1430.98,8,UPI,2025-08-12
5927,Jennifer Hines DDS,Salem,North,Clothing,Kurti,31656.49,1.22,5181.57,1,Cash,2025-09-15
5928,Matthew Bell,Trichy,East,Groceries,Oil,16135.8,13.86,3516.84,1,Cash,2024-10-25
5929,Paula Kline,Tirunelveli,West,Furniture,Table,8496.14,14.59,811.23,9,Net Banking,2024-01-04
5930,Adam Klein,Chennai,West,Groceries,Snacks,19049.26,23.8,4434.63,10,Net Banking,2025-04-21
5931,Heather Gentry,Trichy,South,Electronics,Laptop,12895.22,14.41,2845.53,1,UPI,2025-09-21
5932,Rebecca Castillo,Trichy,West,Electronics,Headphones,16716.75,19.02,2396.29,3,UPI,2025-08-01
5933,Anita Lee,Trichy,East,Groceries,Snacks,4058.1,7.31,722.09,4,Cash,2024-08-13
5934,Lori Terry,Trichy,South,Clothing,Kurti,47297.75,12.83,10888.28,6,Cash,2024-07-04
5935,Stephanie King,Salem,East,Clothing,Jacket,17687.31,20.09,2970.54,3,Card,2025-05-22
5936,Roy Jenkins,Salem,North,Groceries,Milk,34728.85,16.55,6428.88,10,Card,2024-07-05
5937,Jennifer Moore,Madurai,East,Sports,Gym Bag,8115.55,16.42,1616.07,3,Cash,2024-12-14
5938,Jesse Williams,Chennai,South,Sports,Gym Bag,18567.85,12.72,2210.51,2,Net Banking,2025-01-24
5939,Candace Price,Trichy,North,Furniture,Cupboard,30957.75,12.44,7461.56,2,Net Banking,2024-11-03
5940,Susan Dunlap,Tirunelveli,West,Electronics,Laptop,27977.58,16.39,1438.85,3,Cash,2025-08-13
5941,Jessica Gray,Coimbatore,South,Groceries,Milk,42950.99,18.41,8471.06,5,Card,2025-08-15
5942,Anthony Henderson,Trichy,East,Sports,Gym Bag,16620.92,11.86,1952.9,3,UPI,2024-05-16
5943,Shawn Nelson,Chennai,East,Furniture,Table,46627.57,24.98,3523.13,5,Cash,2024-11-26
5944,Ashley Adams,Madurai,North,Electronics,Headphones,36324.4,10.46,5437.35,10,UPI,2024-12-24
5945,Amy Bell,Madurai,West,Sports,Football,38293.07,26.74,5769.77,10,UPI,2024-03-07
5946,Marcus Robinson,Salem,South,Clothing,Jacket,10655.11,22.2,1573.93,2,UPI,2025-12-26
5947,Sarah Christensen,Trichy,East,Groceries,Milk,23565.22,0.91,4294.47,2,Card,2025-04-01
5948,Marilyn Booth,Coimbatore,South,Furniture,Chair,47598.45,28.25,3280.98,9,Card,2024-01-26
5949,Haley Simpson,Chennai,North,Clothing,T-Shirt,39357.76,2.25,2700.41,6,Cash,2024-03-22
5950,Karen Morris,Chennai,West,Furniture,Cupboard,31213.72,21.06,6213.89,5,Cash,2025-08-03
5951,Brittany Braun,Salem,South,Furniture,Cupboard,42114.42,2.33,3424.18,3,Card,2025-07-20
5952,Kathleen Weeks,Tirunelveli,South,Electronics,Smart Watch,3513.03,12.06,454.07,9,Card,2024-10-08
5953,Sheila Kelley,Trichy,East,Groceries,Oil,4979.94,25.7,257.68,8,Net Banking,2024-09-20
5954,Jason Adams,Tirunelveli,East,Furniture,Sofa,45965.79,29.34,3800.05,3,Cash,2024-01-26
5955,Angela Goodman,Trichy,East,Electronics,Smart Watch,21778.33,3.35,2682.34,2,Card,2025-01-11
5956,Andrew Flores,Madurai,North,Groceries,Oil,31735.73,3.35,5463.74,4,Net Banking,2024-03-08
5957,Gerald Pena,Coimbatore,North,Sports,Cricket Bat,49540.48,27.06,3489.43,1,Net Banking,2024-02-08
5958,Sara Brown,Chennai,East,Electronics,Mobile,31026.02,25.49,7535.88,7,UPI,2024-11-23
5959,Nicole Gutierrez,Chennai,South,Furniture,Table,29407.63,12.52,6982.57,6,UPI,2025-08-22
5960,Diana Curry,Salem,North,Electronics,Smart Watch,26935.65,3.23,3867.82,10,Net Banking,2025-12-30
5961,Kimberly Burke,Salem,North,Furniture,Table,1255.9,16.16,77.21,6,UPI,2025-01-26
5962,Paul Flynn,Salem,South,Groceries,Rice,22437.5,16.94,1703.42,3,Cash,2025-12-18
5963,Nicole Rodriguez,Coimbatore,South,Clothing,Kurti,37924.34,12.78,3623.08,5,Net Banking,2024-11-18
5964,Sara Patton MD,Salem,West,Clothing,T-Shirt,45513.44,21.02,6637.58,8,Net Banking,2025-12-26
5965,Lindsay Turner,Trichy,North,Groceries,Oil,45715.6,12.92,4834.36,7,Cash,2024-10-24
5966,Lisa Bradley,Madurai,West,Sports,Football,16115.69,16.96,1222.35,9,Card,2025-03-20
5967,Matthew Riddle,Madurai,West,Groceries,Milk,30213.02,15.71,3919.07,8,Cash,2024-02-13
5968,Heather Branch,Madurai,South,Sports,Cricket Bat,30339.91,19.69,6281.14,3,Cash,2025-01-06
5969,Thomas Johnson,Salem,South,Furniture,Sofa,46908.86,12.28,5329.28,5,UPI,2025-04-21
5970,Brian Lee,Coimbatore,South,Groceries,Rice,13732.7,10.46,2659.24,4,Cash,2025-05-07
5971,Andrea Campos,Tirunelveli,East,Furniture,Chair,1523.07,4.17,88.72,1,Cash,2024-12-28
5972,Teresa Taylor,Trichy,South,Electronics,Smart Watch,13349.93,11.99,2195.71,6,Card,2024-06-14
5973,Anna Williams,Madurai,West,Furniture,Chair,18692.94,2.66,2653.17,9,Card,2024-05-21
5974,Jamie Carter,Madurai,North,Groceries,Oil,33451.93,9.36,8169.53,8,UPI,2024-02-18
5975,Monica Mcdowell,Salem,South,Furniture,Chair,23327.57,9.22,1203.2,7,Net Banking,2024-05-02
5976,Kristen Hodges,Madurai,North,Groceries,Rice,5085.53,1.13,597.03,8,UPI,2025-02-28
5977,Jasmine Curtis,Madurai,West,Clothing,Kurti,18910.24,29.93,1883.16,1,Net Banking,2025-01-12
5978,Mathew Cook,Coimbatore,South,Furniture,Chair,32854.6,20.87,6011.45,1,Card,2024-07-16
5979,David Howell DDS,Chennai,East,Clothing,Jacket,47377.54,13.53,5230.9,9,UPI,2025-03-22
5980,Jennifer Finley,Madurai,South,Groceries,Milk,29373.66,8.67,1967,9,Net Banking,2025-05-09
5981,Alyssa White,Coimbatore,South,Sports,Football,15474.37,24.3,3322.63,4,Net Banking,2025-03-12
5982,Susan Riggs,Tirunelveli,North,Electronics,Headphones,19206.97,23.34,3817.33,8,Cash,2025-09-04
5983,Patricia Hammond,Chennai,North,Clothing,Jeans,11777.55,15.48,2443.02,3,Net Banking,2025-05-11
5984,Evan George,Tirunelveli,North,Furniture,Cupboard,21938.64,21.57,2064.68,4,Card,2024-06-02
5985,Nicole Thomas,Coimbatore,South,Sports,Football,13201.89,10.66,3205.27,8,Cash,2025-08-13
5986,Kayla Walsh,Tirunelveli,East,Furniture,Chair,2758.41,3.37,296.37,7,Cash,2024-11-05
5987,Joseph Santana,Tirunelveli,South,Groceries,Oil,21419.34,6.25,1646.91,6,Cash,2025-02-26
5988,Justin Jones,Trichy,South,Sports,Gym Bag,11395.93,6.65,1386.14,7,Net Banking,2025-10-29
5989,Oscar Martin,Tirunelveli,North,Groceries,Snacks,16022.16,3.85,2788.45,8,UPI,2025-01-25
5990,Jason Gardner,Tirunelveli,West,Furniture,Sofa,24478.71,27.79,5995.53,2,Card,2024-06-03
5991,Zachary Young,Salem,East,Furniture,Chair,43559.61,28.83,7185.64,8,Net Banking,2024-08-23
5992,Roberta Montes,Madurai,East,Clothing,Kurti,8791.69,14.67,2167.57,8,Cash,2024-08-15
5993,Carl Santana,Coimbatore,West,Electronics,Mobile,48376.03,5.95,9560.06,6,Net Banking,2025-10-03
5994,Ryan Reyes,Madurai,South,Furniture,Table,15890.97,18.24,3270.63,6,Cash,2025-12-14
5995,Mark Holland,Coimbatore,West,Furniture,Chair,12300.83,20.07,1559.89,5,Card,2024-03-05
5996,Barbara Kelley,Coimbatore,South,Electronics,Laptop,12032.91,4.9,694.05,10,Cash,2024-09-07
5997,William Cervantes,Tirunelveli,East,Furniture,Table,22954.53,17.3,2112.04,5,Cash,2025-11-12
5998,Julia Murphy,Madurai,East,Sports,Shoes,31009.02,23.91,2203.16,9,Card,2024-03-28
5999,Amanda Walton,Tirunelveli,North,Sports,Shoes,9441.64,2.76,1615.51,3,Card,2025-02-20
6000,Andrea Lopez,Madurai,East,Clothing,T-Shirt,41431.77,4.53,4247.31,6,Card,2024-09-20
6001,Steve Evans,Salem,North,Furniture,Table,2320.99,21.57,312.31,6,Card,2025-04-05
6002,Michelle Miller,Chennai,South,Electronics,Headphones,41308.79,4.95,2470.22,6,UPI,2024-10-02
6003,Mrs. Sandra Hinton,Tirunelveli,North,Furniture,Sofa,25643.24,23.53,4806.78,3,Card,2024-11-05
6004,Kimberly Newman,Trichy,West,Groceries,Rice,9576.88,12.08,1892.61,10,Net Banking,2024-04-21
6005,Wendy Sanders,Chennai,South,Sports,Cricket Bat,4779.62,5.21,546.95,2,Cash,2025-06-12
6006,Jill Robbins,Trichy,South,Electronics,Laptop,26123.56,28.98,3177.97,9,Card,2024-03-12
6007,James Ward,Coimbatore,South,Furniture,Table,11473.68,15.49,2422.81,7,UPI,2025-09-05
6008,Stacey Martin,Coimbatore,North,Groceries,Snacks,14477.81,27.83,2593.48,9,Cash,2024-06-27
6009,Marilyn Hughes,Chennai,North,Electronics,Mobile,3289.87,9.62,500.74,10,UPI,2025-09-26
6010,Laurie Poole,Tirunelveli,South,Sports,Cricket Bat,39104.62,10.64,2471.17,9,Card,2024-04-28
6011,David Smith,Tirunelveli,East,Sports,Gym Bag,18496.35,7,2708.4,2,Cash,2024-08-19
6012,Tiffany Castro,Salem,North,Electronics,Laptop,39324.05,10.82,9070.29,2,Card,2025-06-17
6013,Brandi Gibbs,Trichy,South,Sports,Cricket Bat,49803.5,22.78,9229.75,4,Card,2025-04-12
6014,Ana Moody,Trichy,East,Sports,Shoes,45369.77,20.24,10967.54,10,Cash,2024-08-03
6015,Jessica Wilson,Tirunelveli,West,Electronics,Laptop,29671.17,0.1,6177.69,9,Card,2024-01-05
6016,Eric Horn,Trichy,South,Furniture,Sofa,16869.34,7.3,2158.32,8,Card,2025-08-13
6017,Brian Martin,Chennai,South,Clothing,Kurti,26788.66,6.14,1539.67,7,Cash,2024-05-08
6018,Danny Watson,Tirunelveli,East,Clothing,Jeans,6885,12.6,1488.91,2,Card,2025-07-03
6019,Megan Moore,Tirunelveli,West,Clothing,T-Shirt,2574.96,0.77,448.57,7,Cash,2024-08-12
6020,Matthew Henderson,Salem,South,Clothing,Jacket,38378.08,15.55,3637.27,6,Cash,2025-07-07
6021,Nicole Garcia,Trichy,South,Sports,Football,12886.08,19.85,3149.68,7,Card,2024-06-02
6022,Angela Huang,Madurai,South,Sports,Football,23220.39,19.24,4049.39,1,Net Banking,2024-10-11
6023,Dustin Shannon,Tirunelveli,South,Furniture,Table,10767.25,13.76,2641.98,6,UPI,2025-02-09
6024,Casey Barry,Madurai,West,Electronics,Headphones,48089.85,28.85,5712.95,9,Cash,2025-11-25
6025,Shelby Taylor,Coimbatore,North,Sports,Shoes,37604.82,6.83,8998.78,9,Cash,2025-08-23
6026,Angela Stevens,Trichy,North,Clothing,Jeans,32084.95,7.87,5004.74,6,Cash,2024-02-21
6027,Adam Johnson,Salem,East,Furniture,Chair,28727.31,1.17,6562.77,1,Net Banking,2024-04-26
6028,Robert Douglas,Tirunelveli,West,Electronics,Laptop,1931.43,29.25,457.69,5,Card,2025-07-19
6029,Mr. John Brown Jr.,Trichy,South,Clothing,Jeans,7472.64,21.66,507.22,3,Card,2024-10-29
6030,Joseph Garcia,Tirunelveli,North,Electronics,Mobile,26127.33,23.9,2798.53,6,Net Banking,2024-11-02
6031,Krista Mcdonald,Tirunelveli,North,Groceries,Milk,39406.5,8.92,8749.34,3,Cash,2025-09-15
6032,William Camacho,Madurai,South,Furniture,Table,47659.37,21.37,9591.04,2,Card,2025-02-16
6033,David Velez,Salem,North,Sports,Cricket Bat,7033.46,22.73,1757.98,2,Card,2025-05-01
6034,Tammy Morris,Trichy,South,Electronics,Mobile,48840.62,2.57,4647.59,5,Cash,2025-05-08
6035,Matthew Castillo,Chennai,East,Clothing,T-Shirt,10409.16,18.08,837.42,1,Net Banking,2025-11-09
6036,Dana Craig,Madurai,East,Clothing,Jacket,49625.41,15.6,8362.89,8,Net Banking,2024-07-30
6037,Mercedes Bennett,Madurai,South,Groceries,Milk,18683.43,24.82,1961.71,2,Cash,2025-06-12
6038,Lynn Dickson,Tirunelveli,South,Furniture,Chair,13157.81,15.85,926.1,5,Card,2025-05-09
6039,Andrea King,Trichy,South,Sports,Shoes,39664.89,15.12,5666.75,3,Cash,2024-01-14
6040,Ashley Luna,Tirunelveli,East,Furniture,Cupboard,8398.04,20.64,1369.64,2,Cash,2025-09-03
6041,Marc Ford,Madurai,West,Electronics,Laptop,48233.15,14.34,3376.79,4,Net Banking,2025-05-07
6042,Joseph Russell,Madurai,West,Electronics,Laptop,39401.08,26.92,5467.71,2,UPI,2024-01-18
6043,Michael Nolan,Salem,East,Furniture,Table,20028.18,18.11,3349.74,6,Card,2025-06-21
6044,Kathryn Hansen,Coimbatore,West,Furniture,Chair,35453.21,29.98,7179.45,2,Net Banking,2025-10-23
6045,Scott Nguyen,Madurai,South,Furniture,Table,11708.52,19.15,2801.05,2,Net Banking,2025-10-09
6046,Edward Zimmerman,Trichy,West,Clothing,Kurti,29761.07,18.73,5170.99,6,Card,2024-08-06
6047,Robert Garcia,Tirunelveli,South,Furniture,Sofa,7732.31,21.69,1437,4,Net Banking,2024-05-02
6048,Janet Smith,Coimbatore,South,Furniture,Chair,22668.12,24.87,2564.19,6,UPI,2025-11-12
6049,Gloria Schneider,Coimbatore,South,Clothing,Kurti,30958.64,0.56,6480.79,4,UPI,2025-02-07
6050,Jennifer Hampton,Trichy,East,Electronics,Headphones,21904.48,3.14,3895.94,3,UPI,2025-07-16
6051,Andrew King,Trichy,South,Clothing,T-Shirt,45242.7,4.95,4283.5,7,Cash,2024-05-31
6052,Amy Logan,Salem,East,Clothing,Jacket,46953.08,28.29,4719.91,9,Cash,2024-06-17
6053,Logan Phillips,Tirunelveli,North,Sports,Cricket Bat,18106.12,18.25,4208.5,1,Net Banking,2024-05-16
6054,Mary Herrera,Madurai,South,Furniture,Table,45501.85,21.5,3915.88,8,Net Banking,2025-09-18
6055,Courtney Christian,Coimbatore,West,Sports,Football,16630.86,28.38,4076.56,10,Cash,2025-02-16
6056,Traci Carpenter,Trichy,South,Electronics,Headphones,33734.19,13.25,4739.81,7,Cash,2024-05-26
6057,Douglas Reed,Salem,South,Clothing,Kurti,1788.16,5.31,298.7,10,Card,2024-05-15
6058,Frank Gonzalez,Tirunelveli,South,Groceries,Snacks,8435.22,20.88,986.14,4,UPI,2024-10-16
6059,Heather Carter,Madurai,West,Furniture,Cupboard,12895.7,4.54,1642.7,7,Cash,2024-06-17
6060,Rachel Carey,Coimbatore,East,Sports,Shoes,45647.14,11.49,8162.77,8,UPI,2025-05-28
6061,Heather Fox,Chennai,West,Electronics,Mobile,35094.53,10,1883.94,7,UPI,2024-02-04
6062,Tanya Chapman,Tirunelveli,South,Electronics,Mobile,19475.03,24.07,2152.11,1,UPI,2024-05-24
6063,Reginald Davis,Tirunelveli,North,Sports,Shoes,39723.99,11.59,8054.43,3,Card,2024-03-10
6064,Jake Conley,Chennai,North,Groceries,Milk,32148.79,24.62,3221.53,9,Card,2025-09-06
6065,Christopher Scott,Coimbatore,West,Electronics,Mobile,7977.78,29.37,485.99,1,Card,2025-03-13
6066,Hannah Merritt DVM,Madurai,North,Groceries,Oil,45163.04,0.09,8934.62,7,Net Banking,2025-07-21
6067,Jamie Shaw,Chennai,South,Sports,Football,14080.09,1.99,2231.98,3,Card,2025-04-22
6068,Randall Reynolds,Coimbatore,East,Groceries,Milk,44710.56,5.04,7957.17,6,Net Banking,2025-11-09
6069,Lisa Baker,Salem,West,Clothing,T-Shirt,4229.39,7.72,561.8,7,Card,2025-08-23
6070,Annette Owens,Trichy,East,Groceries,Snacks,18999.08,28.95,4244.19,2,Cash,2024-07-28
6071,Caitlin Jimenez,Chennai,West,Sports,Cricket Bat,3600.28,4.4,728.19,2,Cash,2024-06-26
6072,David Wood,Salem,North,Sports,Cricket Bat,8130.41,26.37,1644.34,5,Cash,2025-02-17
6073,Jessica Phillips,Madurai,South,Furniture,Table,32330.94,9.2,2111.52,9,UPI,2024-01-10
6074,Beverly Stark,Madurai,East,Sports,Football,24700.79,5.56,4866.94,8,Card,2024-03-05
6075,Daniel Rodriguez,Tirunelveli,South,Sports,Football,3762.59,25.89,327.39,3,Cash,2025-10-22
6076,Kyle Morgan,Chennai,South,Groceries,Oil,19193.51,28.37,4367.29,3,Cash,2025-05-13
6077,Patricia Miller,Madurai,West,Electronics,Mobile,48847.02,8.23,10848.82,10,Card,2024-09-19
6078,Jeremy Cantu,Salem,South,Furniture,Table,30604.67,20.41,2831.61,6,UPI,2024-02-20
6079,Kathy Smith,Madurai,East,Sports,Shoes,33819.43,27.39,3251.81,2,Cash,2024-06-12
6080,Darren Shaffer,Trichy,North,Furniture,Chair,43967.64,2.23,2786.35,7,Card,2025-12-15
6081,Darius Cooper,Coimbatore,East,Sports,Football,6774.05,12.81,1645.69,1,Card,2025-03-14
6082,Laura Robinson,Chennai,South,Furniture,Table,15976.8,26.38,2227.2,9,Cash,2025-04-05
6083,Amanda Martinez,Trichy,East,Furniture,Cupboard,20554.16,8.78,4494.06,8,Net Banking,2025-10-01
6084,Kristopher Gonzalez,Coimbatore,South,Clothing,Kurti,49697.44,10.73,11925.66,3,Cash,2025-08-28
6085,Amanda Ruiz,Chennai,North,Clothing,Jeans,41200.36,26.18,4651.03,5,Cash,2025-10-25
6086,Alan Frank,Coimbatore,East,Furniture,Sofa,16901.05,20.53,3618.88,2,Card,2024-12-19
6087,Rebecca Miller,Tirunelveli,South,Groceries,Milk,46702.48,7.31,8734.34,8,Cash,2025-11-28
6088,Jenna Rivera,Trichy,West,Groceries,Snacks,49587.45,5.19,8005.63,4,Cash,2024-08-27
6089,Veronica Davis,Coimbatore,South,Sports,Shoes,580.47,20.67,143.19,10,Cash,2025-01-06
6090,Katelyn Joseph,Madurai,South,Furniture,Cupboard,31102.05,18.05,1680.61,3,UPI,2025-11-16
6091,James Jenkins,Coimbatore,West,Groceries,Rice,34084.94,25.66,7977.29,2,UPI,2024-04-26
6092,Steven Romero,Chennai,East,Clothing,Kurti,27109.87,23.75,1641.62,10,Cash,2025-11-27
6093,Matthew Young,Coimbatore,North,Electronics,Headphones,16902.12,20.29,2437.42,8,Cash,2025-05-16
6094,Laura Phillips,Salem,East,Furniture,Sofa,18795.04,6.1,4407.32,8,Cash,2025-03-22
6095,Karen Wang,Salem,North,Groceries,Snacks,48657.15,18.53,4816.03,5,Card,2025-07-10
6096,Robert Abbott III,Madurai,North,Sports,Football,1215.1,28.42,148.6,7,Cash,2025-03-21
6097,Timothy Black,Chennai,North,Groceries,Milk,13615.46,3.86,1940.51,9,Card,2025-10-03
6098,Christina Webb,Tirunelveli,West,Furniture,Cupboard,12583.59,4.39,2501.68,10,Cash,2024-05-09
6099,Wendy Ortiz,Chennai,South,Furniture,Cupboard,973.37,8.38,235.16,5,UPI,2024-03-13
6100,Johnny Smith,Madurai,North,Clothing,Jacket,32729.68,22.87,5677.01,6,Cash,2024-09-16
6101,Roberta Parks,Trichy,South,Groceries,Oil,44254.94,16.27,5000.17,10,Cash,2025-07-17
6102,Alexander Nichols,Chennai,East,Groceries,Milk,40540.33,8,8930.54,3,Card,2024-02-13
6103,Jessica Winters,Coimbatore,North,Electronics,Smart Watch,5889.41,12.57,911.68,7,UPI,2025-10-23
6104,Gregory Burgess,Coimbatore,North,Furniture,Table,35843.46,23.12,3245.66,4,Cash,2024-07-13
6105,Michael Mcintosh,Tirunelveli,East,Clothing,T-Shirt,37171.83,16.96,8455,7,UPI,2024-07-03
6106,Robert Juarez,Chennai,East,Sports,Football,43485.82,25.41,10376.41,4,Card,2025-03-12
6107,Dan Henry,Tirunelveli,North,Clothing,Kurti,43429.19,18.18,9153.25,10,Card,2024-05-20
6108,Crystal Dean,Tirunelveli,East,Sports,Cricket Bat,27981.63,12.74,4521.03,8,UPI,2025-05-27
6109,Alison Matthews,Madurai,South,Groceries,Rice,2507.56,22.95,511.92,10,Net Banking,2024-09-16
6110,Christopher Riddle,Chennai,West,Clothing,Jeans,40013.72,10.97,7157.53,5,Cash,2025-11-16
6111,Derek Robinson,Tirunelveli,South,Clothing,Jacket,45060.31,1.56,7795.83,3,Cash,2025-12-23
6112,Albert Jordan,Coimbatore,North,Furniture,Table,2326.76,4.46,198.46,8,Cash,2025-03-09
6113,Heather May,Salem,West,Groceries,Rice,10893.23,0.79,716.6,6,Cash,2025-07-13
6114,Jean Duarte,Trichy,East,Clothing,Jeans,32843.93,14.76,6515.57,2,Cash,2024-08-24
6115,Ashley Aguilar,Tirunelveli,West,Electronics,Smart Watch,47848.99,20.26,9912.62,3,Cash,2025-06-03
6116,Helen Morris,Trichy,West,Electronics,Mobile,2986.44,11.17,498.92,6,Card,2024-12-11
6117,Christopher Sanchez,Tirunelveli,South,Electronics,Mobile,2074.39,28.48,128.54,2,UPI,2024-10-29
6118,Tammy Greene,Trichy,North,Electronics,Mobile,19699.89,27.34,3153.75,6,Card,2025-07-16
6119,Tiffany Schaefer,Coimbatore,South,Clothing,Jeans,42772.33,17.95,4887.98,10,Net Banking,2024-04-12
6120,Sarah Weaver,Tirunelveli,West,Sports,Football,45368.26,5.06,7388.62,1,Net Banking,2025-04-27
6121,Craig Gonzalez,Trichy,East,Electronics,Smart Watch,43747.72,2.91,9094.48,7,Cash,2025-06-19
6122,Heather Little,Coimbatore,West,Groceries,Snacks,12172.7,27.58,989.75,6,Net Banking,2025-03-03
6123,Keith Bailey,Trichy,North,Furniture,Sofa,37920.22,14.63,5255.75,2,Net Banking,2024-10-03
6124,Darlene Nixon,Chennai,South,Clothing,T-Shirt,1066.57,29.79,110.97,9,UPI,2024-05-24
6125,Richard Morales,Coimbatore,East,Electronics,Headphones,5922.74,20.03,682.94,10,Card,2024-12-24
6126,Eric Jones,Tirunelveli,West,Sports,Cricket Bat,49491.02,26.74,8029.89,3,Net Banking,2024-06-19
6127,Jesus Scott,Chennai,West,Sports,Football,25453.28,26.08,5447.76,2,Cash,2024-02-02
6128,Thomas Cooper,Tirunelveli,South,Clothing,T-Shirt,26218.23,20.28,6048.15,6,Cash,2024-12-22
6129,Kyle Hardy,Chennai,North,Furniture,Table,36580.85,24.97,5543.45,9,Net Banking,2025-06-06
6130,Richard Powell,Coimbatore,North,Furniture,Sofa,410.27,20.37,53.62,2,Cash,2024-06-30
6131,Matthew Romero,Madurai,North,Electronics,Smart Watch,22261.21,24.84,3425.43,5,Net Banking,2025-06-22
6132,Sarah Hoover,Coimbatore,South,Clothing,Jeans,11409.72,3.44,1554.23,1,Net Banking,2025-03-10
6133,Kathleen Cruz,Chennai,South,Clothing,Kurti,28113.2,6.34,2884.75,3,Card,2025-10-20
6134,Christopher Sharp,Trichy,West,Groceries,Rice,547.86,24.14,35.16,1,Cash,2024-01-31
6135,Vicki Levy,Coimbatore,North,Electronics,Smart Watch,5627.3,27.87,286.61,3,Net Banking,2025-04-08
6136,Charles White,Salem,South,Sports,Shoes,35603.26,2.4,6800.19,6,Net Banking,2024-01-10
6137,Hannah Mcgee,Coimbatore,South,Clothing,Jeans,42229.55,16.11,5121.71,3,Net Banking,2024-11-17
6138,Phillip Spears,Salem,West,Furniture,Chair,43950.18,17.2,9055.47,8,UPI,2025-04-27
6139,Melissa Kennedy,Chennai,East,Furniture,Sofa,20654.04,25.56,3680.11,5,Cash,2025-08-03
6140,Melissa Hudson,Trichy,South,Electronics,Laptop,25834.77,14.25,1685.43,1,Card,2024-09-05
6141,Dr. Toni Hill,Trichy,West,Electronics,Headphones,42686.29,1.61,6365.69,6,UPI,2025-02-08
6142,Margaret Stewart,Madurai,West,Sports,Football,14409.07,6.37,3365.43,7,UPI,2025-02-06
6143,James Diaz,Tirunelveli,South,Electronics,Mobile,20101.83,9.26,3812.51,4,UPI,2024-06-13
6144,Jerry Morgan,Chennai,West,Furniture,Sofa,48524.39,10.93,9369.15,9,Card,2025-04-01
6145,Steven Benson,Trichy,East,Electronics,Laptop,28354.38,29.81,2089.25,4,Card,2025-03-28
6146,Jennifer Johnson,Chennai,East,Sports,Shoes,3015.59,10.55,600.63,9,Net Banking,2025-09-16
6147,Melissa Johnson,Coimbatore,North,Sports,Gym Bag,32253.01,16.56,2899.66,5,Card,2024-09-03
6148,Jason Martin,Chennai,East,Groceries,Rice,15209.94,0.4,2247.33,2,Card,2024-02-16
6149,Michael Robertson,Tirunelveli,West,Sports,Gym Bag,15371.95,8.88,3269.77,8,UPI,2024-01-16
6150,Lucas Fleming,Coimbatore,West,Clothing,Jacket,46592.62,29.49,8418.07,6,Cash,2025-11-26
6151,Anthony Wilson,Trichy,South,Furniture,Sofa,41615.57,22.5,8567.99,10,Cash,2024-12-09
6152,Kevin Campbell,Tirunelveli,East,Clothing,T-Shirt,19852.1,1.73,4847.15,6,Cash,2024-01-09
6153,Melanie Bonilla,Salem,East,Groceries,Snacks,4583.46,15.52,457.89,8,Cash,2025-08-25
6154,Olivia Ward,Chennai,West,Groceries,Snacks,4258.65,1.9,591.29,9,Card,2024-09-07
6155,Jessica Munoz,Tirunelveli,South,Electronics,Headphones,23951.2,23.91,1584.61,9,UPI,2025-12-23
6156,Cheryl Price,Salem,West,Groceries,Milk,34855.6,26.48,4387.95,3,Card,2025-04-27
6157,Michael Reynolds,Trichy,East,Sports,Shoes,8672.44,1.08,570.23,5,UPI,2025-04-22
6158,Tyler Smith,Trichy,South,Groceries,Snacks,32726.4,2.27,6908.92,1,Net Banking,2025-06-25
6159,Emily Turner,Tirunelveli,East,Furniture,Cupboard,44307.98,7.29,4712.95,6,Cash,2024-09-04
6160,John Scott,Salem,East,Clothing,Jacket,14538.14,23.08,3211.76,1,Net Banking,2024-12-11
6161,Jonathan Warren,Trichy,South,Groceries,Rice,6644.39,25.25,1643.42,7,Cash,2024-05-19
6162,Eric Stanley,Madurai,West,Electronics,Mobile,45958.62,21.62,3297.33,8,Cash,2024-01-16
6163,Zachary Ritter,Salem,North,Clothing,Kurti,40599.77,22.14,9680.25,4,Net Banking,2024-04-20
6164,Aaron Spencer,Madurai,East,Groceries,Rice,30337.19,16.26,5653.99,8,Card,2025-02-03
6165,Taylor Walsh,Trichy,North,Electronics,Smart Watch,35979.59,0.8,7182.33,6,Card,2024-07-27
6166,Jonathan Russo,Tirunelveli,South,Electronics,Mobile,33362.24,28.55,6310.09,6,Cash,2025-10-01
6167,Terry Stephens,Trichy,East,Electronics,Headphones,11810.19,24.74,715.7,8,Cash,2024-12-23
6168,Rebecca Porter,Chennai,South,Clothing,Jeans,37766.5,18.62,7562.42,4,Card,2025-11-09
6169,Kevin Glenn,Coimbatore,North,Groceries,Snacks,954.94,0.4,133.83,3,Net Banking,2024-11-01
6170,Phillip Branch,Salem,East,Sports,Shoes,19089.05,23.69,1607.18,4,UPI,2024-09-17
6171,Richard Proctor Jr.,Coimbatore,West,Sports,Football,12958.19,12.64,972.25,1,UPI,2025-07-17
6172,Keith Romero,Coimbatore,West,Sports,Cricket Bat,8321.83,3.45,1335.62,5,Card,2024-10-21
6173,Michael Hill,Chennai,North,Sports,Shoes,28604.39,13.31,5540.61,1,Cash,2024-08-03
6174,Hayden Brown,Coimbatore,South,Furniture,Cupboard,34002.57,3.13,2753.19,9,Card,2024-07-08
6175,Nathan Pierce,Madurai,North,Furniture,Sofa,15792.35,19.85,1678.43,6,Card,2024-02-03
6176,Krista Simpson,Salem,South,Groceries,Snacks,11615.43,0.64,876.98,4,Cash,2025-03-16
6177,Michelle Franklin,Chennai,East,Groceries,Rice,49499.51,20.23,3916.74,1,Card,2024-01-06
6178,Tara Rodriguez,Chennai,South,Groceries,Rice,10325.95,27.17,1880.92,8,Cash,2024-05-15
6179,Anne Copeland,Salem,East,Sports,Gym Bag,25912.04,9.93,3012.76,7,Net Banking,2025-12-23
6180,Derek Evans,Salem,North,Furniture,Cupboard,14586.45,3.53,2956.51,8,Net Banking,2025-10-10
6181,Alexandria Williams,Madurai,East,Groceries,Snacks,19851.15,14.98,1951.04,5,Net Banking,2024-01-10
6182,Tracy Salazar,Chennai,South,Electronics,Smart Watch,36328.57,24.94,6363.81,9,Card,2024-10-12
6183,Alexander Ortiz,Tirunelveli,West,Groceries,Rice,20915.69,16.82,4127.45,6,Card,2025-02-12
6184,Reginald Terry,Tirunelveli,South,Electronics,Laptop,37740.87,15.18,6236.09,7,Card,2025-03-06
6185,Adam Wyatt,Salem,North,Electronics,Laptop,41676.06,28.43,3943.85,10,Card,2024-02-21
6186,Zachary Harrison,Salem,East,Sports,Cricket Bat,45729.42,7.15,9966.3,4,UPI,2025-05-25
6187,Amanda Jackson,Tirunelveli,South,Clothing,T-Shirt,21403.51,18.33,3065.14,9,Net Banking,2024-07-17
6188,Jessica Wagner,Coimbatore,North,Clothing,Kurti,17976.3,22.04,3331.71,2,Cash,2025-08-16
6189,Ashley Obrien,Chennai,South,Sports,Gym Bag,32198.77,20.93,6189.05,4,UPI,2024-02-11
6190,Jamie Ball,Madurai,West,Furniture,Cupboard,22144.38,15.51,2693.25,2,UPI,2025-08-09
6191,Peter Myers,Tirunelveli,South,Clothing,T-Shirt,16882.46,6.46,2156.03,3,UPI,2025-04-01
6192,Anna Bowman,Madurai,West,Groceries,Oil,5966.77,9.42,525.1,1,Net Banking,2025-11-01
6193,Dawn Wiley,Coimbatore,East,Clothing,Jacket,48814.94,28.08,12017.38,10,Card,2025-11-14
6194,Courtney Smith,Madurai,North,Furniture,Table,28002.11,22.02,4363.58,4,UPI,2024-12-26
6195,Linda Grant,Tirunelveli,West,Electronics,Mobile,19458.01,15.13,4573.12,1,UPI,2024-04-20
6196,Rhonda Tucker,Madurai,East,Sports,Shoes,40222.24,6.12,2191.55,4,Card,2024-12-15
6197,Michelle Merritt,Trichy,North,Electronics,Headphones,14122.26,0.4,2644.02,1,Net Banking,2024-02-19
6198,Maureen Mckee,Madurai,East,Furniture,Cupboard,33441.9,15.37,7714.71,4,Net Banking,2024-04-12
6199,Heather Jones,Chennai,East,Groceries,Milk,36494.71,0.9,7964.79,10,Net Banking,2024-11-17
6200,Lauren Chen,Salem,East,Furniture,Chair,6459.06,13.37,1544.79,8,UPI,2025-12-12
6201,Kevin Bird,Coimbatore,North,Furniture,Sofa,38796.83,29.76,7364.44,9,UPI,2025-03-06
6202,Christina Perez,Coimbatore,North,Furniture,Cupboard,3662.26,23.61,382.67,5,Net Banking,2024-03-13
6203,Andrew Maxwell,Tirunelveli,East,Electronics,Headphones,31645.82,15.74,7168.01,6,UPI,2024-03-14
6204,Kimberly Bernard,Coimbatore,West,Electronics,Mobile,22965.04,11.78,1949.84,7,Cash,2025-01-04
6205,Anna Forbes,Madurai,East,Clothing,T-Shirt,30177.4,13.98,4329.5,9,Cash,2025-12-24
6206,Norma Garrett,Tirunelveli,South,Furniture,Sofa,28731.76,24.79,2048.28,7,Cash,2024-03-06
6207,Brent Jones,Coimbatore,North,Electronics,Mobile,23442.04,4.63,2358.87,9,UPI,2025-07-21
6208,Jason Lynch,Tirunelveli,West,Electronics,Mobile,36342.75,17.95,3865.32,6,UPI,2025-08-04
6209,Terry Cain,Chennai,South,Clothing,T-Shirt,42206.66,5.04,6572.97,2,Cash,2025-09-20
6210,Sarah Gordon,Tirunelveli,South,Electronics,Mobile,44511.72,6.95,6466.46,6,Cash,2025-10-09
6211,Zachary Smith,Salem,East,Clothing,Jacket,30605.84,14.09,3478.08,1,Net Banking,2024-06-24
6212,Jill Lopez,Trichy,North,Groceries,Rice,22887.76,16.65,2651.29,3,Cash,2025-04-13
6213,John Stark,Trichy,East,Clothing,Jeans,30820.28,4.82,5961.74,8,Net Banking,2024-12-03
6214,Jonathan Barnett,Tirunelveli,East,Furniture,Table,493.64,4.21,51.15,7,Card,2024-09-07
6215,Daniel Harris,Trichy,East,Electronics,Laptop,23560.19,11.44,1564.54,4,UPI,2025-09-25
6216,Kelli Powell,Salem,East,Sports,Shoes,33873.21,21.98,2208.69,2,Cash,2024-01-08
6217,Matthew Dickson,Tirunelveli,South,Furniture,Sofa,26698.41,21.46,3925.9,5,Net Banking,2024-08-04
6218,Samuel Wong,Trichy,South,Furniture,Chair,33770.4,17.17,2116.66,2,Cash,2024-06-01
6219,Ryan Bryant,Salem,West,Groceries,Snacks,26977.53,5.66,2854.93,7,Net Banking,2025-07-05
6220,Victoria Bailey,Madurai,South,Furniture,Chair,47647.29,16.19,3140.86,4,Cash,2025-11-08
6221,Ashley Kennedy,Coimbatore,East,Clothing,Kurti,1028.6,14.84,133.58,2,Card,2025-12-23
6222,Sonia Watson,Coimbatore,South,Furniture,Sofa,36885.05,20.83,7676.54,4,Cash,2025-12-12
6223,Matthew Weber,Chennai,East,Clothing,Jeans,10346.78,14.48,1812.4,3,Net Banking,2025-04-24
6224,John Wood,Coimbatore,East,Clothing,Jeans,8139.96,15.46,729.24,5,UPI,2024-03-04
6225,William Ruiz,Trichy,West,Electronics,Laptop,1572.49,19.51,203.62,10,Cash,2025-04-05
6226,Christine Foster,Salem,East,Groceries,Snacks,21702.36,17.76,2537.47,5,Card,2024-02-08
6227,Jacob Henderson,Coimbatore,West,Electronics,Mobile,20265.4,26.12,3376.69,9,Card,2025-09-04
6228,Shannon Heath,Chennai,West,Furniture,Sofa,42426.12,21.98,8750.8,2,UPI,2025-09-26
6229,Jonathan Garcia,Coimbatore,West,Groceries,Oil,45157.9,16.34,10099.19,1,Card,2024-02-28
6230,Rachel Hinton,Tirunelveli,South,Groceries,Milk,22503.36,28.79,2101.76,2,UPI,2025-05-26
6231,Ricardo Anderson,Madurai,West,Sports,Football,33692.02,10.85,1694.43,5,Cash,2025-03-25
6232,Stephen Barker,Tirunelveli,North,Groceries,Snacks,48044.64,26.7,11702.4,3,Cash,2025-12-19
6233,Austin Perez,Tirunelveli,South,Sports,Cricket Bat,24059.11,3.21,5286.62,2,UPI,2024-05-25
6234,Catherine Velez,Tirunelveli,North,Groceries,Rice,38538.94,11.79,6052.5,4,Cash,2025-07-27
6235,Brandon Johnson,Chennai,East,Clothing,T-Shirt,21743.09,5.03,3923.8,9,Cash,2025-03-21
6236,Allison Smith,Chennai,East,Electronics,Smart Watch,13366.56,4.42,1507.01,9,Cash,2025-07-27
6237,Mr. Michael Decker,Chennai,East,Sports,Cricket Bat,31186.75,22.01,4655.98,9,Net Banking,2025-02-14
6238,Ashley Lane,Tirunelveli,South,Sports,Cricket Bat,26409.76,11.68,1596.89,8,UPI,2025-12-19
6239,Donald Daniel,Trichy,West,Furniture,Cupboard,6609.17,28.01,787.1,10,UPI,2025-10-12
6240,James Vaughn,Trichy,East,Sports,Shoes,16914.42,25.59,1592.78,9,Cash,2025-12-27
6241,Daniel Russell,Madurai,North,Clothing,Jacket,42617.72,2.45,4092.26,7,Net Banking,2025-02-08
6242,Carmen Brown,Tirunelveli,East,Clothing,Jeans,4952.5,0.53,476.77,3,Cash,2024-09-15
6243,John Sparks,Madurai,North,Furniture,Sofa,41618.86,12.97,8155.14,6,Net Banking,2025-09-07
6244,Kimberly Butler,Chennai,East,Groceries,Oil,28294.61,29.51,6671.48,8,Cash,2025-12-07
6245,Stephanie Nguyen,Salem,South,Sports,Cricket Bat,35353.28,6.6,7971.46,5,Card,2024-05-03
6246,Michael Christensen,Coimbatore,West,Groceries,Oil,29618.69,23.27,6212.22,1,Cash,2024-12-04
6247,Garrett Lara,Coimbatore,South,Sports,Football,4873.28,16.77,590.49,4,Cash,2024-12-25
6248,Garrett Duncan,Trichy,South,Electronics,Headphones,49230.65,14.72,5541.59,3,Cash,2024-07-15
6249,Christian Martin,Trichy,East,Electronics,Headphones,28913.82,10.02,5111.07,4,Card,2025-11-24
6250,Gabrielle Franklin,Madurai,South,Clothing,Kurti,49711.45,0.7,5080.15,1,Cash,2025-08-22
6251,Danielle Mejia,Tirunelveli,East,Furniture,Cupboard,45939.95,27.09,3867.61,2,Net Banking,2025-03-19
6252,Juan Smith,Trichy,West,Groceries,Snacks,4697.32,14.07,289.38,7,Cash,2025-02-16
6253,Samantha Marks,Coimbatore,North,Clothing,T-Shirt,34803.17,27.62,7308.8,2,UPI,2025-12-18
6254,Dana Kramer,Chennai,South,Sports,Gym Bag,27686.85,27.99,2104.5,9,Net Banking,2024-12-28
6255,Melanie Carter,Chennai,East,Sports,Football,19721.52,19.49,3137.7,4,UPI,2024-05-30
6256,Joseph Palmer,Salem,South,Electronics,Smart Watch,28465.58,12.6,2014.42,2,Card,2025-09-12
6257,Sarah Henry,Coimbatore,East,Furniture,Cupboard,38313.1,28.21,6846.8,2,Cash,2025-10-24
6258,Cynthia Novak,Tirunelveli,West,Electronics,Mobile,21694.7,26.43,5382.47,5,UPI,2024-06-17
6259,Daniel Ellis,Chennai,West,Electronics,Mobile,14556.87,29.01,2126.04,6,Card,2024-09-26
6260,Kyle Robles,Chennai,East,Clothing,T-Shirt,14157.11,21.61,990.25,7,UPI,2024-04-30
6261,James Walters,Coimbatore,South,Clothing,T-Shirt,35831.86,7.16,6235.79,3,Net Banking,2025-05-01
6262,Luis Ramos,Trichy,East,Sports,Shoes,42972.13,11.63,9336.97,2,UPI,2025-01-16
6263,Kristen Dawson,Tirunelveli,East,Groceries,Oil,22735.51,23.97,2928.92,7,Net Banking,2025-08-21
6264,Tyler Cain MD,Trichy,North,Sports,Gym Bag,11968.54,6.53,1920.1,5,UPI,2025-10-14
6265,Angela Lopez,Madurai,East,Clothing,Jacket,8257.85,19.34,1790.57,5,UPI,2024-12-13
6266,Amanda Walker DDS,Salem,South,Sports,Football,4423.24,22.29,1024.6,2,Card,2024-06-19
6267,Daniel Welch,Chennai,South,Furniture,Cupboard,47384.7,23.47,11152.23,7,Card,2025-12-07
6268,Jessica Garza,Chennai,East,Groceries,Milk,20649.47,15.75,4956.02,7,UPI,2025-08-30
6269,Tina Davis,Tirunelveli,West,Electronics,Smart Watch,45418.8,22.52,5932.99,9,UPI,2024-06-21
6270,Isaac Bailey,Madurai,North,Sports,Shoes,40207.07,18.05,6927.53,4,UPI,2024-01-24
6271,Stephanie Evans,Tirunelveli,West,Clothing,Jacket,19587.62,6.67,3342.44,1,Cash,2025-04-08
6272,Julie Mitchell,Tirunelveli,East,Sports,Football,13796.36,11.94,808.28,9,Cash,2024-12-12
6273,Derrick Larson,Coimbatore,North,Groceries,Snacks,11999.75,2.66,701.44,5,Card,2025-11-11
6274,Randy Richardson,Tirunelveli,South,Electronics,Headphones,14945.53,13.29,1182.78,7,Net Banking,2024-05-17
6275,Krystal English,Chennai,East,Electronics,Laptop,19897.02,5.42,4676.11,3,Card,2025-01-12
6276,Raymond Blair,Coimbatore,East,Groceries,Rice,20289.47,24.66,3453.8,4,Net Banking,2025-03-23
6277,Scott Turner,Madurai,East,Furniture,Sofa,16090,20.93,1563.31,4,UPI,2024-08-23
6278,Tanya Browning,Tirunelveli,North,Furniture,Cupboard,42868.31,3.23,5455.78,8,Net Banking,2024-05-28
6279,Benjamin Frank,Madurai,North,Clothing,Jeans,31931.83,1.71,3352.81,7,Card,2024-07-06
6280,Joanna Shea,Coimbatore,North,Sports,Cricket Bat,14678.26,26.55,1839.08,4,Net Banking,2024-07-31
6281,Aaron Gibson,Madurai,West,Furniture,Table,13110.35,0.18,1557.68,2,Net Banking,2024-09-08
6282,Michael Davis,Chennai,North,Clothing,Jeans,40906.18,20.04,6698.16,8,Card,2025-07-12
6283,Joshua Wallace,Tirunelveli,South,Electronics,Smart Watch,20690.46,11.08,3527.9,10,Cash,2025-10-04
6284,Nathaniel Carpenter,Salem,South,Electronics,Headphones,34717.25,19.79,8518.36,1,UPI,2024-05-07
6285,Patricia Campbell,Chennai,East,Groceries,Oil,15533.18,13.57,2790.45,2,Card,2024-06-28
6286,Joel Cox,Coimbatore,East,Clothing,Kurti,10841.18,21.94,2443.55,4,Cash,2025-09-23
6287,Lisa Brown,Salem,North,Furniture,Cupboard,18009.51,18.64,1148.8,7,Card,2025-03-25
6288,Mercedes Bradford,Trichy,East,Groceries,Rice,4034.66,29.55,592.76,1,Net Banking,2025-03-19
6289,Meghan Chapman,Madurai,South,Sports,Football,40323.68,9.12,3473.19,3,UPI,2025-10-08
6290,Julie Mann,Coimbatore,North,Clothing,Kurti,35314.9,13.93,2784.56,9,Cash,2024-06-11
6291,Jason Conrad,Madurai,South,Electronics,Mobile,14052.26,23.79,2298.1,10,Net Banking,2025-03-24
6292,William Mcguire,Trichy,South,Electronics,Headphones,44256.48,14.78,8948.96,3,Card,2024-07-20
6293,Karen Neal,Madurai,East,Clothing,Kurti,8507.7,7.23,1451.76,1,Net Banking,2025-01-10
6294,Beth Thomas,Salem,East,Electronics,Laptop,41691.53,4.11,9130.8,7,UPI,2024-12-09
6295,Derrick Hanson,Chennai,South,Clothing,Jeans,7274.06,5.93,1399.59,3,Net Banking,2024-09-11
6296,Sarah Mullins,Coimbatore,West,Furniture,Table,16586.96,6.9,2557.36,4,Net Banking,2024-07-16
6297,Leslie Obrien,Madurai,South,Electronics,Smart Watch,14166.26,8.06,2273.3,10,Card,2025-12-02
6298,Curtis Vaughn,Trichy,North,Groceries,Rice,44778.19,9.85,10336.39,3,Cash,2025-06-23
6299,Laura Franklin,Trichy,West,Clothing,Jacket,39281.46,11.02,3945.78,7,Card,2024-05-23
6300,Taylor Bell,Tirunelveli,North,Clothing,T-Shirt,29824.62,10.81,6536.24,3,Net Banking,2024-07-29
6301,Lauren Miller,Coimbatore,North,Clothing,Jacket,8749.67,22.86,1413.95,4,Cash,2025-11-06
6302,Michael Carter,Coimbatore,North,Electronics,Headphones,42960.06,10.91,8437.13,5,UPI,2025-01-08
6303,Cynthia Nixon,Chennai,South,Furniture,Chair,15051.77,14.93,1221.91,6,Card,2025-02-01
6304,Mr. Mark Willis,Chennai,West,Clothing,Kurti,24676.18,4.52,5897.17,5,Net Banking,2024-09-19
6305,Kim Gonzalez,Chennai,East,Furniture,Sofa,13600.1,26.05,2281.78,6,Card,2025-01-07
6306,Karen Smith,Salem,North,Furniture,Chair,32392.59,22.15,5812.55,9,Cash,2024-01-27
6307,John Brown,Trichy,West,Groceries,Rice,27096.23,3.84,3102.06,9,UPI,2024-06-10
6308,Timothy Ellison,Coimbatore,South,Groceries,Milk,12509.17,24.48,1024.92,4,Card,2024-05-16
6309,Katrina Ford,Chennai,North,Sports,Gym Bag,38934.46,2.9,5484.29,1,Card,2025-12-22
6310,Dr. Debbie Stewart,Tirunelveli,East,Sports,Gym Bag,1394.49,3.11,94.77,8,Card,2025-08-20
6311,Melissa Perez,Trichy,North,Electronics,Mobile,20893.81,8.77,4616.98,8,Net Banking,2025-08-20
6312,Ann Smith,Salem,North,Sports,Football,10795.11,9.75,1549.15,3,Cash,2024-01-16
6313,Courtney Steele,Coimbatore,South,Furniture,Chair,26050.02,4.45,5010.39,8,Card,2024-12-21
6314,Karen Avila,Chennai,West,Electronics,Headphones,20144.57,19.55,2530.33,7,Net Banking,2024-10-13
6315,Brittany Moore,Madurai,West,Sports,Cricket Bat,14127.54,5.33,1072.39,4,Card,2025-01-04
6316,Alexis Jensen,Tirunelveli,West,Clothing,T-Shirt,26004.41,27.22,4213.95,6,Net Banking,2025-05-06
6317,Christopher Baker,Madurai,North,Groceries,Oil,7155.76,0.44,1322.16,10,Net Banking,2025-05-25
6318,Brian Howell,Chennai,North,Furniture,Table,17521.38,29.34,3660.48,9,Net Banking,2024-01-16
6319,Elizabeth Baker,Madurai,South,Electronics,Mobile,22582.26,5.63,3948.27,9,Card,2025-05-17
6320,Eileen Sanchez,Chennai,North,Clothing,Jeans,25449.39,0.7,5659.74,4,UPI,2025-06-22
6321,Bruce Martin,Tirunelveli,East,Furniture,Table,39607.95,5.39,3099.74,5,Net Banking,2025-03-23
6322,Victoria Roberson,Chennai,East,Clothing,T-Shirt,38837.21,8.63,8364.87,3,Cash,2025-10-11
6323,Douglas Nichols,Salem,West,Electronics,Laptop,25648.44,12.02,1905.41,4,Card,2025-10-10
6324,Susan Key,Tirunelveli,West,Sports,Gym Bag,46320.35,20.7,6869.79,9,Cash,2025-08-16
6325,Amy Evans,Chennai,North,Clothing,Kurti,22041.62,16.63,3521.77,5,Cash,2025-01-14
6326,Jerry Green,Trichy,North,Furniture,Sofa,29721.94,3.85,7013.81,10,UPI,2024-06-30
6327,Christopher Blair,Madurai,North,Groceries,Oil,32924.09,14.27,5638.41,1,Net Banking,2024-03-04
6328,Daniel Murphy,Tirunelveli,South,Sports,Cricket Bat,35413.99,2.03,3424.22,5,UPI,2024-07-14
6329,Fred Howell,Trichy,North,Electronics,Headphones,42520.73,12.18,8209.5,5,Net Banking,2025-12-22
6330,Rebecca Ramirez,Madurai,West,Electronics,Laptop,5974.38,17.94,466.12,6,Cash,2024-08-23
6331,Justin Hernandez,Tirunelveli,West,Sports,Cricket Bat,45162.51,0.22,5627.77,8,Cash,2024-03-17
6332,John Barber,Coimbatore,West,Sports,Football,40832.1,16.46,10196.16,2,Net Banking,2025-09-25
6333,Frank Hopkins,Coimbatore,West,Groceries,Oil,5805.85,21.74,740.75,8,UPI,2024-02-07
6334,Tammy Mcdowell,Salem,North,Sports,Cricket Bat,5449.01,27.04,1328.4,7,UPI,2024-07-30
6335,Derek Barrett,Tirunelveli,East,Groceries,Oil,19094.74,10.11,2079.39,3,Card,2025-02-05
6336,Jennifer Miller,Coimbatore,North,Clothing,Kurti,31082.35,10.16,5345.99,5,Card,2025-11-19
6337,Angel Campos,Salem,East,Groceries,Snacks,32527.24,28.94,4240.59,3,Card,2024-06-22
6338,Dr. Katie Morales,Tirunelveli,West,Furniture,Sofa,7625.88,27.77,614.97,7,UPI,2025-09-12
6339,Sean Jones,Chennai,West,Clothing,Kurti,2230.46,26.44,207.98,3,Cash,2024-04-30
6340,Thomas Jones,Madurai,East,Sports,Gym Bag,19069.63,18.58,4432.1,1,Cash,2025-05-27
6341,Alexa Young,Salem,East,Sports,Cricket Bat,12113.6,26.63,2436.51,3,UPI,2025-09-16
6342,Steven Ortiz,Tirunelveli,North,Furniture,Cupboard,41263.77,17.81,6078.04,7,Cash,2024-07-02
6343,Thomas Washington,Tirunelveli,North,Furniture,Sofa,23752.22,9.03,5442.46,8,Net Banking,2024-09-08
6344,Amanda Dickson,Chennai,West,Groceries,Oil,15177.68,26.25,3464.6,7,Card,2025-12-18
6345,Jennifer Lewis,Tirunelveli,North,Groceries,Snacks,15289.13,21.21,1888.78,5,UPI,2025-06-11
6346,Joan Carney,Salem,North,Groceries,Snacks,17633.57,24.56,3195.42,8,Net Banking,2025-03-28
6347,Rose Santiago,Chennai,South,Sports,Cricket Bat,17225.98,13.99,1627.38,5,Card,2025-08-31
6348,Jennifer Harrison,Coimbatore,North,Furniture,Cupboard,43918.96,7.1,8918.24,1,Cash,2024-08-26
6349,Lisa Torres,Salem,West,Clothing,Jacket,36960.28,13.39,4762.7,9,Card,2024-12-14
6350,Gregory Ramos,Chennai,East,Sports,Gym Bag,40473.01,29.26,3253.42,7,Card,2024-09-16
6351,Rhonda Ortega,Salem,South,Sports,Football,42497.81,9.28,2646.28,3,UPI,2024-02-14
6352,Michael Johnson,Coimbatore,East,Groceries,Oil,23842.4,18.51,1217.42,3,UPI,2024-09-24
6353,Jason Perez,Salem,East,Furniture,Sofa,35045.95,0.22,3080.41,10,Card,2025-01-16
6354,Joseph Miller,Trichy,West,Clothing,Jacket,2355.22,28.15,565.78,4,Net Banking,2025-06-11
6355,Randy Woods,Salem,West,Furniture,Table,9113.74,15.55,1662.77,5,Net Banking,2024-04-03
6356,Brian Garcia,Trichy,North,Groceries,Snacks,560.47,19.7,113.49,5,Card,2024-01-12
6357,Matthew Cook,Salem,West,Electronics,Headphones,3284.29,25.92,653.25,10,Card,2024-06-16
6358,Mary Montes,Chennai,North,Electronics,Laptop,15905.01,2.59,2629.32,1,UPI,2025-02-05
6359,Steven Neal,Madurai,South,Electronics,Smart Watch,23440.62,18.54,1398.16,5,UPI,2025-03-14
6360,Vincent Brown,Madurai,East,Electronics,Mobile,42826.13,28.76,6943.18,10,Card,2024-11-07
6361,Aaron Fields,Madurai,East,Clothing,Kurti,31860.29,8.42,5615.52,8,Net Banking,2024-02-04
6362,Thomas Shepherd,Chennai,East,Sports,Shoes,33258.24,19.94,2706.79,1,Card,2024-02-23
6363,Christina Young,Chennai,East,Sports,Shoes,2164.94,29.56,305.12,8,UPI,2024-02-18
6364,Lori Brown,Trichy,South,Groceries,Snacks,32113.22,8.45,6609.1,4,Cash,2025-09-13
6365,April Conner,Madurai,West,Groceries,Milk,37862.2,19.59,2957.14,7,Card,2025-10-04
6366,Micheal Cook,Chennai,South,Clothing,Kurti,29045.57,2.11,1550.64,2,Cash,2025-08-14
6367,Patricia Watts,Trichy,North,Clothing,T-Shirt,20286.62,5.61,2216.11,10,Card,2024-01-02
6368,Misty Carter,Coimbatore,South,Groceries,Rice,33949.78,24.5,6196.77,2,Card,2024-10-04
6369,Tyler Bridges,Madurai,North,Clothing,Jeans,39778.03,5.63,8938.22,3,Net Banking,2025-08-19
6370,Kim Clark,Coimbatore,East,Groceries,Snacks,16839.93,23.35,3640.3,6,Card,2024-07-19
6371,Richard Whitehead,Chennai,South,Furniture,Sofa,21442.33,26.82,3532.25,5,Cash,2024-09-15
6372,Martin Schaefer,Chennai,West,Groceries,Milk,45217.48,2.32,7768.09,10,Card,2024-12-29
6373,Hannah Church,Tirunelveli,East,Clothing,T-Shirt,8649.55,7.58,1435.9,6,UPI,2024-04-14
6374,Mr. Jason Wilson,Tirunelveli,East,Furniture,Chair,42616.91,0.51,9652.85,1,UPI,2025-10-29
6375,Scott Russell,Chennai,South,Sports,Gym Bag,8422.5,23.72,1225.06,4,UPI,2025-03-15
6376,Jason Harris,Chennai,East,Clothing,Jeans,38642.9,18.84,2387.79,10,Net Banking,2024-11-23
6377,Robin Orozco,Coimbatore,West,Clothing,Jeans,15102.55,25.58,856.91,10,Net Banking,2024-08-28
6378,Kerry Tyler,Coimbatore,North,Groceries,Rice,38017.55,10.06,2652.12,7,Net Banking,2025-08-07
6379,Gregory Dean,Tirunelveli,East,Groceries,Oil,14831.69,26.5,835.9,2,Cash,2024-08-28
6380,Shannon White,Coimbatore,East,Clothing,Kurti,4870.15,10.92,507.64,4,Cash,2025-11-02
6381,Larry Brown,Tirunelveli,South,Furniture,Sofa,7543.97,5.4,673.76,6,Card,2025-06-23
6382,Sean Walker,Madurai,West,Electronics,Headphones,3428.72,27.2,449.3,2,UPI,2024-03-24
6383,Pamela Graham,Salem,North,Sports,Cricket Bat,20773.1,4.3,3277.02,4,Card,2024-10-18
6384,Sarah Simpson,Salem,North,Groceries,Oil,14190.72,28.67,2058.46,8,UPI,2024-11-19
6385,Daniel Wilkinson,Tirunelveli,East,Electronics,Mobile,48096.48,6.2,9053.39,10,UPI,2024-10-02
6386,Carolyn Klein,Salem,South,Groceries,Snacks,28496.19,13.33,7028.76,5,Cash,2024-07-12
6387,Christopher Schmidt,Chennai,East,Electronics,Laptop,8303.89,9.71,1913.63,8,Cash,2025-06-09
6388,Stephanie Martinez,Tirunelveli,North,Electronics,Headphones,46931.8,24.41,5082.63,2,Net Banking,2024-03-16
6389,Rebecca Perez,Coimbatore,South,Sports,Cricket Bat,9367.69,1.84,1925.91,1,Cash,2025-05-15
6390,Michele Smith,Madurai,North,Clothing,Jeans,10132.1,23.12,1288.23,7,Cash,2024-08-13
6391,Jamie Conner,Salem,East,Furniture,Chair,35628.64,23.93,8395.53,4,Net Banking,2025-10-27
6392,Craig Rios,Coimbatore,East,Sports,Cricket Bat,44727.91,8.75,7048.88,6,Cash,2025-10-09
6393,Brent Blankenship,Coimbatore,West,Furniture,Sofa,28866.65,14.77,2375.62,1,Card,2024-12-24
6394,Marcia Ramirez,Salem,South,Electronics,Headphones,19999.78,24.09,1566.54,10,Card,2025-04-25
6395,Dr. Douglas Daniel,Salem,North,Clothing,T-Shirt,45048.61,17.1,7445.99,7,Net Banking,2024-04-22
6396,Shari Brown,Chennai,West,Groceries,Milk,1152.03,4.25,220.1,5,Net Banking,2024-01-09
6397,Keith Jackson,Trichy,West,Electronics,Laptop,8188.69,26.26,778.8,6,Net Banking,2025-04-28
6398,Lori Young,Coimbatore,West,Clothing,T-Shirt,5980.58,28.99,323.47,7,Cash,2025-11-28
6399,Lisa Fleming,Madurai,North,Clothing,Jacket,17738.78,5.49,3114.13,2,Net Banking,2025-11-15
6400,Justin English,Salem,South,Furniture,Sofa,48822.86,17.75,8260.19,1,Card,2025-06-16
6401,Duane Matthews,Trichy,East,Groceries,Snacks,11431.2,14.24,1535.6,6,Cash,2024-08-26
6402,John Castro,Trichy,West,Furniture,Cupboard,17555.51,22.74,1108.44,6,Card,2025-02-27
6403,Brandon Mclaughlin,Tirunelveli,South,Sports,Cricket Bat,44050.86,15.45,7875.16,8,Card,2025-07-21
6404,Victoria Watson,Madurai,East,Clothing,Kurti,26477.1,0.46,3477.17,4,UPI,2025-06-02
6405,Zachary Carpenter,Coimbatore,South,Electronics,Smart Watch,6679.61,29.81,424,1,Cash,2025-09-06
6406,Patrick Sexton,Trichy,North,Clothing,Jeans,28762.56,27.98,4918.25,7,Card,2024-12-08
6407,Karen Jones,Tirunelveli,West,Groceries,Oil,30341.86,25.78,5383.78,8,Cash,2025-02-02
6408,Melissa Barnes,Trichy,East,Electronics,Mobile,47434.74,9.42,3806.35,2,Cash,2024-03-06
6409,James Conrad,Trichy,West,Furniture,Sofa,9735.65,8.76,778.47,9,UPI,2025-02-12
6410,Raymond Sullivan,Tirunelveli,South,Electronics,Headphones,23343.07,11.08,3860.95,2,Card,2025-10-26
6411,Felicia Fischer,Chennai,East,Clothing,Kurti,3787.54,24.6,209.53,6,UPI,2025-12-06
6412,Lisa Martin,Salem,South,Electronics,Mobile,31250.85,15.67,2640.48,6,Cash,2025-01-16
6413,Sylvia Rodriguez,Salem,East,Furniture,Table,25992.73,28.78,3538.53,3,Net Banking,2024-05-13
6414,Michael Jones,Chennai,South,Clothing,T-Shirt,9085.46,24.41,995.62,2,UPI,2025-08-07
6415,Jennifer Smith,Trichy,East,Furniture,Chair,39594,22.33,5931.23,5,Card,2024-03-21
6416,Donna Coleman,Salem,East,Electronics,Headphones,20924.64,17.32,3829.73,2,UPI,2024-06-17
6417,William Wood,Salem,West,Furniture,Chair,9298.96,13.81,2256.85,3,Cash,2024-12-09
6418,Guy Moore,Chennai,North,Electronics,Smart Watch,23818.88,3.15,3488.22,1,Cash,2025-04-05
6419,Michelle Johnson,Madurai,West,Groceries,Rice,37262.44,19.49,8259.74,5,Cash,2024-02-14
6420,Sean Winters,Tirunelveli,East,Furniture,Chair,43243.74,12.13,4106.18,2,UPI,2024-02-01
6421,Amy Whitaker,Tirunelveli,South,Furniture,Table,44322.31,25.46,9892.15,7,Card,2024-07-31
6422,Jessica Wyatt,Coimbatore,North,Electronics,Smart Watch,19569.13,10.72,3744.2,4,Cash,2024-11-02
6423,Jenna Collins,Tirunelveli,South,Groceries,Milk,20530.5,4.51,2383.44,7,Net Banking,2024-06-14
6424,Kevin Bentley,Salem,West,Furniture,Table,9888.14,7.34,1900.55,6,UPI,2025-07-12
6425,Michael Hall,Salem,East,Groceries,Snacks,39864.52,23.57,7181.1,10,Cash,2025-05-12
6426,Jessica Soto,Salem,North,Electronics,Smart Watch,11849.6,3.21,2839.27,4,Cash,2025-06-07
6427,Justin Guerrero,Madurai,East,Furniture,Cupboard,38382.11,17.39,2830.94,10,Card,2024-09-12
6428,Casey Bradley,Trichy,East,Sports,Cricket Bat,24541.62,17.9,5009.27,9,UPI,2025-01-26
6429,Sabrina Gentry,Salem,West,Sports,Football,8344.4,24.84,1710.85,1,Card,2025-03-17
6430,Donna Montes,Trichy,East,Furniture,Chair,2641.81,21.48,577.1,8,Card,2024-03-02
6431,Francisco Ortiz,Coimbatore,West,Clothing,T-Shirt,13170.21,19.27,2854.46,3,Net Banking,2024-10-05
6432,Sean Cherry,Salem,North,Electronics,Headphones,44837.39,26.52,2243.73,4,Net Banking,2024-01-03
6433,Jennifer Butler,Salem,West,Clothing,Jeans,42562.58,3.57,6415.24,2,UPI,2024-07-23
6434,Katherine Perez,Trichy,South,Electronics,Mobile,18066.56,2.82,1189.82,7,UPI,2025-03-20
6435,Keith Blake MD,Chennai,East,Furniture,Cupboard,41899.09,11.29,8760.74,7,Net Banking,2025-07-22
6436,Amy Collins,Madurai,South,Electronics,Smart Watch,5848.51,13.55,1455.05,4,UPI,2024-12-22
6437,Michael Lewis,Madurai,South,Clothing,Kurti,3678.72,4.66,499.54,7,Net Banking,2025-12-21
6438,Justin Mendoza,Salem,North,Sports,Gym Bag,37660.84,11.4,9092.75,3,Card,2024-12-11
6439,Ms. Jacqueline Spears,Trichy,North,Groceries,Oil,27627.08,21.71,3340.33,7,Net Banking,2024-04-10
6440,Brian Rodriguez,Salem,East,Clothing,Kurti,34752.64,15.7,4406.01,10,UPI,2025-01-31
6441,Maria Lawrence,Madurai,South,Furniture,Table,48924.73,16.07,7033.16,1,Card,2025-01-08
6442,Wesley Smith,Tirunelveli,West,Groceries,Milk,16601.41,5.21,1026.35,3,Cash,2025-12-13
6443,Michele Fritz,Trichy,West,Groceries,Rice,30791.02,27.16,5240.7,5,Cash,2025-08-21
6444,Jane Hopkins,Trichy,North,Furniture,Cupboard,18360.47,3.77,1553.82,1,Cash,2025-03-07
6445,Sabrina Bishop,Salem,East,Clothing,Jeans,16738.42,23.74,3297.3,2,Card,2024-05-01
6446,Omar Snow,Chennai,East,Electronics,Headphones,6977.76,21.24,590.11,4,Net Banking,2025-08-28
6447,Richard Butler,Coimbatore,East,Sports,Cricket Bat,35125.93,23.04,6892.74,1,Cash,2024-12-16
6448,Brenda Gregory,Coimbatore,West,Electronics,Smart Watch,2199.31,13.55,440.39,5,Cash,2024-01-14
6449,Brenda Benjamin,Tirunelveli,West,Clothing,Jeans,35259.78,8.38,5850.44,3,Card,2024-05-11
6450,Christina Delacruz,Tirunelveli,South,Electronics,Headphones,20532.75,3.56,4762.38,6,Cash,2025-01-23
6451,Darius Reid,Trichy,West,Sports,Cricket Bat,15216.95,26.93,1884.76,3,Cash,2025-11-12
6452,Dawn Hall,Coimbatore,North,Groceries,Rice,23334.75,17.08,1323.38,7,Net Banking,2025-05-25
6453,John Cox,Chennai,East,Groceries,Oil,21738.82,23.24,1861.23,6,Cash,2024-10-01
6454,Darrell Torres,Coimbatore,South,Sports,Shoes,17642.29,12.35,3837.58,1,Cash,2024-04-29
6455,Martin Smith,Salem,South,Clothing,Jeans,48121.34,25.56,10602.42,6,UPI,2024-07-11
6456,April Baker,Coimbatore,West,Groceries,Snacks,31187.33,20.36,3878.52,2,UPI,2025-03-30
6457,Timothy Russell,Chennai,South,Furniture,Chair,41137.75,15.25,7586.37,5,Card,2025-09-10
6458,Amanda Nixon,Tirunelveli,North,Clothing,Jacket,38564.47,4.15,6185.66,2,Net Banking,2024-12-11
6459,Suzanne Walker,Tirunelveli,South,Sports,Football,2117.71,27.54,320.17,10,Card,2024-01-19
6460,Samantha Thompson,Trichy,East,Clothing,Jeans,681.79,12.52,119.35,3,Card,2025-12-16
6461,Lori Edwards,Salem,West,Groceries,Oil,30927.21,24.8,2659.48,6,UPI,2025-06-15
6462,Frances Clark,Chennai,West,Furniture,Chair,36456.97,15.17,1886.2,2,Card,2025-09-20
6463,Martin Mack,Tirunelveli,West,Electronics,Mobile,41244.66,7.97,5906.69,5,Net Banking,2025-05-15
6464,Kathleen Gillespie MD,Salem,North,Sports,Cricket Bat,22882.73,5.29,5320.5,6,Net Banking,2025-04-10
6465,James Terry,Tirunelveli,South,Electronics,Mobile,19439.19,0.97,3979.68,7,Card,2024-11-08
6466,Rhonda Thomas,Tirunelveli,South,Sports,Football,9402.71,26.49,1484.53,7,Net Banking,2024-08-23
6467,Monica Griffin,Coimbatore,South,Furniture,Cupboard,41411.91,29.48,2621.6,1,Net Banking,2025-08-18
6468,Paul Williams,Tirunelveli,North,Groceries,Snacks,3075.1,27.19,421.94,7,UPI,2024-03-17
6469,Rachel Lloyd,Coimbatore,West,Groceries,Milk,39622.09,20.67,9294.01,3,UPI,2025-02-24
6470,Amanda Garcia,Madurai,South,Groceries,Milk,7649.15,24.69,396.33,6,Cash,2025-12-10
6471,Ronald Hunt DDS,Chennai,East,Furniture,Sofa,11865.32,20.01,2783.92,6,Card,2025-09-23
6472,Reginald Ward,Tirunelveli,North,Furniture,Table,24516.9,29.34,1947.34,2,UPI,2024-02-07
6473,Laura Todd,Chennai,North,Electronics,Smart Watch,27938.95,16.71,4942.37,7,Card,2024-11-04
6474,Mark Jordan,Chennai,North,Groceries,Snacks,15306.13,20.59,898.08,5,Card,2025-07-24
6475,Victoria Gonzalez,Salem,South,Clothing,Kurti,10463.8,12.18,2145.46,4,UPI,2025-02-11
6476,Deborah Brown,Salem,West,Groceries,Oil,42686.04,6.41,9862.88,4,UPI,2025-04-23
6477,Jennifer Johnson,Trichy,South,Electronics,Mobile,3491.73,19.69,678.66,5,Card,2025-05-01
6478,Melanie Wilson,Salem,South,Furniture,Table,29353.34,21.14,1491.6,2,Cash,2024-07-26
6479,Heather Soto,Chennai,North,Sports,Cricket Bat,46456.59,20.3,4252.85,9,Cash,2025-05-14
6480,Jessica Lozano,Chennai,East,Groceries,Rice,11802.89,6.56,970.26,3,Net Banking,2025-10-13
6481,Jessica Sweeney,Tirunelveli,West,Clothing,T-Shirt,46497.35,11.93,5615.04,2,Card,2024-03-03
6482,Raymond White,Salem,North,Electronics,Laptop,15117.64,25.97,1716.28,10,Cash,2024-04-03
6483,Travis Olson,Salem,South,Sports,Shoes,33282.18,23.17,2463.7,9,Card,2024-09-19
6484,Jeffrey Allen,Chennai,East,Groceries,Milk,21835.02,6.19,3231.59,4,UPI,2025-05-15
6485,Michelle Jackson,Tirunelveli,West,Sports,Cricket Bat,9383.79,29.71,892.45,5,Cash,2025-06-16
6486,Justin Ayala,Chennai,North,Electronics,Laptop,28690.49,21.01,6421.01,2,UPI,2025-08-10
6487,Amanda Parker,Coimbatore,West,Groceries,Milk,26548.66,20.31,1613.71,6,Net Banking,2025-12-13
6488,Gina Rose,Trichy,North,Clothing,Jacket,1476.16,14.85,188.46,3,Net Banking,2024-03-24
6489,Matthew Flores,Tirunelveli,North,Clothing,T-Shirt,4038.2,14.17,669.24,8,Cash,2024-03-01
6490,Jack Payne,Tirunelveli,West,Clothing,Jacket,45968.97,28.81,4193.65,5,Cash,2025-10-15
6491,John Thompson MD,Salem,South,Clothing,T-Shirt,49227.84,20.26,11970.32,5,UPI,2025-01-16
6492,George Blanchard,Madurai,East,Sports,Shoes,24389.31,20.4,2153.73,6,Card,2025-02-25
6493,Tyler Douglas,Coimbatore,East,Furniture,Table,25074.12,12.33,2037.86,6,Net Banking,2025-04-19
6494,Ashley Jackson,Chennai,South,Clothing,Kurti,28972.82,3.14,4422.73,10,Card,2025-07-20
6495,Lauren Pham,Madurai,North,Electronics,Mobile,26703.46,7.43,4627.55,6,Card,2025-10-05
6496,Tasha Turner,Chennai,South,Furniture,Cupboard,22023.94,27.02,3542.83,2,UPI,2025-02-08
6497,Sara Ferguson,Chennai,South,Clothing,Kurti,21378.71,28.11,3715.62,9,UPI,2024-04-04
6498,Jacob Phillips,Salem,West,Furniture,Chair,3382.37,22.39,457.54,9,Cash,2025-01-25
6499,Daniel Lamb,Tirunelveli,East,Electronics,Mobile,26284.96,11.82,2143.19,3,Card,2024-04-28
6500,Amber Schwartz,Coimbatore,East,Groceries,Milk,38877.4,25.56,8196.48,7,UPI,2025-12-26
6501,Kristina Brooks,Chennai,South,Clothing,Kurti,7979.65,1.48,1132.02,9,Net Banking,2025-10-14
6502,Olivia Smith,Madurai,North,Furniture,Table,2807.01,4.16,490.87,1,Card,2024-02-22
6503,Ann Webb,Coimbatore,North,Electronics,Smart Watch,22565.15,16.42,1929.58,7,Cash,2024-09-04
6504,Rita Knight,Madurai,East,Sports,Gym Bag,35428.66,4.66,4690.16,9,UPI,2024-08-30
6505,Anthony Pope,Salem,East,Electronics,Mobile,9715.16,28.28,748.59,10,Net Banking,2024-03-31
6506,Anthony Richardson,Coimbatore,North,Electronics,Laptop,46969.22,22.22,5528.95,1,Net Banking,2024-05-28
6507,Cole Montgomery,Coimbatore,North,Clothing,T-Shirt,19661.67,2.86,1117.35,4,UPI,2024-03-29
6508,Alexis Silva,Chennai,East,Sports,Football,20807.3,9.5,3227.81,10,Cash,2024-11-24
6509,Leon Washington,Madurai,East,Furniture,Chair,5805.15,16.42,1342.11,2,UPI,2024-04-21
6510,Mary Martin,Chennai,South,Furniture,Cupboard,11273.77,20.3,759.27,6,UPI,2025-08-27
6511,Amanda Jordan,Tirunelveli,West,Groceries,Oil,26446.9,10.25,5199.96,9,Cash,2024-09-18
6512,Sarah Rodriguez,Salem,North,Sports,Shoes,41188.21,19.22,10239.79,6,Net Banking,2024-01-21
6513,Jerry Adams PhD,Chennai,South,Clothing,T-Shirt,35085.06,23.83,3687.32,3,UPI,2025-02-06
6514,Jason Torres,Chennai,West,Electronics,Headphones,44444.96,27.25,9214.87,7,Net Banking,2024-06-17
6515,Gabriel Aguilar,Madurai,South,Groceries,Rice,11232.03,19.02,988.33,4,Card,2024-02-13
6516,James Jones,Chennai,East,Sports,Cricket Bat,15724.98,26.41,1354.29,9,UPI,2024-12-11
6517,Gary Cruz,Coimbatore,South,Clothing,T-Shirt,42160.89,12.38,3770.53,7,UPI,2024-11-07
6518,Mike Wolfe,Tirunelveli,West,Sports,Gym Bag,21990.97,25.64,4736.17,2,Card,2025-03-02
6519,Kayla Collins,Salem,North,Sports,Gym Bag,37699.7,22.71,5519.48,7,UPI,2024-12-21
6520,Douglas Cole,Madurai,East,Furniture,Table,17577.6,7.7,3781.83,3,Cash,2025-04-25
6521,Mariah Sherman,Madurai,South,Groceries,Milk,18332.38,20.81,1681.65,2,Cash,2024-04-16
6522,Richard Thompson,Madurai,East,Clothing,Jeans,5819.9,23.94,737.3,5,Cash,2024-12-07
6523,David Mckinney,Trichy,West,Sports,Football,32484.5,2.4,5239.91,9,UPI,2025-10-04
6524,Karen Ware,Trichy,East,Clothing,T-Shirt,18053.99,9.66,3908.79,7,Cash,2025-06-27
6525,Jennifer Harris,Tirunelveli,West,Sports,Football,17525.38,10.76,3888.1,5,UPI,2024-11-27
6526,Tammy Reyes,Coimbatore,East,Sports,Football,42443.8,22.33,7419.32,9,Net Banking,2024-11-10
6527,Timothy Carr,Salem,North,Clothing,T-Shirt,22375.55,2.85,3830.81,2,Card,2024-02-17
6528,Jody Russell,Madurai,North,Groceries,Snacks,14605.43,13.3,2052.78,1,Net Banking,2024-10-13
6529,Desiree Henry,Coimbatore,West,Groceries,Rice,43650.14,14.06,8620.16,10,UPI,2024-10-27
6530,Phillip Cain,Madurai,West,Electronics,Laptop,4044.66,22.69,248.3,3,UPI,2025-01-13
6531,Monica Black,Trichy,East,Sports,Cricket Bat,23599.9,26.4,4790.58,10,Card,2025-08-17
6532,Sierra Moore,Trichy,North,Clothing,Jeans,40836.76,2.93,3599.94,8,Card,2025-10-15
6533,Samuel Hicks,Trichy,East,Furniture,Sofa,21496.11,27.25,3444.41,5,Card,2024-12-11
6534,Mark Moore,Coimbatore,West,Groceries,Rice,41111.41,11.1,7741.12,9,Net Banking,2025-02-22
6535,Rebecca Ford,Salem,East,Electronics,Smart Watch,32639.06,7.2,6492.9,1,UPI,2024-12-11
6536,Timothy Perez,Coimbatore,North,Sports,Cricket Bat,12321.21,16.33,1967.89,5,Cash,2025-06-24
6537,Linda Romero,Tirunelveli,East,Furniture,Sofa,9005.33,26.8,2199.96,3,Net Banking,2024-10-19
6538,Gary Moore,Madurai,East,Sports,Football,47052.49,2.46,9218.69,9,UPI,2024-09-19
6539,Mitchell Leach,Madurai,East,Electronics,Laptop,34500.24,8,8032.84,8,Cash,2024-05-18
6540,Sherry Reyes,Salem,South,Furniture,Cupboard,40697.77,13.97,5182.98,3,Cash,2024-11-13
6541,April York,Trichy,South,Electronics,Headphones,17682.92,3.28,1893.37,1,UPI,2024-01-28
6542,Holly Brewer,Salem,South,Electronics,Smart Watch,49186.59,5.58,11409.3,5,UPI,2024-07-26
6543,Amanda Joyce,Salem,North,Furniture,Sofa,36222.74,19.58,6335.96,10,UPI,2025-06-16
6544,Jonathan Jimenez,Tirunelveli,North,Clothing,T-Shirt,30542.12,7.92,7387.73,4,Net Banking,2024-05-23
6545,Jennifer Baker,Tirunelveli,West,Furniture,Chair,16759.75,8.87,1638.45,2,Cash,2025-11-14
6546,Richard Quinn,Trichy,West,Furniture,Sofa,41248.05,10.88,2294.05,7,Cash,2025-07-24
6547,Adam Fox,Tirunelveli,South,Electronics,Smart Watch,21130.89,19.01,1842.62,9,UPI,2025-04-05
6548,Rachel Collins,Madurai,North,Groceries,Oil,28370.34,23.17,2442.18,10,Cash,2025-08-29
6549,Deborah Daniels,Trichy,North,Electronics,Headphones,6411.16,22.27,1349.48,4,UPI,2025-01-24
6550,Michael Estrada,Coimbatore,North,Electronics,Mobile,2777.85,7.54,430.79,8,Card,2025-10-09
6551,Courtney Cole,Tirunelveli,North,Sports,Cricket Bat,9369.31,8.29,603.72,8,Net Banking,2024-11-10
6552,Terry Adams,Trichy,North,Groceries,Oil,14131.56,18.5,893.33,5,UPI,2025-01-07
6553,Gregory Kennedy,Coimbatore,North,Groceries,Oil,46933.93,8.08,7614.99,7,UPI,2025-10-18
6554,John Sharp,Trichy,South,Electronics,Smart Watch,27387.27,8.97,3714.98,1,Net Banking,2024-01-04
6555,Maxwell Edwards,Tirunelveli,West,Groceries,Rice,3702.02,15.23,330.63,5,Net Banking,2024-07-07
6556,Angela Salazar,Coimbatore,North,Furniture,Table,43095.8,12.89,6786.05,5,Net Banking,2025-01-17
6557,Bryan Peterson,Trichy,North,Electronics,Headphones,2958.1,8.11,386.62,4,Card,2025-09-29
6558,Jake Romero,Madurai,West,Furniture,Cupboard,22779.11,13.64,5501.64,3,UPI,2025-09-28
6559,Brian Jones,Coimbatore,West,Groceries,Oil,27265.06,22.25,5022.24,4,Card,2025-03-24
6560,Julie Simmons,Madurai,South,Furniture,Sofa,30075.58,8.3,5082.03,2,Cash,2024-04-21
6561,Deanna Washington,Trichy,West,Electronics,Smart Watch,36516.23,16.73,7020.8,6,Cash,2025-12-12
6562,Taylor Sanford,Salem,South,Groceries,Rice,33210.57,26.57,2772.33,3,Net Banking,2025-08-09
6563,Jordan Dudley,Madurai,North,Electronics,Headphones,43183.83,24.24,8733.68,7,Net Banking,2024-12-29
6564,Cathy Miller,Trichy,South,Electronics,Laptop,13344.48,8.16,3245.56,3,Card,2025-01-01
6565,Rebecca Smith,Trichy,South,Furniture,Chair,11607.25,25.34,2235.94,8,Cash,2024-09-30
6566,Shawn Stevens,Tirunelveli,West,Clothing,Kurti,23268.69,19.61,5418.74,9,Cash,2025-11-04
6567,Crystal Wells,Trichy,East,Furniture,Sofa,48381.75,10.03,11229.67,8,Net Banking,2024-11-30
6568,Michael Morales,Chennai,South,Sports,Cricket Bat,41910.87,11.37,6737.4,6,Net Banking,2024-10-25
6569,Audrey Sanders,Chennai,West,Furniture,Cupboard,13618.77,25.9,2989.32,5,Cash,2024-04-20
6570,Shannon Padilla,Salem,West,Furniture,Sofa,47064.82,9.74,3940.59,10,Card,2024-01-13
6571,Blake Scott,Salem,North,Clothing,T-Shirt,44708.28,21.3,3159.33,3,Card,2025-01-10
6572,Janice Torres,Chennai,West,Groceries,Rice,16696.38,9.74,3412.77,9,UPI,2025-10-22
6573,Billy Kim,Trichy,South,Clothing,T-Shirt,13037.28,12.35,1765.56,2,Card,2024-11-15
6574,Albert Huang,Tirunelveli,West,Electronics,Laptop,25268.97,19.78,4358.82,6,Cash,2025-11-10
6575,Angela Cook,Chennai,East,Sports,Football,21672.41,28.74,4404.43,1,Net Banking,2025-09-13
6576,Kelly Crawford,Trichy,West,Groceries,Snacks,23873.02,10.98,2063.81,8,Net Banking,2025-08-14
6577,Michele Rasmussen,Trichy,West,Electronics,Headphones,40041.85,29.98,6195.54,4,Cash,2024-06-11
6578,Dana Myers,Chennai,North,Furniture,Table,38434.04,5.23,8683.33,2,Cash,2024-07-22
6579,Todd Chambers,Tirunelveli,East,Clothing,Jeans,27299.42,7.26,2681.96,5,Card,2025-03-06
6580,Jordan Johnson,Trichy,North,Groceries,Rice,13843.59,15.02,2588.66,9,Cash,2025-09-25
6581,Beth Green,Chennai,East,Clothing,T-Shirt,4405.8,5.06,742.76,5,Cash,2024-11-03
6582,Anita Navarro,Trichy,North,Furniture,Table,23053.55,25.08,1197.44,6,UPI,2025-04-09
6583,Natalie Malone,Trichy,West,Groceries,Rice,11321.04,4.82,2655.36,7,UPI,2025-12-12
6584,Elizabeth Barnes,Chennai,North,Clothing,T-Shirt,25591.88,3.84,3575.15,4,Net Banking,2025-12-28
6585,Christina Hall,Trichy,East,Furniture,Chair,6490.23,5.26,1129.4,5,Net Banking,2025-04-30
6586,James Fox,Chennai,South,Groceries,Snacks,43063.74,27.15,4584.8,3,Net Banking,2025-10-20
6587,Carolyn Smith,Trichy,West,Groceries,Rice,41417.42,20.97,10199.03,4,UPI,2024-11-19
6588,Mary Long,Chennai,North,Sports,Football,37050.87,4.37,7129.09,6,Card,2024-03-10
6589,Philip Knight,Tirunelveli,East,Clothing,Jeans,5382.3,11.85,1264.98,9,UPI,2024-12-29
6590,Christopher Cantrell,Chennai,North,Electronics,Mobile,45519.93,21.55,5512.29,8,UPI,2025-06-03
6591,Carla White,Trichy,West,Sports,Cricket Bat,47407.79,26.74,7615.45,7,Cash,2024-09-16
6592,Thomas Johnson,Salem,West,Furniture,Table,30555.75,26.23,3914.6,8,Cash,2025-08-27
6593,Madison Johnson,Coimbatore,West,Groceries,Snacks,44580.55,21.4,7308.53,5,UPI,2024-03-24
6594,Stephanie Bailey,Chennai,West,Groceries,Oil,23800.82,25.91,3683.66,8,Card,2024-08-31
6595,Andrew Terrell,Madurai,East,Sports,Football,21415.51,28.56,2619.64,4,Net Banking,2025-11-22
6596,Connor Bartlett Jr.,Salem,South,Sports,Gym Bag,34632.18,2.87,2523.22,6,Cash,2025-11-07
6597,Richard Reynolds,Madurai,East,Clothing,Kurti,8624.46,1.23,2038.77,6,UPI,2024-03-05
6598,Kaitlin Patterson,Madurai,West,Sports,Football,30425.11,14.23,3002.41,8,Cash,2025-04-13
6599,Ashley Baker,Salem,East,Sports,Gym Bag,22851.46,6.96,3233.62,1,Cash,2024-10-30
6600,Tracey Morris,Chennai,South,Groceries,Oil,12913.33,27.07,2311.19,9,Card,2025-08-27
6601,Nicholas Turner,Coimbatore,East,Electronics,Headphones,30619.81,20.43,7026.13,6,Card,2025-01-15
6602,Elijah Holt,Trichy,North,Furniture,Table,41326.52,29.8,2414.03,1,Card,2024-10-22
6603,Mary Davis,Trichy,East,Groceries,Rice,41525.99,3.84,6877.74,8,UPI,2024-03-25
6604,Linda Phillips,Salem,East,Furniture,Table,21417.61,21.69,5152.92,6,Net Banking,2025-12-28
6605,Matthew Mendoza,Madurai,North,Furniture,Sofa,37158.53,16.27,6926.45,8,Cash,2024-10-06
6606,Brandon Sharp,Salem,North,Furniture,Cupboard,19690.17,12.76,3796.91,1,UPI,2025-06-11
6607,Zachary Mitchell,Salem,South,Electronics,Mobile,303.09,1.13,30.13,9,Net Banking,2024-05-30
6608,Dustin Marshall,Madurai,North,Sports,Gym Bag,14472.59,17.52,909.19,5,UPI,2025-10-16
6609,Stephanie Lambert,Coimbatore,South,Electronics,Mobile,6181.86,23.54,409.56,3,UPI,2025-07-03
6610,Kim Fuentes,Chennai,East,Groceries,Oil,17502.2,4.61,2577.67,5,Cash,2024-11-19
6611,Jade Holder,Trichy,South,Sports,Gym Bag,45069.21,14.28,5409.31,5,UPI,2025-05-12
6612,Michael Sutton,Madurai,North,Sports,Gym Bag,580.06,21.08,114.51,1,Cash,2025-06-11
6613,Nicholas Campbell,Tirunelveli,North,Sports,Cricket Bat,15656.06,20.72,2653.73,9,Net Banking,2025-09-09
6614,Ronald Baker,Coimbatore,West,Groceries,Rice,768.99,13.01,158.1,7,Net Banking,2025-02-17
6615,Jessica Stuart,Trichy,West,Groceries,Rice,23195.5,16.36,2957.95,3,Card,2024-10-28
6616,Christopher Lopez MD,Tirunelveli,North,Sports,Football,47312.48,0.89,3626.59,7,Cash,2025-04-29
6617,Amy Foster,Tirunelveli,South,Furniture,Chair,34892.69,15.04,3538.36,10,Card,2025-12-21
6618,Raymond Melton,Tirunelveli,South,Sports,Gym Bag,11716.59,6.22,2695.81,2,UPI,2024-11-01
6619,Larry Dunn,Madurai,South,Sports,Cricket Bat,18158.42,18.18,1623.07,5,Cash,2025-12-12
6620,Alyssa Huerta,Tirunelveli,North,Sports,Gym Bag,19850.3,5.5,3672.72,4,Net Banking,2024-08-19
6621,Kristina Allen,Tirunelveli,East,Electronics,Mobile,1467.95,4.85,198.63,10,UPI,2024-08-25
6622,William Thomas,Trichy,South,Furniture,Table,9636.21,0.89,802.6,6,Net Banking,2025-06-27
6623,Richard Stephens MD,Madurai,West,Electronics,Headphones,37946.73,21.47,5150.74,4,Net Banking,2025-09-16
6624,Alexander Hester,Salem,South,Furniture,Sofa,19107.1,22.11,1425.25,5,Card,2024-12-05
6625,Melanie Mclean,Salem,East,Clothing,T-Shirt,21005.59,0.55,2405.14,4,Net Banking,2024-03-29
6626,Daniel Powell Jr.,Salem,South,Groceries,Rice,7050.81,0.33,779.7,6,Net Banking,2025-06-14
6627,Joshua Ward,Tirunelveli,North,Electronics,Laptop,35267.29,29.69,5780.41,2,Card,2024-10-12
6628,Ronald Beard,Madurai,North,Furniture,Cupboard,10918.64,18.5,1394.96,2,UPI,2025-12-26
6629,Kari Howard,Salem,North,Furniture,Sofa,4474.31,16.56,520.17,4,Cash,2024-04-18
6630,Mary Lyons,Coimbatore,North,Furniture,Sofa,3387.11,5.55,549.76,10,Net Banking,2024-02-18
6631,Stephanie Smith,Madurai,South,Furniture,Chair,27380.48,12.68,3762.45,7,Card,2024-11-05
6632,Timothy Gregory,Trichy,North,Electronics,Smart Watch,18542.68,8.03,1450.8,1,Card,2025-12-23
6633,Diane Vasquez,Trichy,South,Clothing,T-Shirt,39133.24,23.62,5096.02,1,UPI,2024-06-04
6634,Michelle Lawrence PhD,Salem,North,Clothing,T-Shirt,8031.14,26.69,1744.49,4,Cash,2024-02-07
6635,Tara Wilson,Madurai,West,Clothing,Jacket,35185.15,15.79,5907.48,6,Card,2025-07-03
6636,Robin Smith,Madurai,East,Electronics,Headphones,30003.91,26.05,6392.79,8,Cash,2025-03-17
6637,Denise Mack,Madurai,East,Clothing,Jacket,27140.06,10.74,3773.83,3,UPI,2024-07-17
6638,Jonathan Harrington,Salem,East,Furniture,Chair,8921.54,16.77,875.15,2,Cash,2024-05-12
6639,Cody Clark,Coimbatore,West,Clothing,Jeans,45724.65,13.33,7227.93,6,Net Banking,2025-07-13
6640,Erica Miller,Madurai,North,Electronics,Smart Watch,9620.64,21.08,697.15,9,Card,2024-09-04
6641,Lisa Garza,Salem,North,Clothing,Jacket,30673.57,20.24,7253.53,3,UPI,2025-04-26
6642,Anne Gregory,Trichy,South,Clothing,T-Shirt,34316.11,17.75,7487.96,4,UPI,2025-03-11
6643,Donald Chang Jr.,Madurai,North,Sports,Football,4145.39,7.13,503.03,9,Net Banking,2024-07-18
6644,Eric Brady,Tirunelveli,South,Electronics,Laptop,209.53,23.54,48.93,5,UPI,2025-02-13
6645,Cory Oconnor,Chennai,North,Groceries,Oil,49516.22,8.63,7201.97,8,Card,2025-10-24
6646,Justin Richardson,Coimbatore,South,Groceries,Snacks,24477.15,22.31,2733.44,2,Card,2024-08-11
6647,Lisa Richards,Chennai,West,Sports,Shoes,10584.19,16.05,577.17,8,Card,2025-02-05
6648,Heidi Martinez,Tirunelveli,East,Electronics,Laptop,34640.53,0.97,3639.38,10,Card,2025-06-09
6649,Casey Dixon,Tirunelveli,West,Electronics,Smart Watch,45739.47,14.79,4293.64,3,UPI,2024-10-12
6650,Jamie Thomas,Trichy,South,Electronics,Headphones,31497.8,25.05,7292.73,7,Net Banking,2025-10-22
6651,Laura Stewart,Tirunelveli,North,Clothing,Jeans,39633.47,1.49,2839.86,7,UPI,2024-12-26
6652,Brenda Malone,Trichy,South,Sports,Cricket Bat,2307.74,26.35,295.81,4,Card,2025-08-30
6653,Angel Clay,Madurai,East,Clothing,Jeans,32382.72,29.42,2995.89,9,Net Banking,2024-06-03
6654,Charles Miller,Chennai,East,Groceries,Milk,11159.07,16.09,622.93,4,Net Banking,2025-12-11
6655,Brad Guzman,Chennai,East,Clothing,T-Shirt,7651.28,11.85,847.98,8,UPI,2025-10-15
6656,Victor Estrada,Chennai,West,Electronics,Smart Watch,33647.67,6.23,6147.37,4,UPI,2025-05-28
6657,Krista Richards,Tirunelveli,West,Furniture,Cupboard,39843.92,0.13,2590.4,3,Cash,2024-08-23
6658,Michael Andersen,Salem,West,Sports,Gym Bag,30212.69,2.31,3731.33,3,UPI,2025-02-09
6659,Cynthia Mejia,Tirunelveli,West,Clothing,Jacket,12097.1,16.78,1479.71,10,Net Banking,2024-11-21
6660,Nicole Oneal DVM,Madurai,West,Electronics,Laptop,10192.77,25.15,1477.7,10,Card,2024-04-20
6661,Michael Holland,Madurai,South,Groceries,Oil,33375.61,27.05,8237.29,1,UPI,2024-08-11
6662,Stephanie Barber,Salem,West,Furniture,Table,21283.19,8.95,3678.3,1,UPI,2025-01-12
6663,Erica Adams,Chennai,South,Groceries,Oil,27434.26,1.42,4698.82,2,Card,2025-09-01
6664,Stefanie Romero,Trichy,West,Clothing,Kurti,17612.52,25.64,908.76,8,Card,2025-12-05
6665,James Ferguson,Trichy,North,Clothing,Jacket,41280.63,22.97,7828.46,10,UPI,2025-03-14
6666,Daniel Gibson,Tirunelveli,South,Sports,Shoes,740.07,16.09,101.94,7,Net Banking,2024-09-20
6667,Karl Berg,Chennai,South,Electronics,Laptop,37293.05,7.33,2025.81,4,Card,2025-03-17
6668,Linda Wilkerson,Chennai,East,Groceries,Snacks,29755.04,1.92,3608.21,1,Card,2025-07-01
6669,Marie Haney,Coimbatore,West,Clothing,Jeans,8011.88,19.41,1890.36,2,Card,2025-01-04
6670,Jason Christensen,Madurai,North,Sports,Shoes,37081.21,23.58,6477.31,9,Net Banking,2025-06-04
6671,Kristen Ortega,Coimbatore,South,Clothing,Jacket,26211.16,10.05,4359.59,3,UPI,2024-12-06
6672,Morgan Hill,Chennai,East,Clothing,Jeans,10093.14,27.56,849.28,3,Card,2025-08-07
6673,Luis Davila,Trichy,North,Electronics,Headphones,25041.09,2.03,3786.48,4,Cash,2025-05-26
6674,Cynthia Price,Chennai,South,Electronics,Mobile,31888.75,29.45,5275.86,6,Cash,2024-09-18
6675,Deanna Mcclure,Salem,South,Electronics,Laptop,39739.27,25.39,5084.38,6,Cash,2025-05-27
6676,Teresa Mclean,Coimbatore,East,Furniture,Table,38830.99,18.37,9274.15,7,Cash,2025-01-22
6677,Timothy Peters,Coimbatore,West,Sports,Shoes,38061.26,19.92,5556.61,9,UPI,2024-04-07
6678,Ashley Wilkins,Trichy,West,Furniture,Table,43538.78,13.19,10653.94,1,UPI,2024-09-02
6679,Chelsea Good,Salem,East,Groceries,Oil,7451.71,25.7,1087.57,1,UPI,2025-12-20
6680,Cassidy Martinez,Tirunelveli,South,Groceries,Oil,48134.28,5.32,10555.38,10,Cash,2025-10-11
6681,Jacqueline Travis,Coimbatore,West,Furniture,Sofa,42864.66,29.02,6324.42,9,Cash,2024-03-15
6682,Emma Dawson,Tirunelveli,West,Electronics,Mobile,22868.14,13.59,2414.61,1,Card,2025-07-27
6683,Robert Garcia,Chennai,South,Sports,Cricket Bat,14053.46,5.57,2899.84,1,UPI,2024-01-18
6684,Michael Miller,Salem,North,Sports,Football,11306.82,0.3,1063.34,7,Net Banking,2025-12-03
6685,Julie Howard,Trichy,North,Electronics,Smart Watch,34993.55,3.44,8173.09,4,Net Banking,2025-01-20
6686,Jason Andrews,Trichy,South,Clothing,Kurti,47493.73,3.02,5149.48,1,Card,2025-12-27
6687,Amber Ford,Salem,East,Electronics,Headphones,1038.58,1.08,229.37,3,Cash,2025-06-15
6688,Mr. Joshua Martinez,Chennai,North,Sports,Cricket Bat,8127.75,25.1,1694.41,9,Card,2025-10-16
6689,Louis Williams,Salem,East,Groceries,Oil,43266.45,3.79,3469.98,10,Cash,2025-09-10
6690,Cathy Roach,Salem,North,Clothing,Kurti,23134.1,25.82,2606.06,3,Cash,2025-03-19
6691,Maria Bell,Madurai,East,Clothing,Kurti,40190.89,20.12,3511.34,10,Card,2024-12-12
6692,Rebecca Kramer,Salem,West,Clothing,Kurti,40770.59,11.23,10027.95,2,Net Banking,2024-11-05
6693,Eduardo Vasquez,Trichy,East,Sports,Football,29310.16,13.25,7171.69,5,UPI,2024-01-11
6694,Shannon Hopkins,Tirunelveli,South,Furniture,Cupboard,7118.9,28.82,1285.35,3,Card,2025-10-06
6695,Molly Jones,Chennai,North,Sports,Football,3777,18.8,454.71,9,Net Banking,2025-03-03
6696,Timothy Carlson,Salem,West,Clothing,Jacket,40771.13,25.59,7436.56,10,Card,2024-05-25
6697,Tanya Benitez,Trichy,North,Groceries,Snacks,29514.76,20.64,3636.88,6,Card,2024-03-05
6698,James Atkinson,Coimbatore,South,Electronics,Laptop,612.34,26.23,130.86,1,Cash,2024-06-02
6699,Carmen Sutton,Salem,East,Groceries,Rice,16742.5,16.14,1902.07,8,Net Banking,2025-07-20
6700,Christina Ochoa,Tirunelveli,West,Clothing,Kurti,2604.2,7.08,225.17,5,Card,2024-03-03
6701,Edward Fischer,Coimbatore,East,Furniture,Table,17628.81,12.18,924.85,2,UPI,2024-10-25
6702,Shane Hill,Trichy,North,Clothing,Jeans,48016.04,14.36,10811,2,Cash,2024-05-04
6703,John Davis,Madurai,East,Electronics,Smart Watch,49169.13,0.02,2732.41,2,Cash,2024-07-04
6704,Katie Johnson,Chennai,West,Furniture,Chair,10577.67,15.55,1050.56,4,UPI,2024-02-04
6705,Tracy Costa,Tirunelveli,East,Clothing,Jacket,34972.78,17.47,3798.78,3,Net Banking,2025-10-11
6706,Latoya Ho,Coimbatore,South,Electronics,Laptop,38021.25,6.17,1921.37,7,Net Banking,2025-08-21
6707,Lisa Martinez,Chennai,South,Sports,Cricket Bat,48736.81,5.69,2483.03,5,Net Banking,2024-04-15
6708,Leslie Nielsen,Madurai,North,Furniture,Chair,48971.09,27.82,7854.48,10,Card,2024-09-20
6709,Holly Murphy MD,Chennai,West,Groceries,Milk,35930.47,7.36,7698.39,3,UPI,2025-08-29
6710,Rhonda Mendez,Chennai,West,Electronics,Smart Watch,33140.89,2.7,2961.71,8,Card,2024-12-04
6711,Frank Hernandez,Coimbatore,East,Electronics,Mobile,19930.67,15.16,3369.72,3,UPI,2025-08-23
6712,Yolanda Little,Tirunelveli,North,Electronics,Mobile,41891.49,23.72,4999.14,5,UPI,2024-09-20
6713,Tyler Haney,Tirunelveli,North,Groceries,Rice,12757.99,28.67,2149.97,3,UPI,2024-02-03
6714,Megan Rodriguez,Salem,North,Sports,Cricket Bat,43838.01,9.28,2529.12,1,Net Banking,2025-11-23
6715,Mr. Michael Nguyen PhD,Salem,South,Sports,Shoes,17344.86,21.48,2048.19,4,Net Banking,2024-05-09
6716,Bruce Wilson,Tirunelveli,West,Furniture,Chair,49597.03,12.71,4109.56,7,Net Banking,2024-12-14
6717,Shawn Wolf,Chennai,East,Groceries,Milk,22935.45,19.99,5594.32,10,UPI,2025-09-03
6718,Joshua Smith,Tirunelveli,West,Groceries,Oil,34466.17,8.04,8562.44,5,Net Banking,2025-02-02
6719,Phillip Johnston,Coimbatore,North,Groceries,Milk,12929,26.96,1494.95,3,UPI,2024-08-28
6720,Melanie Gordon,Madurai,North,Clothing,Jeans,40338.52,27.63,2399.21,9,Card,2024-11-02
6721,Nichole Leach,Tirunelveli,West,Groceries,Rice,37209.54,28.91,2605.29,7,Card,2025-06-16
6722,James Mcconnell,Tirunelveli,East,Furniture,Cupboard,32123.05,19.6,7256.99,10,Card,2025-03-31
6723,Joe Smith,Salem,West,Groceries,Oil,6861.19,3.59,1157.21,5,Card,2025-05-14
6724,Robert Ayers,Trichy,South,Electronics,Smart Watch,2081.92,17.06,189.37,5,Cash,2025-10-13
6725,Amanda Lopez,Coimbatore,North,Groceries,Rice,5754.51,22.06,810.98,6,Net Banking,2025-12-20
6726,Kerri Bartlett,Salem,East,Clothing,Kurti,24349.37,9.6,2740.41,9,UPI,2025-09-23
6727,James Jones,Coimbatore,East,Sports,Cricket Bat,3015.09,9.24,346.88,9,Cash,2024-06-16
6728,Todd Brown,Trichy,North,Furniture,Cupboard,34565.78,1.6,7297.76,3,UPI,2024-12-07
6729,Sean King,Trichy,East,Furniture,Table,39274.55,12.12,8683.79,9,Card,2025-10-09
6730,Jacqueline Williamson,Salem,South,Electronics,Laptop,40019.71,17.51,2813.93,5,UPI,2025-03-07
6731,Richard Scott,Chennai,East,Furniture,Table,15222.45,8.49,1636.12,2,Card,2025-06-25
6732,Tammy Willis,Salem,South,Furniture,Table,17008.9,26.61,1393.93,4,Card,2025-05-03
6733,Kimberly Cunningham MD,Salem,North,Electronics,Headphones,5403.17,29.76,502.12,8,UPI,2024-03-29
6734,Scott Wheeler,Salem,North,Furniture,Cupboard,19646.7,2.3,2712.23,10,Net Banking,2025-07-06
6735,Jessica Robinson,Madurai,West,Groceries,Snacks,44807.95,29.29,3667.15,9,Card,2024-07-16
6736,Brian Rodriguez,Madurai,East,Clothing,Jacket,5496.58,13.36,636.52,1,Cash,2025-02-06
6737,Maria Walker,Coimbatore,South,Clothing,Jeans,2755.04,8.73,681.83,1,Cash,2024-12-24
6738,Jeffrey Miller,Salem,North,Clothing,Jacket,14778.48,27.13,2181.59,5,Card,2024-08-11
6739,Tara Brown,Salem,South,Electronics,Laptop,39753.19,7.55,7684.33,1,UPI,2024-12-18
6740,Gregory Ferrell,Trichy,West,Groceries,Snacks,29559.58,16.32,3427.43,1,UPI,2025-03-22
6741,Amber Steele,Trichy,East,Furniture,Chair,7041.84,9.77,502.21,2,Net Banking,2024-02-06
6742,Caleb Harris,Trichy,South,Sports,Cricket Bat,17426.61,27.64,4259.59,1,Cash,2025-07-30
6743,Sara Sullivan,Tirunelveli,North,Electronics,Mobile,17859.56,16.13,3273.22,4,Card,2024-01-03
6744,Brendan Martin,Tirunelveli,East,Furniture,Chair,46206.56,2.23,2840.37,7,Net Banking,2024-08-11
6745,Gabriella Marshall,Trichy,East,Clothing,Jeans,11052.53,4.53,1759.6,9,Net Banking,2025-01-30
6746,Kayla Diaz,Trichy,South,Clothing,Jeans,19217.47,26.24,1504.55,2,UPI,2025-01-25
6747,Lisa Martin,Salem,West,Electronics,Smart Watch,40018.71,25.62,7066.71,6,Net Banking,2024-01-21
6748,Nancy Scott,Madurai,North,Groceries,Snacks,13580.14,15.75,2349.65,1,Net Banking,2024-09-17
6749,Chelsea Patrick,Chennai,North,Clothing,Kurti,13906.45,28.72,1001.84,3,Card,2024-04-24
6750,Johnny Williams,Madurai,South,Electronics,Mobile,35887.67,16.82,2796.42,5,Net Banking,2025-03-09
6751,Virginia Anderson,Madurai,West,Furniture,Table,26275.18,28.85,5303.13,3,UPI,2025-02-08
6752,Amanda Brown,Tirunelveli,West,Electronics,Laptop,25267.65,16.28,3611.35,4,UPI,2025-08-13
6753,Justin Adams,Salem,North,Groceries,Snacks,41559.03,26.15,2227.43,8,Cash,2024-07-30
6754,Kevin Watkins,Coimbatore,East,Electronics,Mobile,1598.62,17.44,391.45,4,Card,2025-09-26
6755,Joseph Marks,Madurai,North,Furniture,Cupboard,16678.8,6.96,1220.15,3,Net Banking,2024-03-13
6756,Laura Andrews,Madurai,West,Clothing,Jacket,49300.96,22.19,5480.52,4,UPI,2025-01-17
6757,Manuel Smith,Trichy,East,Sports,Cricket Bat,21625.11,11.76,2829.65,2,UPI,2025-03-05
6758,Steven Ward,Madurai,North,Groceries,Rice,5211.63,29.67,871.76,4,Cash,2024-08-04
6759,Christine Stanley,Coimbatore,West,Clothing,T-Shirt,12651.92,6.72,1481.09,1,Card,2024-02-08
6760,Stephanie Carter,Chennai,South,Electronics,Headphones,29528.81,24.43,6521.93,7,UPI,2024-09-17
6761,Jody Mckenzie,Salem,South,Electronics,Headphones,2286.5,8.94,535.8,3,UPI,2024-01-27
6762,Jonathan Robinson,Salem,North,Clothing,T-Shirt,35487.48,12.09,7752.19,2,Net Banking,2024-08-06
6763,Kenneth Gonzales,Tirunelveli,South,Groceries,Snacks,18553.27,27.17,1320.72,4,Cash,2024-11-14
6764,David Weeks,Salem,East,Electronics,Laptop,48126.36,22.94,10903.39,9,UPI,2024-03-30
6765,Marc Marquez,Trichy,East,Sports,Football,18168.54,16.51,3464.83,1,Cash,2024-01-06
6766,Anthony Lopez,Chennai,North,Sports,Football,47165.97,5.61,2617.72,9,Cash,2024-11-22
6767,Vincent Wells,Salem,East,Furniture,Table,24798.96,26.41,4196.16,8,UPI,2024-05-10
6768,Amy Ramirez,Coimbatore,South,Electronics,Smart Watch,24025.85,5.36,1732.9,10,Card,2025-03-27
6769,Jeffrey Moore,Chennai,North,Clothing,Kurti,41571.45,13.51,2633.09,1,Net Banking,2025-02-04
6770,Troy Gomez,Coimbatore,South,Groceries,Oil,34737.85,15.04,4241.61,10,UPI,2024-02-01
6771,Jason Jackson,Chennai,West,Sports,Gym Bag,18399.53,7.24,1846.02,4,UPI,2025-08-20
6772,Erik Harris,Madurai,North,Sports,Cricket Bat,39101.54,3.51,4837.93,6,UPI,2024-07-27
6773,Paula Chang,Coimbatore,West,Sports,Football,37813.49,14.03,5717.22,1,Cash,2024-08-24
6774,Michael Mercado,Tirunelveli,South,Groceries,Milk,29411.89,4.35,4863.18,9,Cash,2024-06-13
6775,Victor Lyons,Trichy,East,Furniture,Cupboard,47038.95,7.13,7476.29,8,Card,2024-07-19
6776,Robert Johnson,Trichy,East,Clothing,Jacket,45703.8,14.02,7292.66,3,Cash,2025-08-03
6777,Kimberly Jones,Coimbatore,East,Sports,Gym Bag,47124.21,27.29,2917.98,10,Cash,2024-03-25
6778,Anthony Daniels,Salem,West,Clothing,Jeans,23754.15,5.6,3398.38,3,UPI,2025-07-17
6779,Kim Shannon,Coimbatore,North,Electronics,Smart Watch,3247.92,7.13,377.44,4,Card,2025-06-05
6780,Robert Willis,Chennai,South,Sports,Shoes,17676.12,24.23,2673.79,4,Cash,2025-06-28
6781,Joshua Alexander,Trichy,West,Sports,Football,21465.06,20.93,4420.48,6,UPI,2025-10-27
6782,Jeffrey Smith,Chennai,West,Furniture,Sofa,36095.4,18.27,8157.79,5,Cash,2025-08-03
6783,Donna Shea,Salem,North,Sports,Shoes,23763.04,12.53,1291.08,8,Card,2024-01-18
6784,Thomas Contreras,Madurai,West,Sports,Football,11690.78,12.48,2893.2,8,Net Banking,2025-06-28
6785,Keith Clark,Chennai,South,Electronics,Headphones,30042.01,2.07,7280.62,8,Net Banking,2024-08-14
6786,Holly Lara,Salem,East,Furniture,Sofa,7371.74,26.77,524.8,8,UPI,2024-03-13
6787,Kimberly Thomas,Madurai,East,Electronics,Smart Watch,21964.44,15.14,4941.16,10,Card,2025-02-11
6788,John Gray,Madurai,North,Furniture,Table,27714.21,16.99,6122.91,10,Cash,2025-04-05
6789,Melissa Miller,Tirunelveli,South,Groceries,Snacks,5973.87,20.41,991.15,3,UPI,2025-09-05
6790,James Smith,Coimbatore,West,Electronics,Smart Watch,13754.88,25.54,2941.45,9,Cash,2025-10-28
6791,Ashley Ramirez,Coimbatore,North,Groceries,Rice,22319.47,19.68,3386.56,6,UPI,2025-05-30
6792,Tony Banks,Trichy,North,Groceries,Oil,17908.05,5.69,2477.95,10,UPI,2025-03-28
6793,James Williams,Trichy,East,Groceries,Rice,39737.44,15.52,2826.87,8,Net Banking,2024-09-12
6794,David Moreno,Coimbatore,North,Sports,Cricket Bat,27498.95,11.55,6651.46,4,Card,2024-03-10
6795,Brenda Richards,Tirunelveli,West,Sports,Gym Bag,26112.08,22.46,6049.14,10,Net Banking,2025-06-11
6796,Nathan Rios,Coimbatore,South,Groceries,Snacks,45170.67,6.48,9303.92,7,UPI,2024-06-02
6797,Zachary Reynolds,Tirunelveli,East,Sports,Shoes,4736.91,8.13,352.43,9,Net Banking,2025-06-11
6798,Michael Smith,Salem,West,Clothing,Jacket,43024.87,17.36,7440.29,5,UPI,2025-09-05
6799,Mrs. Valerie Walters,Madurai,East,Electronics,Mobile,945.84,28.04,202.15,6,Net Banking,2024-09-10
6800,Willie Stuart,Madurai,West,Clothing,Kurti,48721.17,24.4,5291.78,6,Cash,2024-04-17
6801,Haley Morris,Trichy,West,Furniture,Sofa,23376.58,16.74,5099.72,9,Net Banking,2025-06-03
6802,Natalie Leblanc,Trichy,North,Sports,Football,16541.45,1.59,3054.5,7,Card,2025-09-22
6803,Michael Jordan,Chennai,South,Furniture,Chair,30425.17,13.12,6842.01,8,Net Banking,2025-11-10
6804,Ashley Miller,Coimbatore,North,Clothing,T-Shirt,43591.18,24.5,7285.23,3,Net Banking,2025-09-29
6805,Steven Bowman,Madurai,South,Groceries,Oil,45198.1,29.37,7002.16,1,UPI,2025-04-26
6806,Kevin Sanchez,Trichy,East,Furniture,Cupboard,41380.54,25.19,2909.84,7,Card,2025-05-27
6807,Jason Norris,Madurai,West,Sports,Football,29551.66,25.04,7079.28,9,UPI,2024-09-03
6808,Mark Nielsen,Coimbatore,West,Sports,Shoes,30395.1,21.63,2862.66,2,Card,2024-08-25
6809,Diana Crawford,Salem,South,Clothing,Jacket,42710.17,17.48,9837.25,3,Card,2024-08-13
6810,Jacob Walker,Coimbatore,North,Furniture,Cupboard,41298,0.64,7222.29,1,Card,2025-05-26
6811,Michael Garcia,Salem,South,Sports,Football,1773.44,19.34,158.87,3,Card,2025-11-29
6812,Renee Bradford,Trichy,West,Sports,Cricket Bat,28994.58,0.45,5981.17,5,Cash,2025-07-10
6813,Michelle Carey,Chennai,North,Clothing,T-Shirt,36323.77,12.24,1870.47,3,UPI,2024-10-31
6814,Peter Morse,Tirunelveli,North,Furniture,Sofa,10455.54,21.59,1175.36,8,Net Banking,2025-12-14
6815,Jamie Williams,Salem,East,Electronics,Laptop,4958.54,25.13,849.31,2,Net Banking,2025-07-29
6816,Christopher Mosley,Salem,South,Furniture,Table,914.95,11.41,125.75,5,UPI,2024-01-01
6817,Jessica Coleman,Tirunelveli,East,Electronics,Smart Watch,18781.12,8.69,1025.9,5,Net Banking,2024-08-25
6818,Christy Cruz,Tirunelveli,East,Clothing,Jeans,1747.98,17.91,174.85,4,Net Banking,2025-09-12
6819,Steven Smith,Madurai,West,Sports,Football,21013.8,18.39,3721.38,8,Card,2024-12-30
6820,William Brown,Tirunelveli,West,Groceries,Snacks,34525.65,25.05,8492.2,2,UPI,2025-03-07
6821,Dr. Paul Richard,Trichy,North,Groceries,Rice,28730.92,10.66,6492.48,10,Net Banking,2025-03-24
6822,James Rice,Trichy,North,Groceries,Rice,36718.41,15.26,8257.91,4,Cash,2025-06-06
6823,Cheryl Sanders,Trichy,North,Furniture,Cupboard,19483.4,6.57,3265.97,4,Net Banking,2024-05-17
6824,Robert Madden,Chennai,East,Sports,Cricket Bat,13766.96,10.83,2706.45,2,UPI,2024-05-13
6825,Keith Mcmahon,Tirunelveli,West,Furniture,Sofa,19931.26,13.82,1349.32,2,Net Banking,2024-12-26
6826,Tara Parsons PhD,Chennai,West,Electronics,Smart Watch,27104.03,20.51,6030.09,5,UPI,2024-12-27
6827,Aimee Logan,Salem,North,Electronics,Laptop,2372.91,25.59,491.16,5,UPI,2024-06-21
6828,Olivia Brown,Coimbatore,North,Clothing,Jacket,17580.35,19.89,3507.46,7,Net Banking,2024-12-01
6829,Maria West,Coimbatore,North,Clothing,T-Shirt,35775.24,16.15,5863.02,3,Net Banking,2025-04-16
6830,Shawna Schaefer,Coimbatore,North,Groceries,Oil,38854.45,14.46,2835.79,9,Net Banking,2024-04-27
6831,Gary Gonzalez,Trichy,North,Clothing,Kurti,29227.72,29.08,2750.67,10,Cash,2025-08-22
6832,Brian Gay,Chennai,East,Clothing,Jacket,31840.73,29.77,5638.45,2,Net Banking,2025-04-18
6833,Donna Gonzalez,Salem,East,Electronics,Laptop,27590.99,7.03,3291.43,6,Cash,2024-05-01
6834,Philip Pineda DDS,Trichy,West,Clothing,Jeans,5053.5,22.25,304.17,8,Card,2024-04-03
6835,Brian Harris,Tirunelveli,West,Clothing,Jacket,22411.73,26.01,5427.27,3,Net Banking,2024-01-29
6836,Mrs. Laura Jackson,Madurai,West,Furniture,Chair,26142.4,29.82,3797.62,10,Card,2024-07-03
6837,Bruce Anderson,Chennai,South,Clothing,Kurti,38179.91,20.04,6114.6,9,Card,2025-12-15
6838,Andrea May,Salem,North,Sports,Gym Bag,1179.65,27.25,169.65,8,Cash,2024-02-28
6839,Michael Wilkins,Madurai,West,Sports,Gym Bag,21773.74,29.84,3138.55,3,UPI,2025-12-18
6840,Michelle Sloan,Tirunelveli,South,Clothing,Jacket,38639,2.03,3594.03,7,UPI,2025-06-03
6841,Angela Boone,Trichy,East,Clothing,Jeans,24108.91,29.59,4919.09,5,Card,2024-03-25
6842,Robert Townsend,Trichy,West,Groceries,Rice,30503.17,14.95,3679.43,1,Net Banking,2025-01-17
6843,Jonathan Kent,Tirunelveli,South,Clothing,Jacket,32198.57,26.1,6300.76,7,Net Banking,2024-12-30
6844,Andres Fox,Madurai,North,Electronics,Smart Watch,11022.62,24.12,1437.5,3,Cash,2025-05-23
6845,Lacey Estrada,Madurai,West,Electronics,Mobile,46488.26,3.11,6901.45,10,Cash,2024-08-20
6846,Michelle Cherry,Tirunelveli,North,Sports,Shoes,4578.43,28.2,317.29,4,Cash,2024-02-25
6847,Leah Fry,Chennai,West,Furniture,Sofa,49521.76,25.4,11083.82,1,UPI,2024-11-10
6848,Jennifer Barnes,Tirunelveli,East,Groceries,Snacks,49318.41,4.95,11645.96,8,Cash,2025-02-06
6849,Edward Thompson,Chennai,East,Electronics,Headphones,20226.75,22.8,1027,5,UPI,2024-06-30
6850,Joshua Walsh,Trichy,West,Furniture,Sofa,5345.91,10.64,450.06,2,Cash,2024-12-19
6851,Tamara Barnes,Trichy,West,Electronics,Mobile,25458.91,5.79,5417.36,8,Net Banking,2025-10-14
6852,Michael Rodriguez,Madurai,North,Sports,Shoes,8786.3,26.5,998.54,10,Net Banking,2025-12-22
6853,Joseph Koch,Salem,North,Groceries,Snacks,16412.44,24.49,968.87,2,Net Banking,2024-05-05
6854,Jade Mitchell,Chennai,East,Groceries,Snacks,3974.83,9.81,935.89,5,Cash,2025-01-09
6855,Kelly Bell,Salem,East,Sports,Gym Bag,29300.53,15.49,5446.65,10,UPI,2025-07-06
6856,Candace Frazier,Coimbatore,East,Furniture,Chair,20726.63,7.99,4964.46,3,Net Banking,2024-08-29
6857,Theresa Hunt,Trichy,North,Sports,Cricket Bat,25593.36,16.58,3860.35,7,Net Banking,2025-11-21
6858,Melissa Campbell,Coimbatore,North,Groceries,Rice,9242.19,18.44,1161.33,5,UPI,2024-05-20
6859,Ralph Owens,Tirunelveli,East,Sports,Gym Bag,42143,1.76,2335.18,7,Net Banking,2024-04-30
6860,Crystal Hill,Madurai,East,Groceries,Milk,27383.44,8.77,4986.89,1,UPI,2024-03-13
6861,Cory Finley,Chennai,East,Electronics,Mobile,13050,26.35,1659.88,8,Net Banking,2025-08-09
6862,Brenda Bailey,Salem,East,Clothing,T-Shirt,32804.41,1.85,2846.78,6,Cash,2024-09-28
6863,John Garner,Madurai,South,Furniture,Chair,36943.28,24.11,7837.64,4,Cash,2024-09-07
6864,James Thompson,Chennai,West,Sports,Football,38334.11,20.52,2821.38,1,Net Banking,2024-05-13
6865,Audrey Clark,Trichy,South,Electronics,Mobile,18021.95,2.78,2303.8,8,Net Banking,2024-06-24
6866,Brian Torres,Madurai,South,Sports,Cricket Bat,2480.07,2.18,564.83,5,UPI,2025-01-19
6867,Rebecca Martinez,Coimbatore,South,Groceries,Milk,36202.14,7.2,2783.43,5,UPI,2024-07-04
6868,Kristy Tucker,Trichy,West,Furniture,Cupboard,38922.68,7.87,4237.26,6,Net Banking,2025-01-29
6869,Jessica Dean,Trichy,East,Furniture,Cupboard,38656.11,26.1,2671,5,Card,2025-02-02
6870,Megan Koch,Coimbatore,East,Clothing,Kurti,41047.11,1.63,8022.05,2,Cash,2025-11-19
6871,David Taylor,Tirunelveli,South,Furniture,Cupboard,5877.2,3,740.16,8,Net Banking,2024-06-09
6872,Amber Cook,Tirunelveli,East,Groceries,Rice,49809.14,2.47,5045.68,8,UPI,2025-05-06
6873,Kristi Mejia,Coimbatore,West,Electronics,Headphones,45251.87,0.79,10026.55,8,Net Banking,2024-07-17
6874,Christopher Dominguez,Madurai,West,Electronics,Mobile,45999.54,10.95,3785.27,3,Net Banking,2024-12-06
6875,Katrina Watkins,Chennai,East,Electronics,Laptop,29278.16,3.58,1491.62,2,Net Banking,2025-09-07
6876,Eric Good,Tirunelveli,South,Furniture,Chair,11628.8,20.11,1179.7,9,UPI,2025-11-21
6877,David Smith,Trichy,North,Electronics,Smart Watch,10582.16,20.17,2440.8,4,Cash,2025-02-01
6878,David Mccoy,Trichy,East,Electronics,Laptop,18862.14,24.92,1036.71,7,Card,2024-10-17
6879,Eric Wagner,Salem,North,Furniture,Cupboard,35502.92,8.28,7939.37,5,Net Banking,2024-08-11
6880,William Mcdonald,Salem,East,Furniture,Sofa,8539.48,1.29,1609.65,2,Card,2025-09-24
6881,Shannon Jackson,Coimbatore,South,Clothing,Kurti,44693.52,12.45,3864.52,7,Net Banking,2025-03-18
6882,Peter Delgado,Salem,North,Groceries,Oil,49915.67,2.1,11886.97,10,UPI,2025-05-28
6883,Jose Ford,Salem,West,Clothing,Jacket,9532.53,22.61,2336.1,1,Card,2025-02-10
6884,Gregory Forbes,Salem,West,Clothing,T-Shirt,14273.9,5.73,1816.93,6,Net Banking,2024-01-05
6885,Nancy Martinez,Madurai,South,Electronics,Headphones,11326.44,28.24,1855.68,2,Cash,2024-02-29
6886,Kelly Phillips,Salem,West,Electronics,Mobile,30819.72,1.95,5055.14,4,Net Banking,2024-05-04
6887,Megan Brown,Tirunelveli,North,Sports,Gym Bag,2453.29,14.97,431.72,4,Net Banking,2025-02-10
6888,Christy Sloan,Coimbatore,West,Clothing,T-Shirt,37210.94,0.29,6968.33,9,Cash,2025-12-02
6889,Christine Hobbs,Salem,North,Electronics,Laptop,7556.84,1.71,953.93,10,UPI,2025-12-30
6890,Danielle Brown,Chennai,North,Furniture,Table,46356.39,6.74,10311.2,4,Card,2024-12-19
6891,Rachael Morris,Coimbatore,South,Electronics,Laptop,34704.29,7.42,3815.67,4,Card,2025-10-31
6892,Andrew Sanford,Coimbatore,West,Groceries,Milk,20776.73,27.11,4374.61,9,Cash,2024-05-20
6893,Lisa Curry,Coimbatore,East,Sports,Football,39778.12,29.19,8881.97,6,Cash,2025-09-29
6894,David Wood,Madurai,East,Sports,Cricket Bat,32022.17,2.88,7657.09,3,Net Banking,2024-01-16
6895,Elizabeth Montgomery,Madurai,South,Furniture,Sofa,6029.6,12.27,312.68,6,UPI,2024-03-05
6896,Sarah Rowe,Salem,East,Clothing,T-Shirt,39513.7,22.23,2792.08,3,Net Banking,2024-12-03
6897,Kathleen Lewis,Coimbatore,North,Electronics,Mobile,21782.13,29.03,4711.58,6,Cash,2025-11-25
6898,Elizabeth Rosario,Chennai,West,Furniture,Chair,44148.05,14.09,10532.61,7,Card,2025-07-24
6899,Jason Tate,Coimbatore,South,Sports,Gym Bag,17974.14,26.27,1372.8,6,UPI,2024-09-20
6900,Antonio Rodriguez,Salem,South,Sports,Football,47420,4.82,9903.05,4,UPI,2025-10-19
6901,Christy Preston,Chennai,West,Sports,Cricket Bat,48465.01,12.04,4443.08,5,Card,2025-06-05
6902,Jennifer Black,Coimbatore,South,Electronics,Headphones,23745.38,15.14,1840.02,8,UPI,2024-06-20
6903,Kristie Moore,Salem,West,Sports,Gym Bag,5964.35,4.63,413.36,10,Cash,2025-12-12
6904,Evelyn Schwartz,Chennai,West,Electronics,Mobile,16025.08,4.27,1523.09,1,Net Banking,2025-12-16
6905,Kelsey Johnson,Salem,North,Clothing,Kurti,11412.79,23.63,2445.26,4,Cash,2024-08-15
6906,Bethany Jones,Trichy,South,Furniture,Cupboard,13447.04,20.93,1746.21,8,Cash,2024-01-17
6907,Scott Harris,Chennai,South,Furniture,Cupboard,37758.99,7.77,7779.11,4,Net Banking,2025-06-02
6908,Katherine Henderson,Tirunelveli,North,Sports,Cricket Bat,21993.83,2.5,2474.54,3,Card,2024-07-23
6909,Brian Smith,Tirunelveli,North,Clothing,T-Shirt,24005.61,16.27,2922.38,2,UPI,2025-09-28
6910,Morgan Hampton,Tirunelveli,East,Sports,Gym Bag,19895.66,19.18,3869.22,9,Cash,2024-05-07
6911,Katherine Gross,Chennai,South,Sports,Football,20736.78,6.19,3699.37,5,Card,2024-07-02
6912,Brianna Khan,Trichy,East,Electronics,Headphones,21898.68,13.91,3505.31,7,Card,2024-03-25
6913,Wayne Hicks,Coimbatore,East,Furniture,Cupboard,4861.71,20.31,308.12,6,Cash,2025-04-25
6914,Michael Turner,Trichy,North,Groceries,Milk,1291.13,6.63,239.28,3,Net Banking,2024-01-26
6915,Tiffany Carrillo,Trichy,East,Sports,Football,23801.11,27.76,4644.42,1,UPI,2025-11-11
6916,Dean Moore,Chennai,West,Furniture,Sofa,22264.83,16.69,5285.98,3,Net Banking,2024-02-16
6917,Steven Ford,Trichy,East,Clothing,Jeans,2419.57,19.74,382.21,6,Net Banking,2025-02-18
6918,Wendy Hampton,Chennai,East,Groceries,Snacks,25149.28,5.89,2402.06,10,Card,2025-04-22
6919,David Campbell,Tirunelveli,East,Clothing,Kurti,38960.63,22.14,6022.59,3,UPI,2024-07-10
6920,Christopher Woodard,Madurai,West,Groceries,Oil,10617.18,23.4,534.29,4,Cash,2024-10-24
6921,Carrie Nelson,Chennai,West,Clothing,Jeans,42284.85,13.84,7603.18,5,Cash,2024-09-20
6922,James Small,Salem,West,Furniture,Chair,1733.86,20.17,141.4,4,Card,2024-09-27
6923,Heather Meyer,Salem,South,Electronics,Smart Watch,26754.59,10.23,3959.75,3,Cash,2024-08-30
6924,Angelica Branch,Tirunelveli,East,Sports,Gym Bag,15860.57,1.46,1142.21,8,Net Banking,2024-03-31
6925,Michael Harris,Salem,East,Clothing,T-Shirt,34407.99,8.16,2049.06,3,Card,2024-03-12
6926,Robert Thompson,Coimbatore,North,Furniture,Chair,4005.06,15.43,696.17,2,Card,2025-02-02
6927,Ashley Vega,Chennai,North,Groceries,Oil,10772.62,19.06,796.43,8,UPI,2025-10-12
6928,Jacqueline Good,Madurai,East,Electronics,Headphones,43439.57,29.75,5608.27,8,Cash,2024-08-03
6929,Antonio Donaldson,Coimbatore,North,Sports,Shoes,8517.8,12.92,1788.76,1,UPI,2024-05-14
6930,Betty Hill,Salem,South,Sports,Gym Bag,41503.95,9.73,6456.34,1,Cash,2024-01-09
6931,James Gutierrez,Tirunelveli,South,Furniture,Chair,9646.92,18.02,487.41,7,Cash,2025-05-20
6932,Jessica Gomez,Chennai,East,Sports,Gym Bag,48498.37,26.21,11062.31,1,Card,2025-06-08
6933,Andrea Smith,Coimbatore,East,Electronics,Headphones,3764.75,6.53,273.85,7,Cash,2024-11-07
6934,Marissa Chen,Trichy,North,Electronics,Mobile,46486.78,13.83,3673.78,2,UPI,2024-05-07
6935,Robert Ramirez,Trichy,South,Furniture,Chair,14262.48,0.32,3417.06,10,Net Banking,2024-03-25
6936,James Martinez,Trichy,West,Clothing,T-Shirt,11050.12,16.85,1717.04,10,Cash,2025-03-10
6937,Morgan Manning,Chennai,East,Clothing,Jacket,42440.87,2.33,8164.81,5,Net Banking,2024-08-21
6938,Michelle Hill,Madurai,South,Groceries,Milk,4378.83,27.04,1032.65,7,Net Banking,2024-08-07
6939,Nicole Wallace,Salem,South,Sports,Gym Bag,32833.19,18.14,3954.67,4,Cash,2025-04-12
6940,Andrew Webster,Tirunelveli,North,Electronics,Mobile,46252.37,26.24,11194.9,2,Net Banking,2025-06-28
6941,Tammie Evans,Chennai,West,Sports,Cricket Bat,23134.62,1.99,2917.56,8,Cash,2024-02-05
6942,Michelle Jenkins,Tirunelveli,East,Groceries,Milk,34681.8,25.66,8516.55,3,Card,2025-07-09
6943,Teresa Carroll,Madurai,South,Groceries,Snacks,8730.43,4.09,936.19,4,Net Banking,2025-09-25
6944,Lori Graham,Madurai,East,Sports,Shoes,45889.92,20.26,11284.31,4,Net Banking,2024-12-31
6945,Kelli Barton,Chennai,North,Clothing,Jeans,32380.8,29.31,2915.32,3,Card,2024-11-25
6946,Sharon Cline,Trichy,South,Electronics,Laptop,9449.11,7.94,1694.03,10,Cash,2025-05-20
6947,Shawna Cook,Salem,East,Sports,Gym Bag,37208.42,11.65,2963.31,10,Cash,2024-07-08
6948,Susan Snyder,Madurai,South,Sports,Football,46162.55,14.1,5173.89,7,Cash,2024-01-11
6949,Jennifer Sanders,Chennai,South,Clothing,T-Shirt,34501.56,17.71,1763.64,2,UPI,2024-08-12
6950,Lisa Juarez,Madurai,South,Furniture,Cupboard,10355.04,13.4,1596,7,Net Banking,2024-10-20
6951,Robert Miller,Trichy,South,Sports,Cricket Bat,44281.71,5.11,3839.11,3,Cash,2025-07-15
6952,Tracy Cline,Chennai,South,Clothing,T-Shirt,46259.96,10.68,4734.11,9,Card,2025-11-28
6953,Nicholas Brown,Madurai,East,Sports,Shoes,25926.07,17.71,4886.44,4,Card,2025-02-08
6954,Richard Benton,Trichy,North,Electronics,Headphones,7889.66,3.13,1823.21,9,Cash,2025-11-13
6955,Frederick Gutierrez,Trichy,North,Furniture,Sofa,49295.69,18.24,5114.87,1,Cash,2024-05-21
6956,Paige Armstrong,Coimbatore,South,Electronics,Smart Watch,26337.85,25.11,2782.45,6,Cash,2024-09-21
6957,Bryce Nicholson,Tirunelveli,East,Clothing,T-Shirt,19969.24,8.82,3938.19,2,Cash,2025-03-07
6958,Tiffany Lucas,Trichy,South,Clothing,T-Shirt,4024.09,28.82,407.12,7,Net Banking,2024-07-19
6959,Cheryl Garcia,Madurai,North,Groceries,Oil,18514.49,19.78,2205.09,2,Net Banking,2025-04-15
6960,Melissa Thomas,Tirunelveli,North,Furniture,Table,39999.64,21.89,5085.86,10,Cash,2024-09-19
6961,Jennifer Gibson,Trichy,West,Furniture,Chair,16704.32,29.09,1113.4,7,UPI,2025-03-02
6962,Nathan Kelley,Salem,East,Groceries,Rice,7655.31,27.9,425.53,3,Cash,2025-03-31
6963,Tammy Tucker,Salem,East,Groceries,Snacks,6868.05,8.74,1041.94,3,Cash,2024-02-14
6964,Richard Santiago,Trichy,West,Furniture,Table,22789.21,4.75,4591.5,3,Cash,2024-08-21
6965,Michael Lewis,Madurai,East,Groceries,Snacks,34554.83,4.68,2723.82,10,Cash,2025-02-05
6966,Mary Key DDS,Tirunelveli,South,Furniture,Table,18051.35,27.34,3911.06,2,Net Banking,2024-10-27
6967,Rachel Ramos,Coimbatore,North,Electronics,Mobile,1645.62,11.01,242.89,9,Net Banking,2024-02-23
6968,Timothy Williams,Madurai,North,Sports,Gym Bag,13446.54,13.8,1858.28,1,Card,2024-01-04
6969,Susan Perry,Trichy,North,Furniture,Sofa,26355.95,18.84,5693.86,7,Cash,2024-04-05
6970,James Nguyen,Tirunelveli,North,Sports,Cricket Bat,24118.93,19.68,4710.25,2,Cash,2025-10-31
6971,David Haynes,Chennai,East,Sports,Football,32060.4,5.26,4759.98,2,UPI,2025-12-23
6972,Dawn Wilkinson,Salem,South,Electronics,Headphones,41827.11,20.55,4530.38,6,UPI,2024-07-01
6973,Julie Franklin,Trichy,North,Sports,Football,2782.6,1.59,597.48,1,Card,2025-04-14
6974,Darlene Davis,Coimbatore,East,Clothing,T-Shirt,2419.93,18.76,564.13,2,Cash,2025-07-17
6975,Dakota Barnes,Salem,North,Clothing,Jeans,44618.23,23.93,7203.3,4,Net Banking,2025-08-06
6976,Luis Logan,Tirunelveli,North,Furniture,Chair,20241.55,19.56,3037.67,4,Cash,2025-12-07
6977,Mark Peters,Trichy,North,Groceries,Rice,25995.44,6.36,4460.26,5,UPI,2024-11-11
6978,Carol Petty,Coimbatore,East,Sports,Shoes,10608.95,6.77,1864.45,3,Net Banking,2024-09-19
6979,Shelley Ramirez,Tirunelveli,North,Groceries,Snacks,1680.1,1.35,268.05,1,Cash,2024-06-27
6980,Harry West,Coimbatore,North,Furniture,Sofa,7419.16,11.53,1582.61,6,Net Banking,2024-01-10
6981,Yesenia Alvarez,Tirunelveli,East,Electronics,Mobile,25766.77,23.01,5619.86,6,Card,2024-03-09
6982,John Holder,Chennai,West,Electronics,Laptop,48341.51,0.09,5354.7,3,Cash,2024-04-23
6983,Allison Benjamin,Madurai,North,Furniture,Sofa,26349.47,16.1,4098.15,2,UPI,2025-11-23
6984,Vincent Mitchell,Tirunelveli,West,Furniture,Cupboard,48172.2,9.79,2475.19,6,Net Banking,2025-09-07
6985,Ryan Ford,Salem,North,Electronics,Mobile,22008.72,18.55,1136.85,10,Cash,2024-03-14
6986,Rodney Booker,Madurai,East,Sports,Football,12687.11,19.96,2864.58,5,UPI,2025-12-05
6987,Ashley Gregory,Salem,East,Furniture,Sofa,18538.19,2.08,1933.75,10,Card,2025-05-28
6988,Dawn Atkins,Madurai,South,Groceries,Snacks,30521.51,25.53,2884.51,4,Card,2024-06-25
6989,Felicia Mendoza,Trichy,West,Groceries,Rice,34345.33,5.19,1812.55,8,UPI,2025-11-04
6990,Kevin Reid,Madurai,West,Groceries,Oil,41780.53,0.68,10145.47,6,UPI,2025-05-09
6991,Jonathan Walker,Salem,North,Sports,Cricket Bat,24701.99,19.96,5632.45,1,Card,2025-12-18
6992,Ernest Warren,Madurai,East,Clothing,Jacket,29576.69,19.74,3044.5,10,Cash,2025-03-15
6993,Christopher Johnson,Madurai,North,Groceries,Oil,24118.1,10.8,5316.9,1,UPI,2024-04-17
6994,Tracey Nelson,Madurai,South,Electronics,Mobile,45652.14,19.63,10165.62,4,Net Banking,2025-02-04
6995,Anita Hensley,Madurai,North,Furniture,Sofa,20625.27,17.5,2253.57,4,Net Banking,2025-10-04
6996,Lisa Evans,Chennai,East,Clothing,T-Shirt,11195.3,22.65,2365.86,6,Cash,2024-02-19
6997,William Griffith,Tirunelveli,East,Electronics,Laptop,45267.17,6.59,11200.66,2,Card,2025-05-17
6998,Stephanie Webb,Chennai,East,Groceries,Milk,43878.57,7.63,6596.67,2,Card,2024-08-05
6999,Jesse Sanders,Coimbatore,West,Groceries,Milk,34068.2,12.74,6887.13,4,UPI,2025-07-25
7000,Bonnie Black,Chennai,East,Clothing,Kurti,32403.24,12.86,1907.99,7,Cash,2025-03-09
7001,Natalie Patterson,Tirunelveli,North,Sports,Gym Bag,47182.78,20.13,8509.94,1,UPI,2024-07-11
7002,Nicole Sanchez,Tirunelveli,East,Groceries,Snacks,42386.42,8.74,4611.29,2,Card,2024-08-03
7003,Robert Henderson,Coimbatore,East,Sports,Shoes,7874.88,16.56,722.23,6,Card,2025-11-29
7004,Meghan Knight,Madurai,South,Clothing,Jacket,20883.66,2.9,4639,2,Net Banking,2025-10-04
7005,Parker Wilson,Chennai,South,Electronics,Headphones,38165.12,21.09,5418.96,2,Card,2025-11-04
7006,Erika Fritz,Madurai,North,Electronics,Laptop,10044.01,8.99,745.44,5,Net Banking,2024-01-22
7007,Patrick Sullivan,Salem,North,Electronics,Headphones,15903.77,9.4,3131.87,2,Card,2025-06-21
7008,Michael Diaz,Madurai,West,Furniture,Chair,12429.16,10.39,1325.42,8,Net Banking,2024-10-17
7009,Geoffrey Bolton,Trichy,East,Furniture,Cupboard,21820.66,27.64,4753.03,8,Card,2024-07-05
7010,Kevin Todd,Chennai,West,Furniture,Table,15035.51,7.84,1683.58,8,UPI,2024-07-01
7011,Madison Williams,Madurai,South,Sports,Gym Bag,4053.58,6.83,597.89,1,UPI,2024-07-06
7012,James Greene,Coimbatore,South,Groceries,Snacks,33111.49,11.76,5438.25,8,Card,2024-02-23
7013,Melissa Elliott,Madurai,East,Electronics,Mobile,32900.93,27.75,7899.06,2,Card,2024-07-08
7014,Darrell Lee,Coimbatore,North,Groceries,Snacks,2095.8,24.2,478.13,10,UPI,2025-03-11
7015,Kimberly Lopez,Salem,East,Clothing,Jeans,15220.02,19.34,1047.45,9,UPI,2025-11-29
7016,Deborah Webb,Trichy,South,Groceries,Milk,3874.75,18.72,462.01,4,Card,2025-10-22
7017,Jeanette Madden,Trichy,East,Groceries,Rice,36499.89,13.24,6754.29,3,Net Banking,2025-09-04
7018,Douglas Harris,Salem,East,Furniture,Table,39916.07,22.33,4598.58,5,UPI,2025-08-10
7019,Justin Cole,Chennai,West,Furniture,Table,8663.5,23.13,876.16,1,Cash,2024-08-26
7020,Melissa Underwood,Salem,North,Groceries,Rice,26769.36,6.53,6104.93,9,Card,2025-09-25
7021,James Ramirez,Trichy,North,Groceries,Milk,42279.23,18.06,4636.74,9,Net Banking,2025-08-22
7022,Melanie Garcia,Chennai,East,Sports,Cricket Bat,10902.5,7.41,1586.64,10,Card,2024-02-16
7023,Jesus Morgan,Coimbatore,South,Sports,Shoes,37359.95,28.53,8745.38,2,Card,2024-04-26
7024,Andrew Sparks,Coimbatore,North,Clothing,T-Shirt,42358.46,23.64,7377.05,4,Cash,2025-04-09
7025,William Curry,Madurai,East,Groceries,Oil,25394.33,7.99,2476.57,7,UPI,2025-05-02
7026,Matthew Allen,Coimbatore,West,Sports,Football,6359.58,10.92,1153.98,8,UPI,2024-12-14
7027,Gary Hoover,Tirunelveli,West,Sports,Cricket Bat,15532.25,22.75,3049.64,4,Cash,2025-02-04
7028,Eric Kaiser,Madurai,East,Electronics,Headphones,38732.34,9.59,5809.02,7,UPI,2024-11-13
7029,Daniel Russell,Madurai,East,Electronics,Smart Watch,31210.45,20.99,7431.33,9,Card,2024-05-16
7030,Shawn Lawrence,Coimbatore,South,Electronics,Laptop,6925.95,19.12,816.09,4,UPI,2024-11-28
7031,Dr. Jennifer Fisher,Madurai,North,Clothing,Jeans,22277.98,3.91,3227,2,UPI,2024-04-06
7032,Brad Patel,Madurai,South,Electronics,Headphones,13450.55,8.72,1485.27,4,Cash,2025-07-19
7033,Taylor Moore,Chennai,West,Clothing,Jacket,22390.66,10.16,4284.95,4,Cash,2024-07-14
7034,James Baldwin,Salem,West,Furniture,Cupboard,12422.19,23.15,1539.25,1,Card,2025-11-15
7035,Barbara Pratt,Madurai,West,Sports,Shoes,35600.28,0.69,5930.72,7,Card,2025-06-30
7036,Alicia Gibbs,Salem,West,Clothing,Kurti,43824.1,29.17,6461.85,2,Net Banking,2025-05-05
7037,Elizabeth Padilla,Chennai,North,Clothing,Jeans,4096.89,13.4,819.38,4,UPI,2025-08-03
7038,Phillip Stein,Coimbatore,North,Furniture,Table,23479.75,4.09,2974.63,7,UPI,2024-08-02
7039,Sandy Day MD,Chennai,West,Electronics,Headphones,22233.85,28.23,1413.79,1,Net Banking,2024-09-21
7040,Luis Smith,Trichy,East,Sports,Shoes,20172.47,13.47,1584.43,7,Card,2024-06-07
7041,Janet Erickson,Chennai,North,Groceries,Rice,39078.38,22.78,6578.56,4,Net Banking,2025-04-17
7042,Samuel Booth,Coimbatore,East,Clothing,Kurti,27197.56,13.6,5651.64,8,UPI,2024-09-17
7043,Nathan Davidson,Coimbatore,North,Clothing,Jacket,12992.34,8.86,1921.18,10,Cash,2025-05-18
7044,Jason Hamilton,Coimbatore,South,Furniture,Sofa,47985.26,27.06,7089.08,9,Cash,2025-01-24
7045,Thomas Scott,Chennai,North,Electronics,Mobile,33878.28,0.09,6223.27,1,Card,2024-02-07
7046,Justin Acevedo,Trichy,West,Sports,Shoes,43733,23.11,2429.39,6,Card,2025-07-22
7047,Savannah Payne,Salem,North,Sports,Cricket Bat,32187.74,24.21,4260.18,7,Card,2025-06-04
7048,Corey Parker,Madurai,North,Sports,Shoes,4895.45,7.12,598.37,5,Cash,2025-11-08
7049,Shawn Campbell,Chennai,East,Sports,Gym Bag,26608,13.71,5918.81,4,Cash,2024-06-02
7050,Daniel Moore,Trichy,North,Furniture,Table,28751.19,2.42,5550.89,1,Cash,2025-06-09
7051,Justin Downs,Trichy,South,Electronics,Laptop,35889.63,7.23,7366.39,5,Cash,2025-05-13
7052,Morgan Hill DVM,Salem,East,Sports,Football,6262.51,20.16,1173.27,8,Card,2025-11-10
7053,Deborah Copeland,Chennai,East,Clothing,T-Shirt,18921.27,2.31,4230.85,8,UPI,2024-08-13
7054,Jared Gross,Salem,East,Furniture,Chair,38164.83,1.14,3389.7,4,Card,2025-04-25
7055,Michelle Phillips,Trichy,South,Furniture,Sofa,34103.54,15.6,3551.19,3,Cash,2024-05-24
7056,Lauren Huang,Trichy,West,Furniture,Table,32262.26,11.84,2910.13,4,Cash,2025-06-19
7057,Matthew Taylor,Tirunelveli,East,Furniture,Table,47945.06,9.66,6403,6,Net Banking,2025-10-11
7058,Ashley Sanchez,Chennai,East,Groceries,Rice,19919.11,28.51,1611.15,4,Net Banking,2024-03-05
7059,Michael Carter,Madurai,South,Groceries,Snacks,4337.29,10.81,739.01,8,Card,2025-07-03
7060,Jeff Richardson MD,Madurai,West,Sports,Football,12351.28,12.24,757.93,2,Card,2025-01-14
7061,Joshua Blevins,Coimbatore,East,Sports,Shoes,35914.06,19.39,2893.71,7,UPI,2024-07-09
7062,Meghan Robinson,Chennai,North,Electronics,Mobile,37971.43,10.96,2618.59,8,Card,2025-11-16
7063,Brian Medina,Chennai,North,Furniture,Sofa,22086.47,9.12,1770.72,4,Net Banking,2025-10-15
7064,Elizabeth Young,Coimbatore,North,Sports,Shoes,26187.77,13.26,3364.74,7,Net Banking,2024-01-16
7065,Albert Rivers,Tirunelveli,West,Furniture,Cupboard,535.11,0.2,130.22,2,Net Banking,2025-03-22
7066,Jennifer Wang,Chennai,West,Electronics,Smart Watch,48958.32,14.11,2638.99,1,Card,2025-03-17
7067,Paul Harvey,Chennai,North,Groceries,Milk,32937.97,10.59,6649.25,2,Card,2025-04-09
7068,Mackenzie Hoover,Coimbatore,West,Clothing,T-Shirt,21449.72,18.02,1451.24,8,Net Banking,2025-09-07
7069,Ashley Butler,Tirunelveli,East,Groceries,Milk,32112.99,10.34,5068.79,8,Net Banking,2024-12-07
7070,Matthew Cantrell,Coimbatore,North,Furniture,Chair,17778.22,12.85,3643.31,1,Cash,2025-01-05
7071,Kiara Ramos,Coimbatore,West,Clothing,Jeans,21082.59,29.88,4659.91,4,UPI,2024-03-27
7072,Kristin Jackson,Tirunelveli,West,Groceries,Rice,4383.58,8.06,1036.18,2,Cash,2024-09-18
7073,Carol Good,Coimbatore,South,Sports,Gym Bag,45802.79,9.36,6469.43,2,Net Banking,2025-06-13
7074,Robin Garner,Coimbatore,East,Electronics,Mobile,46878.67,26.57,11026.74,9,Card,2025-05-29
7075,Shannon Gibson,Coimbatore,West,Sports,Shoes,20464.04,29.22,1906.1,6,Net Banking,2024-02-24
7076,Chad Johnson,Trichy,North,Groceries,Snacks,25786.94,10.49,5755.02,9,Card,2025-10-26
7077,Catherine Jackson,Salem,North,Sports,Shoes,10735.34,16.79,1554.64,7,Card,2025-07-22
7078,Jennifer Giles,Tirunelveli,South,Electronics,Mobile,5798.73,25.71,1079.13,5,Net Banking,2024-03-11
7079,Dawn Garrett,Trichy,South,Electronics,Mobile,32162.39,11.32,5831.47,2,Card,2025-05-30
7080,Hannah Ponce,Tirunelveli,South,Furniture,Cupboard,31265.62,22.18,4773.97,3,Card,2024-03-09
7081,Tracy Rose,Coimbatore,East,Groceries,Milk,18096.56,3.68,3037.37,5,Cash,2024-01-08
7082,Katherine Smith,Chennai,North,Clothing,Kurti,28679.47,15.89,1716.46,4,UPI,2025-03-05
7083,Jordan Hanson,Madurai,East,Sports,Cricket Bat,27666.13,16.93,5085,7,Card,2024-08-19
7084,Timothy Jackson,Coimbatore,East,Sports,Gym Bag,4130.81,19.29,588.04,1,Card,2025-02-18
7085,Alyssa Steele,Madurai,South,Groceries,Milk,15555.46,19.14,787.62,1,UPI,2024-04-11
7086,Carrie Barnes,Trichy,South,Clothing,Jeans,30359.4,29.83,3324.53,5,Net Banking,2025-05-24
7087,Timothy Warren,Tirunelveli,East,Electronics,Headphones,9070.28,17.38,1653.49,10,Card,2025-10-01
7088,Robert Harris,Madurai,East,Electronics,Headphones,20677.66,28.03,4143.79,8,UPI,2025-10-11
7089,Bradley Mcneil,Chennai,East,Furniture,Table,19222.88,13.52,1226.86,1,UPI,2024-09-03
7090,James Stevens,Madurai,East,Groceries,Snacks,35616.47,23.11,7747.61,7,Net Banking,2024-12-25
7091,Matthew Olson,Trichy,South,Sports,Cricket Bat,45079.65,3.21,9191.23,7,Card,2025-04-27
7092,Christina Mullins,Tirunelveli,West,Furniture,Sofa,22319.78,5.63,2037.67,8,Net Banking,2025-01-15
7093,Sean Elliott,Trichy,East,Groceries,Rice,41502.05,19.84,3463.13,5,Card,2024-05-20
7094,Timothy Daniels,Tirunelveli,East,Groceries,Milk,48344.51,3.24,4628.73,7,Card,2025-08-26
7095,Brian Becker,Coimbatore,North,Electronics,Smart Watch,9036.8,18.38,1127.74,3,UPI,2025-12-04
7096,Barbara Malone,Tirunelveli,South,Clothing,Jeans,48752.85,6.4,8788.65,7,Net Banking,2024-07-02
7097,Thomas Lee,Coimbatore,East,Clothing,Kurti,9682.19,7.57,2263.06,1,Net Banking,2025-05-02
7098,Paul Taylor,Coimbatore,West,Furniture,Chair,1444.68,2.79,271.21,3,Net Banking,2024-07-31
7099,Sabrina Moore,Coimbatore,East,Sports,Football,25230.01,29.73,4326.85,8,Card,2025-09-20
7100,Jeanette Cole,Tirunelveli,East,Electronics,Smart Watch,21881.26,20.47,1642.56,3,UPI,2024-02-12
7101,Dean Lee,Chennai,North,Sports,Shoes,21938.91,21.57,1338.67,7,Card,2025-04-26
7102,Lindsay Wells,Chennai,South,Electronics,Smart Watch,7937.45,11.05,1638.7,6,Card,2024-08-31
7103,William Knight,Tirunelveli,South,Sports,Shoes,12506.9,8.06,634.01,3,Cash,2024-01-04
7104,Daniel Kelly PhD,Chennai,West,Clothing,T-Shirt,40691.65,4.13,3897.27,2,Card,2025-08-15
7105,Jeffrey Gibson,Salem,North,Groceries,Milk,28415.18,9.72,6037.31,2,Card,2025-06-02
7106,Tiffany Lambert,Madurai,East,Electronics,Headphones,43503.59,7.72,6815.62,9,Cash,2025-05-12
7107,Gregory Phillips,Coimbatore,South,Electronics,Smart Watch,6026.46,28.55,1145.7,9,Cash,2024-12-12
7108,Amanda Davidson,Coimbatore,South,Furniture,Table,21557.46,5.59,2761.86,6,Cash,2024-05-25
7109,Kimberly Jenkins,Coimbatore,North,Electronics,Laptop,40285.83,1.38,7602.59,3,Net Banking,2024-09-29
7110,Jack Barker,Madurai,West,Electronics,Smart Watch,39877.68,17.16,5598.82,10,Net Banking,2025-08-18
7111,James Cummings,Salem,South,Clothing,Kurti,5483.36,27.21,1048.79,8,Cash,2025-07-10
7112,Carol Fields,Salem,East,Electronics,Laptop,4952.62,5.8,749.66,5,Net Banking,2025-07-02
7113,Monica Harris,Madurai,North,Clothing,T-Shirt,25652.32,25.82,5251.1,9,Card,2024-10-22
7114,Daniel Jennings,Tirunelveli,East,Groceries,Snacks,30707.83,20.87,1862.43,3,Cash,2025-02-07
7115,Jeffrey Montgomery,Madurai,West,Clothing,T-Shirt,17679.42,26.41,2458.36,8,Card,2025-12-01
7116,Ricky Barber,Chennai,East,Sports,Gym Bag,571.21,6.26,100.42,8,UPI,2025-03-01
7117,Mr. Anthony Taylor Jr.,Trichy,North,Electronics,Headphones,25276.32,18.73,4853.27,5,Net Banking,2025-11-23
7118,Brandy Anderson,Trichy,North,Sports,Shoes,44158.84,19.52,4099.9,10,Cash,2025-12-25
7119,Matthew Bridges,Coimbatore,North,Clothing,Kurti,26280.13,23.78,3230.67,10,UPI,2024-04-08
7120,Angela Swanson,Tirunelveli,South,Sports,Gym Bag,26141.07,19.84,4196.58,2,UPI,2024-03-29
7121,Christopher Whitaker,Tirunelveli,East,Sports,Shoes,40219.26,24.84,4483.14,7,Net Banking,2024-04-12
7122,Dawn Mercado,Trichy,West,Clothing,T-Shirt,48063.95,21.01,5368.24,3,Net Banking,2025-08-29
7123,Melissa Steele,Madurai,South,Furniture,Chair,37649.69,1.99,7243.42,6,UPI,2024-04-18
7124,Stephen Fleming,Tirunelveli,North,Sports,Football,21184.99,7.43,1888.46,5,UPI,2025-12-25
7125,Jesse Rush,Madurai,West,Electronics,Mobile,27760.08,23.94,3778.25,9,UPI,2025-04-20
7126,Anna Hayes,Coimbatore,South,Clothing,Jacket,20939.47,28.43,5018.55,1,Net Banking,2025-09-07
7127,Hunter Jenkins,Trichy,North,Sports,Gym Bag,24243.55,3.24,5087.45,6,Net Banking,2024-08-11
7128,Russell Andrade,Coimbatore,West,Sports,Gym Bag,2213.1,25,425.6,9,Cash,2024-03-26
7129,Shawn Lopez,Coimbatore,West,Furniture,Sofa,16999.43,24.51,2879.34,6,UPI,2024-02-13
7130,Sara Bowers,Coimbatore,North,Sports,Shoes,24335.25,4.29,4850.69,8,UPI,2025-10-09
7131,Christopher Odonnell,Trichy,North,Clothing,Jeans,49539.71,19.73,8606.74,2,Net Banking,2024-05-21
7132,Shawn Barton,Coimbatore,South,Clothing,T-Shirt,9590.45,7.77,1242.35,7,Card,2025-01-30
7133,Pamela Soto,Coimbatore,South,Clothing,Jacket,10250.2,27.99,1137.13,8,Cash,2024-02-05
7134,Kevin Smith,Madurai,West,Sports,Gym Bag,7662.53,13.8,1502.24,3,UPI,2025-02-24
7135,Joshua Contreras,Trichy,East,Groceries,Oil,32815.94,1.17,5375.45,7,Net Banking,2025-06-19
7136,Johnny Williams,Trichy,East,Clothing,Kurti,46324.04,22.83,4814.03,6,Net Banking,2024-07-14
7137,Cody Herrera,Tirunelveli,East,Sports,Cricket Bat,1868.81,27.65,289.17,4,Card,2025-06-08
7138,Christina Rodriguez,Coimbatore,East,Electronics,Smart Watch,9380.41,17.18,1339.77,6,Card,2024-07-28
7139,Angela Burns,Coimbatore,North,Electronics,Headphones,22181.47,16.31,5047.73,2,Net Banking,2025-06-19
7140,Ethan Smith,Chennai,East,Electronics,Smart Watch,48842.95,19.16,7757.24,7,Cash,2024-02-01
7141,Lynn Reese,Madurai,West,Furniture,Table,38861.53,0.01,8431.34,4,Net Banking,2024-01-17
7142,Thomas Robertson,Madurai,East,Sports,Shoes,2911.94,2.55,371.15,9,UPI,2024-02-29
7143,Cheryl Brooks,Tirunelveli,South,Groceries,Snacks,28542.65,1.25,5347.75,3,UPI,2025-03-25
7144,Mario Ortiz,Trichy,North,Clothing,Jeans,31304.88,28.75,5517.78,10,Net Banking,2025-02-02
7145,Karen Cowan,Chennai,East,Clothing,T-Shirt,45868.33,15.72,5045.59,8,UPI,2025-01-10
7146,Kelly Mccarthy,Coimbatore,South,Electronics,Headphones,3668.52,9.82,713.53,8,Card,2025-07-15
7147,Kevin Morgan,Trichy,East,Electronics,Laptop,26807.39,11.72,2243.31,2,Cash,2024-03-04
7148,Mitchell Davies,Madurai,East,Clothing,Kurti,11348.48,7.13,2285.03,3,UPI,2025-11-06
7149,Thomas Carter,Tirunelveli,North,Furniture,Sofa,21137.99,25.73,1981,1,Net Banking,2024-06-23
7150,Gregory Roberts,Coimbatore,North,Sports,Gym Bag,33771.22,3.49,4984.45,10,Cash,2025-06-04
7151,Heather Baker,Coimbatore,West,Clothing,Kurti,12817.23,7.02,672.71,8,Cash,2025-05-02
7152,Haley Hopkins,Chennai,South,Sports,Shoes,36487.2,20.46,6488.93,9,UPI,2024-05-22
7153,Brent Williams,Tirunelveli,West,Furniture,Table,43412.68,18.29,5493.17,5,UPI,2025-12-01
7154,Susan Beck,Tirunelveli,North,Groceries,Rice,17075.15,27.53,2133.59,6,UPI,2025-08-13
7155,Christopher Wood,Madurai,South,Groceries,Snacks,40274.93,11.78,3309.47,7,Card,2024-12-31
7156,Sara Edwards,Salem,South,Sports,Cricket Bat,48234.44,22.58,2997.65,10,Cash,2025-10-21
7157,Lori Mercer,Chennai,East,Groceries,Rice,1949.58,29.63,181.17,2,Net Banking,2025-02-27
7158,Emma Newton,Tirunelveli,South,Furniture,Table,21410.74,23.2,4957.98,8,Cash,2025-09-04
7159,Melissa Todd,Madurai,South,Clothing,Jacket,36555.44,11.42,8233.21,9,UPI,2025-01-28
7160,Luis Ortiz,Madurai,East,Furniture,Cupboard,23471.95,18.69,3241.17,5,UPI,2024-05-18
7161,Jessica Bauer,Madurai,South,Sports,Shoes,4538.62,23.4,985.2,6,Net Banking,2024-04-24
7162,Crystal Williams,Tirunelveli,South,Clothing,Jeans,31513.56,11.7,3422.45,4,Cash,2024-06-05
7163,Brian Potter,Salem,South,Electronics,Headphones,28874.39,28.03,2340.24,5,Net Banking,2025-04-26
7164,Kenneth Wood,Madurai,North,Furniture,Sofa,30989.19,21.44,7276.83,3,UPI,2025-12-29
7165,Charles Woods,Madurai,South,Electronics,Headphones,6422.48,22.36,665.88,8,UPI,2024-12-11
7166,Kelly Brown,Salem,West,Clothing,Jeans,18248.88,17.52,1384.19,6,Net Banking,2025-02-02
7167,Robin Gentry,Tirunelveli,North,Sports,Gym Bag,29241.59,21.88,2349.69,5,Cash,2024-03-29
7168,Richard Lloyd,Salem,East,Furniture,Table,43874.3,4.21,3050.64,5,Cash,2025-06-18
7169,Sarah Watson,Chennai,East,Clothing,Jeans,25137.78,2.43,5775.29,1,Net Banking,2024-04-08
7170,Andrew Robbins,Coimbatore,West,Clothing,Jacket,39948.18,26.28,8752.94,6,UPI,2025-08-09
7171,Luke Chapman,Coimbatore,North,Clothing,Kurti,14070.09,11.11,2339.47,10,Net Banking,2025-04-03
7172,Ashlee Gross,Coimbatore,South,Sports,Cricket Bat,26499.46,24.07,2297.66,6,UPI,2024-07-28
7173,Karen Smith,Madurai,North,Clothing,Jacket,13435.06,3.37,2611.3,4,Net Banking,2024-07-09
7174,Carrie Lamb,Chennai,West,Electronics,Mobile,16884.79,15.82,1976.31,10,Cash,2025-09-01
7175,Laura Russell,Madurai,South,Sports,Gym Bag,11246.71,29.35,864.59,5,Cash,2025-08-18
7176,Lisa Kim,Madurai,North,Groceries,Milk,39789.96,14.7,6717.55,3,Card,2024-04-26
7177,Thomas Becker,Coimbatore,South,Electronics,Mobile,42280,24.93,3888.79,8,UPI,2025-05-19
7178,Brian Ferrell,Tirunelveli,North,Electronics,Smart Watch,31736.52,1.39,5624.63,4,Cash,2024-03-02
7179,Jessica Rodriguez,Tirunelveli,West,Sports,Football,41054.26,17.29,8487.48,6,Net Banking,2024-04-14
7180,Rebecca Goodwin,Salem,West,Furniture,Table,42209.33,2.8,8613.29,8,UPI,2024-11-09
7181,Thomas Weaver,Tirunelveli,West,Clothing,T-Shirt,24475.51,28.27,2018.15,6,UPI,2025-05-15
7182,Frank Mccarthy,Trichy,North,Groceries,Oil,37494.1,11.43,5889.68,7,UPI,2025-02-09
7183,Daniel Trujillo,Coimbatore,South,Groceries,Oil,20160.65,23,2359.24,3,Net Banking,2025-07-06
7184,Erin Ramos,Trichy,South,Groceries,Milk,33257.94,4.91,3855.72,7,Net Banking,2025-09-01
7185,Jeremiah Kelly,Madurai,West,Sports,Gym Bag,13312.4,1.29,2564.27,7,Net Banking,2024-01-14
7186,Erin Dixon,Trichy,North,Clothing,Jacket,45933.36,17.21,2535.58,5,Cash,2025-01-18
7187,Michelle Mckenzie,Coimbatore,South,Clothing,T-Shirt,45677.32,23.96,3872.72,5,UPI,2025-01-15
7188,Jordan Williams,Salem,East,Groceries,Oil,39444.36,23.16,9165.82,10,Net Banking,2024-09-29
7189,Brittany Carter,Coimbatore,West,Sports,Gym Bag,37574.83,4.41,2135.88,8,Card,2024-10-31
7190,Kathleen Hogan,Trichy,West,Furniture,Chair,24280.97,27.43,1575.39,9,Card,2024-02-07
7191,Justin Mckinney,Madurai,East,Electronics,Smart Watch,5354.47,29.84,396,4,UPI,2024-04-07
7192,Amanda Sims,Tirunelveli,North,Furniture,Table,20775.61,9.37,2421.14,6,UPI,2025-01-01
7193,Richard Smith,Madurai,East,Electronics,Smart Watch,16317.93,4.68,2165.7,10,UPI,2024-11-16
7194,Andrew Guerrero,Trichy,West,Clothing,Kurti,12521.64,20.09,1203.61,10,Cash,2025-11-18
7195,Todd Matthews,Madurai,South,Electronics,Laptop,30390.29,9.93,5023.88,2,Net Banking,2024-06-17
7196,Jamie Barker,Coimbatore,North,Groceries,Milk,36024.99,11.71,7721.47,8,Net Banking,2024-07-28
7197,Janet Mathis,Madurai,North,Clothing,Kurti,4542,25.28,339.16,4,UPI,2025-07-15
7198,Richard Nelson,Madurai,West,Sports,Football,33867.14,2.7,7100.21,1,Net Banking,2025-08-21
7199,Carrie Willis,Coimbatore,East,Furniture,Cupboard,47757.89,28.41,10337.7,8,Cash,2025-10-03
7200,Casey Watts,Salem,North,Furniture,Chair,13238.62,5.22,2730.06,7,Net Banking,2024-07-23
7201,David Hartman,Trichy,South,Groceries,Oil,49321.53,15.36,9262.9,7,Card,2025-08-09
7202,Katie Sexton,Chennai,South,Groceries,Snacks,41253.61,1.93,5859.24,7,Net Banking,2025-06-14
7203,Laura Wade,Madurai,West,Groceries,Oil,40341.09,27.55,4820.5,1,Card,2024-03-25
7204,Jason Jones,Madurai,West,Clothing,Jeans,866.62,21.61,75.26,6,UPI,2025-12-02
7205,Connie Reynolds,Tirunelveli,South,Sports,Gym Bag,6222.72,4.5,745.29,8,UPI,2024-03-13
7206,Abigail Rasmussen,Trichy,West,Electronics,Mobile,24377.01,12.52,1375.95,6,Net Banking,2024-05-12
7207,Justin Reynolds,Coimbatore,South,Furniture,Sofa,46736.57,23.18,4412.12,10,Net Banking,2024-09-05
7208,Gregory Wright,Salem,West,Clothing,T-Shirt,22513.4,5.51,4862.25,9,Cash,2024-04-18
7209,Christina Bradley,Chennai,North,Electronics,Mobile,40376.63,28.09,4859.57,7,UPI,2025-04-03
7210,Lee Reid,Chennai,South,Furniture,Chair,33721.27,25.16,4488.73,7,Net Banking,2024-06-03
7211,Anthony Myers,Tirunelveli,North,Groceries,Rice,10576.67,4.58,605.64,3,Card,2024-12-08
7212,Justin Romero,Coimbatore,East,Clothing,Jacket,24275.67,14.74,2560.21,9,Net Banking,2025-12-14
7213,Jennifer Lopez,Coimbatore,North,Sports,Gym Bag,749.34,23.72,43.49,3,Card,2025-06-03
7214,Thomas Bates,Madurai,South,Groceries,Milk,48460.78,19.54,5848.23,6,Cash,2024-12-06
7215,Ronnie Macias,Chennai,North,Groceries,Snacks,22828.39,18.63,4617.9,1,Cash,2025-06-02
7216,Kimberly Thompson,Trichy,South,Groceries,Milk,7711.81,4.22,506.94,4,Card,2024-08-09
7217,Jessica Beck,Chennai,East,Clothing,Jeans,40705.74,24.06,9434.23,6,UPI,2024-06-03
7218,Brian Thomas,Coimbatore,East,Sports,Shoes,9547.01,29.56,537.61,3,Net Banking,2025-01-17
7219,Steven Brooks,Chennai,South,Sports,Cricket Bat,46856.09,2.74,8705.95,7,Cash,2024-01-05
7220,Justin Kelley,Chennai,South,Clothing,T-Shirt,43948.56,22.05,5485.97,7,Card,2025-11-28
7221,William Ortega PhD,Tirunelveli,East,Electronics,Mobile,14338.92,13.76,3325.79,3,Cash,2025-05-10
7222,Ashley Gross,Madurai,East,Furniture,Table,18967.4,15.16,4109.36,2,Cash,2024-06-04
7223,Danielle Jacobson,Trichy,East,Groceries,Oil,13734.37,21.98,1527.35,8,UPI,2024-01-06
7224,Angela Martinez,Tirunelveli,North,Groceries,Rice,323.9,23.74,33.49,1,Card,2025-09-25
7225,Gerald Reed,Chennai,South,Sports,Cricket Bat,29541.6,11.82,6940.78,8,Net Banking,2025-09-29
7226,Gary Anderson,Tirunelveli,West,Sports,Shoes,29784.1,25.5,1522.65,5,Cash,2024-04-04
7227,Hunter Brown,Coimbatore,South,Sports,Shoes,29438.5,15.49,2365.96,8,Card,2024-04-10
7228,Joseph Wiley,Salem,South,Furniture,Sofa,3519.5,24.11,411.71,9,UPI,2025-07-26
7229,Brian Walker,Tirunelveli,East,Sports,Cricket Bat,8578.93,29.69,1195.07,4,Cash,2024-08-14
7230,Rose Young,Tirunelveli,West,Electronics,Laptop,47666.3,2.31,4486.59,9,Net Banking,2024-12-26
7231,Erica Johnson,Chennai,North,Sports,Gym Bag,47629.93,28.72,8433.83,5,UPI,2024-01-04
7232,Marcus Jensen,Tirunelveli,North,Furniture,Table,29188.39,12.05,1612.06,10,Cash,2025-08-09
7233,Nicholas Mccoy,Madurai,South,Electronics,Laptop,30047.05,20.93,5014.19,2,UPI,2025-09-21
7234,Crystal Harrison,Trichy,South,Clothing,Kurti,31584.24,1.64,4025.52,8,UPI,2025-05-08
7235,Stephanie Decker,Chennai,North,Clothing,Jeans,26687.1,11.05,4084.89,5,Cash,2025-01-24
7236,Melissa Taylor,Coimbatore,East,Clothing,Jeans,6475.74,16.87,1291.56,1,Cash,2024-03-26
7237,Laura Moore,Tirunelveli,West,Sports,Gym Bag,45666.18,10.07,6179.19,5,Card,2024-01-16
7238,Carlos Hughes,Tirunelveli,West,Electronics,Laptop,13816.02,27.9,2307.65,7,Card,2024-07-30
7239,Sarah Thomas,Chennai,North,Sports,Shoes,2219.14,19.73,277.53,2,UPI,2024-06-20
7240,Stephanie Olson,Chennai,South,Electronics,Mobile,43497.66,17.46,2207.67,9,UPI,2024-04-16
7241,Aaron Sexton,Trichy,North,Sports,Cricket Bat,22093.57,12.29,3589.25,4,Cash,2025-11-06
7242,Christine Sandoval,Coimbatore,North,Furniture,Cupboard,39367.78,10.51,5210.36,7,UPI,2025-02-24
7243,Erin Garza,Chennai,East,Clothing,Jeans,14706.07,10.38,1734.55,8,Net Banking,2025-03-28
7244,Jacob Hammond,Tirunelveli,East,Furniture,Sofa,18677.24,22.2,3666.98,3,UPI,2025-11-01
7245,Sarah Warner,Trichy,West,Sports,Gym Bag,42362.52,18.5,9196.03,5,Net Banking,2025-07-16
7246,Maria Spears,Trichy,West,Furniture,Table,36650.41,24.5,8600.94,9,UPI,2025-07-02
7247,John Payne,Chennai,East,Clothing,Jeans,4781.15,16.63,1051.23,4,Card,2024-04-02
7248,Patricia Lewis,Coimbatore,North,Electronics,Laptop,36033.19,5.54,2792.27,4,UPI,2024-07-21
7249,Stephanie Taylor,Madurai,South,Furniture,Table,14440.59,15.43,1805.58,6,Cash,2024-09-18
7250,Darlene Cabrera,Madurai,South,Furniture,Chair,13415.42,1.12,3151.35,2,Cash,2025-05-30
7251,Krystal Horn,Chennai,North,Electronics,Laptop,49606.86,23.55,2664.24,1,Cash,2025-01-08
7252,Dylan Estrada,Chennai,North,Furniture,Table,33882.06,25.57,2359.37,9,Cash,2025-11-15
7253,Tracy Hopkins,Madurai,West,Clothing,Jeans,14476.57,24.51,3125.43,2,UPI,2024-05-20
7254,Thomas Harris,Tirunelveli,South,Groceries,Snacks,25784.79,17.18,5519.53,1,Net Banking,2024-07-04
7255,Kyle Porter,Chennai,South,Furniture,Cupboard,19769.25,13.28,2847.38,2,UPI,2024-12-12
7256,Sean Vang,Trichy,West,Furniture,Chair,1073.32,21.04,127.71,8,Cash,2024-05-20
7257,Brandon Harris,Tirunelveli,West,Furniture,Cupboard,238.62,20.58,29,10,Card,2025-06-02
7258,Gina Williams,Coimbatore,North,Furniture,Table,3765.17,29.67,225.47,10,UPI,2025-11-15
7259,Terri Mcneil,Coimbatore,South,Furniture,Table,47701.36,14.29,6664.82,8,Card,2024-11-11
7260,Jill Mcmillan,Trichy,North,Clothing,Jeans,27464.11,1.99,4221.49,2,Net Banking,2024-04-01
7261,Ronald Evans,Chennai,South,Electronics,Headphones,44637.56,26.16,10222.85,5,UPI,2024-05-21
7262,Kathryn Andrade,Chennai,West,Sports,Gym Bag,25155.15,25.45,5320.69,3,Cash,2024-10-17
7263,Keith Keller,Salem,West,Furniture,Sofa,5237.98,1.34,895.01,2,UPI,2024-09-21
7264,Kenneth Mata,Salem,South,Clothing,Jacket,44168.45,1.39,5642.36,2,Net Banking,2024-06-28
7265,Heather Neal,Chennai,North,Electronics,Smart Watch,18683.74,27.63,2635.13,4,Net Banking,2024-09-09
7266,William Smith,Madurai,North,Groceries,Oil,34723.21,28.3,3965.79,1,UPI,2025-10-19
7267,Jordan Miller,Tirunelveli,North,Furniture,Table,21105.35,4.63,4410.26,3,UPI,2025-02-04
7268,Brian Shelton,Salem,South,Groceries,Snacks,17175.48,9.9,3688.6,6,Card,2024-09-22
7269,Christopher Lewis,Chennai,East,Groceries,Oil,38803.62,5.68,9579.69,1,Card,2025-05-30
7270,Carlos Garcia,Trichy,East,Furniture,Table,47743.7,7.71,4056.42,3,Cash,2025-08-03
7271,Bobby Mclean,Coimbatore,South,Furniture,Chair,3929.03,12.49,792.16,10,Net Banking,2024-06-04
7272,Thomas Navarro,Madurai,West,Furniture,Sofa,37792.76,4.47,8216.63,5,Card,2024-09-24
7273,David Simmons,Madurai,South,Electronics,Laptop,36562.92,29.1,3474.3,9,Net Banking,2025-10-22
7274,Todd Walsh,Coimbatore,North,Sports,Shoes,19561.36,16.69,4883.21,9,Card,2025-12-12
7275,Corey Ferguson,Trichy,West,Electronics,Smart Watch,11497.18,22.59,2598.21,6,Net Banking,2025-02-26
7276,Rebecca Wade,Chennai,North,Clothing,T-Shirt,28881.75,8.18,1596.56,6,Net Banking,2024-10-16
7277,Laura Stephens,Trichy,South,Groceries,Rice,26601.42,13.53,5827.22,9,Net Banking,2025-02-03
7278,Kimberly Calderon,Coimbatore,East,Sports,Shoes,41871.21,13.24,2454.35,5,UPI,2024-05-31
7279,Mario Russo,Coimbatore,East,Groceries,Snacks,41810.91,16.7,6006.49,8,Card,2025-02-21
7280,Eric Lin,Coimbatore,West,Electronics,Mobile,46210.34,21.36,8262.65,8,Cash,2024-08-06
7281,John Martin,Madurai,East,Clothing,Jacket,38834.11,25.39,5543.55,2,Cash,2025-07-02
7282,Kimberly Day,Madurai,South,Electronics,Mobile,14798.72,27.22,2739.57,8,Card,2024-09-24
7283,Tammy Moore,Coimbatore,West,Clothing,Kurti,18971.58,4.37,3517.03,6,Cash,2025-07-28
7284,Alexis Nelson,Coimbatore,North,Sports,Cricket Bat,15786.37,0.59,3340.38,5,UPI,2025-10-20
7285,Angela Evans,Salem,South,Electronics,Laptop,29495.01,0.55,7304.18,8,UPI,2024-09-22
7286,Colleen Morrow,Tirunelveli,North,Clothing,Jeans,39348.52,17.67,8361.08,3,UPI,2025-08-28
7287,Ashley Nelson,Trichy,East,Furniture,Chair,49785.06,19.83,10342.06,3,Net Banking,2024-12-02
7288,Aaron Walker,Chennai,East,Furniture,Chair,33143.19,16.52,7701.39,3,UPI,2024-07-24
7289,Ann Steele,Madurai,East,Furniture,Cupboard,5521.86,20.46,1040.35,7,Card,2024-08-11
7290,Adam Cunningham,Tirunelveli,East,Clothing,Kurti,20037,21.27,4570.81,7,Card,2025-06-30
7291,Andrea Carpenter,Trichy,South,Electronics,Mobile,14633.9,16.4,3383.11,7,Net Banking,2024-04-25
7292,Samantha Chambers,Chennai,North,Sports,Shoes,33762.11,29.74,3512.54,10,Cash,2024-02-06
7293,Jennifer Reid,Tirunelveli,East,Clothing,Kurti,22797.89,26.11,3564.94,7,UPI,2025-07-04
7294,Noah Taylor,Salem,East,Clothing,Kurti,12000.75,7.9,1728.34,9,Net Banking,2025-05-14
7295,Kristy Beasley,Chennai,South,Groceries,Rice,32577.63,29.45,5513.16,10,Card,2025-03-07
7296,Tanya Blevins,Salem,South,Furniture,Table,15510.66,28.65,1955.28,5,Card,2025-01-12
7297,Anne Brown,Tirunelveli,East,Furniture,Cupboard,16229.57,0.71,2735.88,4,Cash,2025-01-01
7298,Daniel Vincent,Madurai,West,Groceries,Rice,7604.38,19.6,1047.5,8,UPI,2024-01-17
7299,Courtney Rodriguez,Chennai,East,Clothing,T-Shirt,5348.32,19.23,741.02,5,Card,2025-11-10
7300,Debra Stephens DDS,Trichy,West,Electronics,Smart Watch,45964.03,22.64,6706.64,10,Card,2024-09-04
7301,Jody Moreno,Chennai,South,Furniture,Chair,2823.4,10.48,505.4,2,Cash,2025-02-23
7302,Roberta Scott,Salem,South,Furniture,Table,21325.41,28.59,2272.22,6,Cash,2024-03-01
7303,Michael Espinoza,Salem,North,Electronics,Laptop,23404.74,7.94,5737.78,4,Net Banking,2024-08-22
7304,Meghan Stewart,Trichy,North,Furniture,Table,26251.37,13.84,5542.64,7,Card,2025-10-23
7305,Amber Walker,Madurai,South,Groceries,Snacks,15564.35,9.01,918.55,5,Net Banking,2024-11-17
7306,Dana Bowen,Chennai,North,Groceries,Rice,31483.28,7.13,1930.99,2,UPI,2025-04-19
7307,Michael Moore,Tirunelveli,East,Electronics,Headphones,16822.09,4.57,992.08,4,Net Banking,2024-10-22
7308,John Porter,Chennai,West,Electronics,Mobile,7839.44,18.75,1450.97,3,Net Banking,2024-10-16
7309,Roger Flynn,Coimbatore,East,Electronics,Headphones,25995.62,3.53,2193.51,5,Net Banking,2024-06-12
7310,Sonya Li,Tirunelveli,East,Sports,Football,21264.01,22.25,1659.02,1,Cash,2025-05-27
7311,Robert Pratt,Salem,West,Clothing,Kurti,24907.33,8.77,5623.72,7,Cash,2025-11-29
7312,Susan Ayala,Coimbatore,West,Furniture,Sofa,25363.22,14.66,1460.46,5,Net Banking,2025-03-04
7313,Nicholas Mills,Madurai,North,Clothing,Jacket,45945.68,2.29,7580.69,3,Net Banking,2025-05-17
7314,Molly Reynolds,Coimbatore,South,Groceries,Rice,23783.33,27.69,3154.64,9,UPI,2025-01-09
7315,Crystal Sparks,Salem,North,Furniture,Sofa,4223.16,11.09,553.25,10,UPI,2025-02-11
7316,Bryan Gonzalez,Salem,West,Furniture,Table,23500.72,21.11,4740.58,5,UPI,2025-12-01
7317,Michael Johnson,Tirunelveli,West,Clothing,Jacket,20736.64,6.31,3804.55,6,Net Banking,2024-04-08
7318,Jessica Rodriguez,Chennai,North,Groceries,Rice,14785.95,2.45,1180.02,10,Card,2025-07-07
7319,Annette Ruiz,Chennai,North,Clothing,Jeans,21950.77,12.42,4905.88,10,Cash,2025-01-20
7320,Caitlin Burke,Trichy,East,Sports,Gym Bag,29938.19,12,4645.97,10,UPI,2024-07-08
7321,Jasmine Brown,Madurai,South,Electronics,Mobile,17888.72,5.28,4112.12,10,Cash,2025-12-10
7322,Mr. Tyler Ayala,Coimbatore,North,Groceries,Oil,15010.65,11.41,2444.77,9,UPI,2025-08-29
7323,Linda Cook,Madurai,North,Groceries,Oil,27062.28,19.1,2568.96,6,Cash,2024-05-01
7324,Brenda Johnson,Salem,East,Furniture,Cupboard,7358.45,9.08,1164.05,7,Card,2025-07-22
7325,Debra Mills,Tirunelveli,East,Furniture,Chair,30617.8,12.46,4584.53,5,Net Banking,2025-08-14
7326,Michael Medina,Chennai,East,Sports,Football,9986.28,19.44,763.12,7,UPI,2025-02-09
7327,Derek Armstrong,Coimbatore,West,Groceries,Milk,33134.29,15.61,6252.45,1,Cash,2025-08-24
7328,Jacob Moses MD,Tirunelveli,South,Groceries,Snacks,33503.46,18.53,3700.76,8,Net Banking,2024-02-14
7329,Philip Dunn,Tirunelveli,South,Furniture,Sofa,11617.56,21.79,865.9,8,Net Banking,2025-12-14
7330,Valerie Lindsey,Trichy,North,Electronics,Mobile,5940.38,14.94,1115.23,2,Card,2025-10-24
7331,James Baker,Tirunelveli,East,Clothing,Kurti,16823.97,24.44,4193.24,4,Net Banking,2024-10-11
7332,Clayton Stephens,Salem,North,Furniture,Sofa,33145.62,23.85,5944.9,7,Card,2025-07-03
7333,Ryan Levy,Coimbatore,South,Groceries,Milk,28069.72,27.18,2272.29,5,Cash,2024-07-05
7334,Mariah Thompson,Chennai,South,Sports,Football,45347.17,13.59,7217.22,4,Cash,2025-05-01
7335,Louis Vega,Coimbatore,East,Sports,Cricket Bat,4183.14,8.58,444.54,8,UPI,2025-03-22
7336,Michael Marquez,Trichy,North,Sports,Football,21964.46,8.2,4636.95,2,Cash,2024-01-19
7337,Logan Snyder,Salem,West,Groceries,Oil,3250.73,6.26,772.35,5,UPI,2024-05-03
7338,Brandy Foster,Trichy,South,Furniture,Cupboard,7185.23,20.92,462.88,7,Cash,2024-11-11
7339,Amber Terry DDS,Trichy,West,Electronics,Smart Watch,23257.46,11.66,5482.57,8,Card,2024-05-22
7340,Frederick Smith,Trichy,South,Groceries,Rice,39184.9,27.76,6723.31,9,Net Banking,2024-09-30
7341,Diane Oneill,Chennai,East,Electronics,Laptop,3510.59,8.11,216.14,1,Card,2025-12-19
7342,Robert Lee,Coimbatore,West,Groceries,Snacks,48441.59,9.49,8311.36,4,Cash,2025-02-18
7343,Sherry Roach,Trichy,West,Sports,Gym Bag,15927.01,23.51,1223.12,6,UPI,2025-05-14
7344,Philip Cannon,Coimbatore,East,Clothing,Jacket,40121.41,8.69,6761.58,3,Card,2024-09-18
7345,Yvonne Smith,Trichy,South,Electronics,Laptop,15445.93,4.14,2986.31,4,UPI,2025-02-08
7346,Brenda Buchanan,Chennai,North,Groceries,Milk,6419.77,23.33,1401.71,4,UPI,2024-02-07
7347,Keith Smith,Salem,East,Furniture,Chair,4799.83,24.81,704.51,9,Net Banking,2025-07-05
7348,Melissa Clayton,Salem,South,Furniture,Sofa,5133.45,15.63,1203.96,2,UPI,2024-07-03
7349,Katherine Russell,Chennai,South,Electronics,Mobile,39907.18,18.56,3096.92,2,Cash,2024-04-30
7350,Adam Smith,Coimbatore,East,Groceries,Snacks,35406.62,15.38,6698.73,5,UPI,2024-03-14
7351,Melissa Ortiz,Chennai,North,Sports,Cricket Bat,28154.66,11.02,3397.7,8,Card,2025-10-26
7352,Mary Howard,Coimbatore,West,Sports,Gym Bag,6136.72,9.03,1003.24,10,UPI,2024-02-23
7353,Alexandra Adams,Madurai,West,Clothing,Jacket,22385.78,19.3,4368.7,7,Card,2025-12-16
7354,Monica Austin MD,Tirunelveli,South,Sports,Football,11627.87,11.03,1175.67,8,UPI,2024-06-03
7355,Mitchell Mccarthy,Tirunelveli,West,Electronics,Laptop,23282.69,15.83,2045.98,6,Cash,2025-07-19
7356,Lisa Murphy,Tirunelveli,North,Furniture,Table,10081.03,1.43,540.75,1,Card,2025-04-27
7357,Ricky Schaefer,Salem,South,Groceries,Oil,21821.44,25.93,3544.77,5,Net Banking,2024-10-23
7358,Maureen Jones,Tirunelveli,East,Clothing,Jeans,9638.71,16.51,1960.84,1,UPI,2025-05-22
7359,Sandra Taylor,Salem,East,Sports,Cricket Bat,49874.74,9.57,4056.64,4,UPI,2025-10-05
7360,Mercedes Neal,Chennai,North,Electronics,Smart Watch,5988.14,10.12,1158.07,4,Cash,2025-08-03
7361,William Shaw,Salem,West,Sports,Cricket Bat,46869.2,13.02,6707.53,8,Net Banking,2024-03-08
7362,Cassandra Perez,Tirunelveli,South,Electronics,Laptop,9085.21,0.56,1725.87,10,Card,2025-11-04
7363,Paul Butler,Salem,West,Sports,Shoes,6090.56,13.43,1475.46,10,UPI,2024-06-04
7364,Nathan Stewart,Madurai,East,Furniture,Chair,5477.01,25.71,1022.42,10,UPI,2025-01-28
7365,Kathryn Scott,Chennai,East,Groceries,Oil,42261.38,6.71,4263.41,10,UPI,2025-02-28
7366,Sarah Thomas,Chennai,West,Furniture,Chair,18975.13,17.62,3933.7,7,Net Banking,2024-10-30
7367,Edward Graves,Chennai,East,Groceries,Milk,21132.09,23.68,1921.01,1,Cash,2024-12-26
7368,Savannah Nguyen,Salem,North,Electronics,Smart Watch,16392.95,18.42,1967.22,9,Net Banking,2025-08-16
7369,John Lang,Salem,South,Furniture,Sofa,21236.53,5.67,1095.73,7,Card,2025-08-29
7370,Joan Rogers,Coimbatore,North,Sports,Shoes,6768.64,18.87,832.12,4,Card,2025-09-05
7371,Dr. Kristopher Brown,Coimbatore,North,Clothing,Jacket,44879.58,11.37,7790.43,8,Card,2025-02-16
7372,Michelle White,Trichy,North,Clothing,Kurti,43679.27,20.63,2350.41,6,UPI,2024-08-30
7373,Sean Perez,Tirunelveli,East,Sports,Football,9773.85,3.73,512.7,4,Card,2025-08-24
7374,Nancy Jensen,Chennai,North,Clothing,Kurti,35956.84,25.68,2292.29,4,Card,2025-02-02
7375,Brian Green,Salem,East,Electronics,Laptop,46199.66,9.36,4587.82,8,UPI,2024-08-02
7376,Keith Olson,Tirunelveli,South,Furniture,Sofa,25897.69,26.21,2386.17,6,Card,2024-10-30
7377,Tammy Contreras,Trichy,North,Sports,Football,38773.53,20.11,6795.05,10,Card,2025-04-03
7378,Erika Mills,Chennai,East,Groceries,Rice,30033.27,16.25,1908.54,9,Card,2024-09-25
7379,Cynthia Simmons,Madurai,North,Electronics,Smart Watch,29570.64,11.67,4554.78,7,Cash,2024-09-23
7380,Amber Black,Chennai,East,Furniture,Sofa,4480.17,16.87,893.77,1,Net Banking,2025-08-10
7381,Steven Warner,Trichy,South,Furniture,Chair,36499.53,9.8,5180.63,4,Cash,2025-05-23
7382,Kyle Keller,Tirunelveli,West,Furniture,Sofa,22636.09,13.24,2055.81,4,UPI,2024-10-16
7383,Nicholas Park,Tirunelveli,North,Groceries,Oil,13811.06,13.75,2716.56,8,Net Banking,2025-11-06
7384,Anthony Bernard,Tirunelveli,West,Sports,Gym Bag,13294.26,5.31,1092.4,5,Cash,2025-01-18
7385,David Esparza,Tirunelveli,North,Groceries,Milk,33745.94,12.9,4863.32,2,UPI,2025-06-12
7386,Paul Hill,Salem,East,Groceries,Snacks,23740.07,24.46,4778.26,5,Net Banking,2024-03-30
7387,Robert Lynch,Trichy,South,Groceries,Milk,13053.93,24.41,2451.37,3,Cash,2024-07-18
7388,Margaret Dixon,Trichy,East,Furniture,Chair,28834.45,10.52,4774.9,4,Cash,2025-12-13
7389,Tony Woodward,Chennai,West,Sports,Gym Bag,25651.91,29.78,3069.39,8,Net Banking,2024-04-02
7390,Wanda Ruiz,Coimbatore,East,Electronics,Mobile,39742.45,26.7,7802.39,10,Cash,2024-10-21
7391,Sandra Wright,Tirunelveli,West,Clothing,Kurti,13356.24,28.22,791.84,7,UPI,2025-06-18
7392,Alex Lee,Trichy,East,Electronics,Mobile,32666.86,28.93,3759.54,10,Net Banking,2025-06-13
7393,Glenda Osborn,Tirunelveli,North,Furniture,Table,15971.09,7.61,3258.69,4,Card,2024-11-27
7394,Taylor Pace,Salem,West,Clothing,T-Shirt,20683.48,10.35,2378.59,4,UPI,2024-02-19
7395,Erica Murphy,Chennai,South,Electronics,Laptop,45032.1,3.71,4270.18,6,Cash,2025-01-27
7396,Stacey Mcdonald,Madurai,East,Clothing,Jacket,23815.22,9.79,1562.16,4,UPI,2025-10-13
7397,Suzanne Vaughn,Tirunelveli,North,Groceries,Milk,14419.62,28.38,1861.94,6,Net Banking,2025-10-15
7398,Danielle Oneill,Salem,West,Groceries,Oil,34737.38,13.23,7698.35,2,Card,2024-06-29
7399,Brian Gray,Salem,South,Clothing,Jacket,26515.81,7.01,4354.32,7,Net Banking,2025-03-30
7400,Kathleen Knox,Salem,West,Electronics,Headphones,41756.12,13.2,7333.17,10,UPI,2024-10-31
7401,Melissa Cole,Trichy,West,Electronics,Mobile,38251.42,23.32,5901.96,9,Card,2025-04-05
7402,Angela Jones,Salem,East,Electronics,Headphones,26166.99,15.36,4497.84,4,Card,2024-02-10
7403,Yesenia Harper,Madurai,South,Furniture,Chair,5491.51,26.05,1332.52,7,Cash,2024-07-06
7404,Raymond Sellers,Trichy,East,Sports,Gym Bag,12954.85,29.34,793.39,7,UPI,2024-02-26
7405,Victor Lucas,Coimbatore,North,Sports,Gym Bag,24272.22,11.3,2648.72,2,UPI,2025-12-16
7406,Alicia Higgins,Chennai,East,Electronics,Laptop,33435.33,14.42,7203.87,3,Card,2025-03-23
7407,Victoria Moore,Coimbatore,South,Sports,Shoes,45084.42,27.09,3453.01,7,UPI,2025-03-04
7408,Amber Lara,Trichy,East,Sports,Gym Bag,22721.79,17.25,2126.18,9,Cash,2025-03-01
7409,David Perkins,Tirunelveli,East,Clothing,Jeans,46340.85,28.92,3602.32,9,UPI,2025-09-23
7410,Luis Juarez,Madurai,North,Groceries,Milk,43966.61,7.87,7579.5,6,Card,2024-02-25
7411,Andrew Kennedy,Chennai,South,Furniture,Table,37874.6,19.91,5182.36,2,Cash,2024-07-28
7412,Kristen Morgan,Coimbatore,East,Groceries,Rice,35410.51,6.27,3356.18,10,UPI,2024-02-17
7413,Zachary Williams,Tirunelveli,North,Sports,Gym Bag,42873.46,16.58,7799.22,10,Card,2024-03-24
7414,Tracey Wolfe,Chennai,North,Clothing,Jacket,12142.12,16.63,2508.66,10,Net Banking,2024-02-07
7415,Christopher Suarez,Coimbatore,North,Sports,Gym Bag,40876.76,2.82,8352.04,4,Card,2025-06-27
7416,Miranda Wilson,Madurai,West,Furniture,Table,31655.36,23.12,7001.43,8,Card,2024-02-27
7417,Kimberly Orozco,Salem,East,Groceries,Snacks,31981.41,15.34,6337.24,8,Card,2025-11-19
7418,Jonathan Patel,Coimbatore,North,Furniture,Table,5742.54,8.51,1004.52,1,Net Banking,2024-03-31
7419,Erica Hernandez,Trichy,West,Furniture,Table,30767,15.2,7522.79,9,Net Banking,2025-10-02
7420,Matthew Skinner,Salem,South,Electronics,Laptop,13563.97,4.21,2533.84,9,Net Banking,2025-06-12
7421,Michelle Ruiz,Trichy,South,Electronics,Laptop,44974.57,11.51,10963.09,1,Cash,2024-12-12
7422,Justin Barker,Chennai,South,Electronics,Laptop,38782.68,6.58,6973.69,5,UPI,2024-04-14
7423,Ruth Johnson,Tirunelveli,West,Electronics,Laptop,2138.44,1.12,212.18,6,Card,2024-07-19
7424,David Stewart,Chennai,North,Groceries,Rice,1634.23,6.11,283.35,5,Card,2024-11-11
7425,Laura Williams,Tirunelveli,North,Electronics,Laptop,41046.16,2.87,5795.59,7,Cash,2024-04-29
7426,Vanessa Watkins,Salem,West,Furniture,Cupboard,40292.5,5.7,6684.63,10,Card,2024-09-27
7427,Shelley Andrade MD,Chennai,West,Electronics,Laptop,2409.48,9.78,310.37,2,Net Banking,2024-12-19
7428,Angela Hall,Coimbatore,North,Furniture,Sofa,32351.45,11.53,8013.62,9,Cash,2024-05-26
7429,Scott Montgomery,Madurai,East,Groceries,Oil,37257.66,19.34,5152.22,7,Cash,2025-07-16
7430,Shannon Padilla,Tirunelveli,North,Electronics,Laptop,15353.81,8.95,2357.9,5,Cash,2024-12-25
7431,Patty Morris,Chennai,West,Furniture,Cupboard,42416.12,25.65,4130.7,8,Card,2025-11-13
7432,Scott Lyons,Trichy,West,Sports,Gym Bag,6747.34,5.61,1237.51,7,UPI,2025-05-07
7433,Anna Morgan,Trichy,South,Sports,Football,42081.69,19.66,8875.68,1,Cash,2025-03-21
7434,Christopher Holmes,Coimbatore,East,Electronics,Laptop,20909.84,22.95,2350.89,10,UPI,2024-07-22
7435,Steve Bowman,Coimbatore,West,Furniture,Cupboard,44089,5.16,4945.42,8,Cash,2025-01-09
7436,Amy Young,Madurai,South,Groceries,Snacks,15873.69,28.76,3320.23,4,Card,2025-05-01
7437,Rachael Shaw,Tirunelveli,North,Furniture,Table,45060.15,7.58,9616.12,2,UPI,2025-12-31
7438,Brianna Burns,Trichy,West,Clothing,Jeans,44974.1,8.12,4057.71,9,UPI,2024-08-23
7439,John Baird,Salem,East,Sports,Gym Bag,26677.36,1.19,5882.62,2,Net Banking,2024-08-18
7440,Jeffrey Barron,Tirunelveli,West,Furniture,Chair,4107.43,6.81,786.36,8,Cash,2024-07-08
7441,Scott Sherman,Tirunelveli,North,Clothing,Kurti,21398.94,11.88,3997.46,10,Card,2024-12-26
7442,Elizabeth Torres,Chennai,East,Groceries,Snacks,40108.55,15.09,4935.34,1,Card,2025-02-02
7443,Madison Edwards,Madurai,East,Groceries,Milk,43891.91,12.22,3047.63,3,Cash,2024-10-23
7444,Troy Rogers,Chennai,North,Electronics,Mobile,16959.64,21.44,1625.14,9,Cash,2024-08-20
7445,Alex Parker,Tirunelveli,West,Sports,Gym Bag,25073.87,24.64,5398.59,3,Cash,2024-04-08
7446,Linda Villanueva,Tirunelveli,East,Electronics,Headphones,12800.38,26.2,1085.17,8,UPI,2025-04-07
7447,Keith Clark,Chennai,North,Groceries,Oil,20758.34,9.57,4395.71,4,Card,2024-02-14
7448,Francisco Lewis,Madurai,South,Groceries,Oil,5662.1,7.26,1164.97,2,Cash,2024-02-14
7449,James Armstrong,Trichy,North,Furniture,Chair,49855.57,6.94,7818.59,8,UPI,2025-12-01
7450,Amy Lopez,Chennai,North,Groceries,Rice,13832.35,13.1,3308.6,8,Card,2024-02-03
7451,Melody Jennings,Trichy,East,Sports,Gym Bag,44479.98,4.62,2485.56,7,Net Banking,2025-07-03
7452,Kelly Haley,Trichy,West,Clothing,Jacket,12974.8,18.09,1903.46,3,Card,2024-08-20
7453,Jacqueline Norton,Tirunelveli,West,Furniture,Cupboard,42536.12,23.55,2138.36,4,Cash,2025-12-03
7454,David Weber,Chennai,North,Groceries,Oil,24552.96,29.49,1435.29,7,Net Banking,2024-11-28
7455,Richard Jackson,Trichy,East,Groceries,Milk,36275.61,13.96,2288.91,3,Cash,2025-04-23
7456,Casey Chavez,Salem,South,Clothing,Kurti,30007.08,26.85,5982.55,9,Net Banking,2025-08-20
7457,Lauren Reed,Salem,East,Clothing,Jeans,37673.07,21.88,9210.06,8,UPI,2024-01-23
7458,Shannon Terrell,Trichy,West,Clothing,T-Shirt,1497.96,7.57,283.04,9,UPI,2025-03-03
7459,Jerry Wallace,Madurai,West,Furniture,Cupboard,11625.31,7.28,2738.35,8,UPI,2024-11-18
7460,Amy Hamilton,Salem,North,Groceries,Snacks,9193.72,25.01,1539.77,7,UPI,2024-11-06
7461,Christopher Brown,Chennai,North,Electronics,Laptop,40968.09,23.22,4537.31,4,Net Banking,2025-02-27
7462,Dr. Crystal Reeves,Chennai,West,Clothing,Jeans,30161.02,3.33,2150.77,7,UPI,2024-07-03
7463,Tiffany Joseph,Madurai,East,Sports,Cricket Bat,10678.04,10.56,1415.83,4,Cash,2024-04-04
7464,Vanessa Jensen,Madurai,South,Sports,Football,18838.07,14.62,3362.72,8,Card,2025-12-25
7465,Patricia Dunn,Chennai,South,Electronics,Mobile,34332.28,2.32,2541.01,3,UPI,2025-12-17
7466,Veronica Tate,Salem,West,Clothing,Jacket,9874.56,4.82,936.62,1,Cash,2025-08-20
7467,Richard Chandler,Trichy,North,Sports,Football,38831.19,7.84,9011.11,1,Net Banking,2024-03-13
7468,Sharon Cook,Madurai,North,Sports,Cricket Bat,14654.49,8.22,1484.79,10,UPI,2025-12-21
7469,Stephanie Juarez,Trichy,West,Groceries,Milk,26066.5,18.31,6454.88,6,Card,2024-12-08
7470,Steven Smith,Chennai,North,Furniture,Sofa,43120.11,1.65,2914.6,4,Net Banking,2024-06-21
7471,Ronald Floyd,Tirunelveli,East,Furniture,Cupboard,31915.37,12.45,2584.99,4,Net Banking,2024-01-21
7472,Elizabeth Boyd,Salem,North,Groceries,Oil,46432.85,22.56,3367.32,8,UPI,2025-01-10
7473,Elizabeth Carroll,Chennai,East,Groceries,Oil,42670.31,9.12,5164.85,3,Cash,2024-10-31
7474,Matthew Singh,Trichy,East,Clothing,Jeans,25194.33,14.09,3825.62,8,Card,2025-10-14
7475,Mark Edwards,Tirunelveli,South,Furniture,Table,21962.42,26.34,4176,6,Card,2024-06-22
7476,Randy Brown,Tirunelveli,East,Electronics,Smart Watch,33969.7,3.39,3612.11,9,Net Banking,2024-10-14
7477,Jessica Walls,Coimbatore,North,Sports,Shoes,41703.72,18.3,3585.71,5,Card,2025-07-06
7478,Theresa Hoffman,Coimbatore,North,Groceries,Rice,6403.98,24.27,1531.97,5,UPI,2025-03-24
7479,Michael Long,Trichy,East,Sports,Football,13713.22,0.52,1304.57,5,Net Banking,2025-05-25
7480,Lindsay Klein,Chennai,North,Clothing,Jeans,41025.55,9.05,2203.63,1,Net Banking,2024-07-07
7481,Brianna Wilson,Chennai,South,Clothing,Jacket,16308.02,24.8,3886.57,9,Net Banking,2024-04-30
7482,Andres Beard,Trichy,West,Groceries,Oil,15420.16,16.86,3710.27,3,UPI,2025-02-22
7483,Kristin Summers,Madurai,West,Groceries,Snacks,13521.28,28.2,2816.04,5,UPI,2025-11-11
7484,Michael Sherman MD,Coimbatore,West,Furniture,Table,26597.17,2.15,1570.41,9,Net Banking,2025-03-03
7485,Stephanie Warner,Tirunelveli,North,Furniture,Table,40289.79,20.02,7801.83,6,UPI,2025-11-08
7486,Nicole Sanchez,Tirunelveli,North,Clothing,Kurti,5293.39,16.92,358,8,Card,2024-10-24
7487,Heather Reyes,Trichy,West,Electronics,Mobile,24629.67,9.36,2701.75,9,Net Banking,2024-11-21
7488,Audrey Travis,Madurai,North,Electronics,Smart Watch,21076.41,26.85,4506.8,9,UPI,2025-10-19
7489,Kelly Huff,Coimbatore,East,Furniture,Table,28947.31,10.97,1452.67,7,Cash,2024-01-31
7490,Michelle Davidson,Tirunelveli,North,Clothing,Kurti,38392.97,8.83,6581.11,10,Cash,2024-07-09
7491,Matthew Cunningham,Madurai,North,Electronics,Laptop,19488.76,8.29,1605.18,2,Card,2025-05-09
7492,Mark Newman,Salem,North,Clothing,Kurti,13522.11,12.26,1341.22,8,Card,2024-10-20
7493,Lisa Dunn,Madurai,East,Furniture,Cupboard,9909.07,7.26,816.63,3,UPI,2024-01-18
7494,Christopher Blackwell,Tirunelveli,North,Clothing,Jacket,24584.42,29.53,5313.76,7,Card,2025-06-28
7495,Jared Shaw,Chennai,South,Sports,Cricket Bat,37503.03,0.26,7038.95,8,Cash,2025-01-02
7496,Paul Lutz,Chennai,West,Sports,Football,31109.25,5.65,1868.7,2,Cash,2024-07-23
7497,Kristen Nichols,Chennai,North,Groceries,Milk,36463.95,12.81,6778.32,1,Cash,2025-01-22
7498,Brandon Adkins,Tirunelveli,North,Furniture,Chair,42692.31,10,4727.1,6,UPI,2024-09-27
7499,Karen Davidson,Madurai,South,Furniture,Chair,29658.17,21.13,5632.31,6,Card,2025-01-18
7500,Veronica Howell,Madurai,South,Electronics,Laptop,2912.79,1.75,357.65,2,Net Banking,2025-12-29
